item_id,name,category,price,price_sar,warranty_months,shelf_life,benefit,good_for,goes_with,designer,link
90420332,"FREKVENS - Bar table, in/outdoor, 51x51 cm",Bar furniture,6228,265.0,24,,raised seating and tables for a casual bar or kitchen counter,"kitchen, guests, small-room",Bar furniture; Cafe furniture,Nicholai Wiig Hansen,https://www.ikea.com/sa/en/p/frekvens-bar-table-in-outdoor-black-90420332/
368814,"NORDVIKEN - Bar table, 140x80 cm",Bar furniture,23382,995.0,24,,raised seating and tables for a casual bar or kitchen counter,"kitchen, guests, small-room",Bar furniture; Cafe furniture,Francis Cayouette,https://www.ikea.com/sa/en/p/nordviken-bar-table-black-00368814/
9333523,NORDVIKEN / NORDVIKEN - Bar table and 4 bar stools,Bar furniture,49232,2095.0,24,,raised seating and tables for a casual bar or kitchen counter,"kitchen, guests, small-room",Bar furniture; Cafe furniture,Francis Cayouette,https://www.ikea.com/sa/en/p/nordviken-nordviken-bar-table-and-4-bar-stools-black-black-s09333523/
80155205,"STIG - Bar stool with backrest, 74 cm",Bar furniture,1622,69.0,24,,raised seating and tables for a casual bar or kitchen counter,"kitchen, guests, small-room",Bar furniture; Cafe furniture,Henrik Preutz,https://www.ikea.com/sa/en/p/stig-bar-stool-with-backrest-black-silver-colour-80155205/
30180504,"NORBERG - Wall-mounted drop-leaf table, 74x60 cm",Bar furniture,5288,225.0,24,,raised seating and tables for a casual bar or kitchen counter,"kitchen, guests, small-room",Bar furniture; Cafe furniture,Marcus Arvonen,https://www.ikea.com/sa/en/p/norberg-wall-mounted-drop-leaf-table-white-30180504/
10122647,"INGOLF - Bar stool with backrest, 63 cm",Bar furniture,8108,345.0,24,,raised seating and tables for a casual bar or kitchen counter,"kitchen, guests, small-room",Bar furniture; Cafe furniture,Carina Bengs,https://www.ikea.com/sa/en/p/ingolf-bar-stool-with-backrest-white-10122647/
70404875,"FRANKLIN - Bar stool with backrest, foldable, 63 cm",Bar furniture,3032,129.0,24,,raised seating and tables for a casual bar or kitchen counter,"kitchen, guests, small-room",Bar furniture; Cafe furniture,K Hagberg/M Hagberg,https://www.ikea.com/sa/en/p/franklin-bar-stool-with-backrest-foldable-white-white-70404875/
60155602,"DALFRED - Bar stool, 63-74 cm",Bar furniture,4582,195.0,24,,raised seating and tables for a casual bar or kitchen counter,"kitchen, guests, small-room",Bar furniture; Cafe furniture,Sarah Fager,https://www.ikea.com/sa/en/p/dalfred-bar-stool-black-60155602/
50406465,"FRANKLIN - Bar stool with backrest, foldable, 63 cm",Bar furniture,3032,129.0,24,,raised seating and tables for a casual bar or kitchen counter,"kitchen, guests, small-room",Bar furniture; Cafe furniture,K Hagberg/M Hagberg,https://www.ikea.com/sa/en/p/franklin-bar-stool-with-backrest-foldable-black-black-50406465/
69304221,EKEDALEN / EKEDALEN - Bar table and 4 bar stools,Bar furniture,51136,2176.0,24,,raised seating and tables for a casual bar or kitchen counter,"kitchen, guests, small-room",Bar furniture; Cafe furniture,Ehlén Johansson,https://www.ikea.com/sa/en/p/ekedalen-ekedalen-bar-table-and-4-bar-stools-dark-brown-orrsta-light-grey-s69304221/
90404879,"FRANKLIN - Bar stool with backrest, foldable, 74 cm",Bar furniture,3502,149.0,24,,raised seating and tables for a casual bar or kitchen counter,"kitchen, guests, small-room",Bar furniture; Cafe furniture,K Hagberg/M Hagberg,https://www.ikea.com/sa/en/p/franklin-bar-stool-with-backrest-foldable-white-white-90404879/
121766,"INGOLF - Bar stool with backrest, 74 cm",Bar furniture,9282,395.0,24,,raised seating and tables for a casual bar or kitchen counter,"kitchen, guests, small-room",Bar furniture; Cafe furniture,Carina Bengs,https://www.ikea.com/sa/en/p/ingolf-bar-stool-with-backrest-white-00121766/
397736,"NORRARYD - Bar stool with backrest, 74 cm",Bar furniture,9282,395.0,24,,raised seating and tables for a casual bar or kitchen counter,"kitchen, guests, small-room",Bar furniture; Cafe furniture,Nike Karlsson,https://www.ikea.com/sa/en/p/norraryd-bar-stool-with-backrest-black-00397736/
50420329,"FREKVENS - Bar stool with backrest, in/outdoor, 74 cm",Bar furniture,4160,177.0,24,,raised seating and tables for a casual bar or kitchen counter,"kitchen, guests, small-room",Bar furniture; Cafe furniture,Nicholai Wiig Hansen,https://www.ikea.com/sa/en/p/frekvens-bar-stool-with-backrest-in-outdoor-black-50420329/
400550,"EKEDALEN - Bar stool with backrest, 75 cm",Bar furniture,8108,345.0,24,,raised seating and tables for a casual bar or kitchen counter,"kitchen, guests, small-room",Bar furniture; Cafe furniture,Ehlén Johansson,https://www.ikea.com/sa/en/p/ekedalen-bar-stool-with-backrest-brown-orrsta-light-grey-00400550/
29304826,"TOMMARYD - Table, 130x70/105 cm",Bar furniture,16332,695.0,24,,raised seating and tables for a casual bar or kitchen counter,"kitchen, guests, small-room",Bar furniture; Cafe furniture,Maja Ganszyniec,https://www.ikea.com/sa/en/p/tommaryd-table-anthracite-s29304826/
40426138,"HENRIKSDAL - Bar stool with backrest frame, 74 cm",Bar furniture,9282,395.0,24,,raised seating and tables for a casual bar or kitchen counter,"kitchen, guests, small-room",Bar furniture; Cafe furniture,Karl Malmvall,https://www.ikea.com/sa/en/p/henriksdal-bar-stool-with-backrest-frame-dark-brown-40426138/
50363649,KULLABERG - Stool,Bar furniture,3290,140.0,24,,raised seating and tables for a casual bar or kitchen counter,"kitchen, guests, small-room",Bar furniture; Cafe furniture,Sarah Fager,https://www.ikea.com/sa/en/p/kullaberg-stool-black-50363649/
70246089,"JANINGE - Bar stool, 76 cm",Bar furniture,13982,595.0,24,,raised seating and tables for a casual bar or kitchen counter,"kitchen, guests, small-room",Bar furniture; Cafe furniture,John/Jonas/Petrus/Paul/Caroline,https://www.ikea.com/sa/en/p/janinge-bar-stool-white-70246089/
60406785,"FRANKLIN - Bar stool with backrest, foldable, 74 cm",Bar furniture,3502,149.0,24,,raised seating and tables for a casual bar or kitchen counter,"kitchen, guests, small-room",Bar furniture; Cafe furniture,K Hagberg/M Hagberg,https://www.ikea.com/sa/en/p/franklin-bar-stool-with-backrest-foldable-black-black-60406785/
340759,"EKEDALEN - Bar table, 120x80 cm",Bar furniture,23382,995.0,24,,raised seating and tables for a casual bar or kitchen counter,"kitchen, guests, small-room",Bar furniture; Cafe furniture,Ehlén Johansson,https://www.ikea.com/sa/en/p/ekedalen-bar-table-white-00340759/
30352246,"RÅSKOG - Bar stool, 63 cm",Bar furniture,4112,175.0,24,,raised seating and tables for a casual bar or kitchen counter,"kitchen, guests, small-room",Bar furniture; Cafe furniture,Nike Karlsson,https://www.ikea.com/sa/en/p/raskog-bar-stool-black-30352246/
10281354,"JANINGE - Bar stool, 76 cm",Bar furniture,13982,595.0,24,,raised seating and tables for a casual bar or kitchen counter,"kitchen, guests, small-room",Bar furniture; Cafe furniture,John/Jonas/Petrus/Paul/Caroline,https://www.ikea.com/sa/en/p/janinge-bar-stool-grey-10281354/
90400517,"EKEDALEN - Bar table, 120x80 cm",Bar furniture,18706,796.0,24,,raised seating and tables for a casual bar or kitchen counter,"kitchen, guests, small-room",Bar furniture; Cafe furniture,Ehlén Johansson,https://www.ikea.com/sa/en/p/ekedalen-bar-table-dark-brown-90400517/
400545,"EKEDALEN - Bar stool with backrest, 75 cm",Bar furniture,8108,345.0,24,,raised seating and tables for a casual bar or kitchen counter,"kitchen, guests, small-room",Bar furniture; Cafe furniture,Ehlén Johansson,https://www.ikea.com/sa/en/p/ekedalen-bar-stool-with-backrest-white-orrsta-light-grey-00400545/
10400540,"EKEDALEN - Bar stool with backrest, 75 cm",Bar furniture,8108,345.0,24,,raised seating and tables for a casual bar or kitchen counter,"kitchen, guests, small-room",Bar furniture; Cafe furniture,Ehlén Johansson,https://www.ikea.com/sa/en/p/ekedalen-bar-stool-with-backrest-dark-brown-orrsta-light-grey-10400540/
40400529,"EKEDALEN - Bar table, 120x80 cm",Bar furniture,18706,796.0,24,,raised seating and tables for a casual bar or kitchen counter,"kitchen, guests, small-room",Bar furniture; Cafe furniture,Ehlén Johansson,https://www.ikea.com/sa/en/p/ekedalen-bar-table-brown-40400529/
90319918,"HENRIKSDAL - Bar stool with backrest, 74 cm",Bar furniture,16332,695.0,24,,raised seating and tables for a casual bar or kitchen counter,"kitchen, guests, small-room",Bar furniture; Cafe furniture,Karl Malmvall,https://www.ikea.com/sa/en/p/henriksdal-bar-stool-with-backrest-brown-black-glose-black-90319918/
29297227,STENSELE / NORRARYD - Bar table and 2 bar stools,Bar furniture,31490,1340.0,24,,raised seating and tables for a casual bar or kitchen counter,"kitchen, guests, small-room",Bar furniture; Cafe furniture,Nike Karlsson/Maja Ganszyniec,https://www.ikea.com/sa/en/p/stensele-norraryd-bar-table-and-2-bar-stools-anthracite-anthracite-black-s29297227/
99323925,"STENSELE - Bar table, 70x70 cm",Bar furniture,12925,550.0,24,,raised seating and tables for a casual bar or kitchen counter,"kitchen, guests, small-room",Bar furniture; Cafe furniture,Maja Ganszyniec,https://www.ikea.com/sa/en/p/stensele-bar-table-anthracite-anthracite-s99323925/
40339004,"NORRÅKER - Bar table, 74x74 cm",Bar furniture,13982,595.0,24,,raised seating and tables for a casual bar or kitchen counter,"kitchen, guests, small-room",Bar furniture; Cafe furniture,J Karlsson/N Karlsson,https://www.ikea.com/sa/en/p/norraker-bar-table-black-40339004/
39184324,"HENRIKSDAL - Bar stool with backrest, 74 cm",Bar furniture,10222,435.0,24,,raised seating and tables for a casual bar or kitchen counter,"kitchen, guests, small-room",Bar furniture; Cafe furniture,IKEA of Sweden/Karl Malmvall,https://www.ikea.com/sa/en/p/henriksdal-bar-stool-with-backrest-brown-black-graesbo-white-s39184324/
19297275,"NORRÅKER / NORRÅKER - Bar table and 2 bar stools, 74 cm",Bar furniture,29751,1266.0,24,,raised seating and tables for a casual bar or kitchen counter,"kitchen, guests, small-room",Bar furniture; Cafe furniture,J Karlsson/N Karlsson,https://www.ikea.com/sa/en/p/norraker-norraker-bar-table-and-2-bar-stools-birch-birch-s19297275/
60400745,"YNGVAR - Bar stool, 75 cm",Bar furniture,11162,475.0,24,,raised seating and tables for a casual bar or kitchen counter,"kitchen, guests, small-room",Bar furniture; Cafe furniture,IKEA of Sweden,https://www.ikea.com/sa/en/p/yngvar-bar-stool-anthracite-60400745/
20336619,HENRIKSDAL - Cover for bar stool with backrest,Bar furniture,940,40.0,24,,raised seating and tables for a casual bar or kitchen counter,"kitchen, guests, small-room",Bar furniture; Cafe furniture,IKEA of Sweden,https://www.ikea.com/sa/en/p/henriksdal-cover-for-bar-stool-with-backrest-graesbo-white-20336619/
20429010,"NORRÅKER - Bar stool with backrest, 74 cm",Bar furniture,9282,395.0,24,,raised seating and tables for a casual bar or kitchen counter,"kitchen, guests, small-room",Bar furniture; Cafe furniture,J Karlsson/N Karlsson,https://www.ikea.com/sa/en/p/norraker-bar-stool-with-backrest-birch-20429010/
80369112,"NORDVIKEN - Bar stool with backrest, 75 cm",Bar furniture,6462,275.0,24,,raised seating and tables for a casual bar or kitchen counter,"kitchen, guests, small-room",Bar furniture; Cafe furniture,Francis Cayouette,https://www.ikea.com/sa/en/p/nordviken-bar-stool-with-backrest-black-80369112/
89280380,"NORRÅKER / NORRARYD - Bar table and 2 bar stools, 74 cm",Bar furniture,32548,1385.0,24,,raised seating and tables for a casual bar or kitchen counter,"kitchen, guests, small-room",Bar furniture; Cafe furniture,Nike Karlsson/J Karlsson/N Karlsson,https://www.ikea.com/sa/en/p/norraker-norraryd-bar-table-and-2-bar-stools-black-black-s89280380/
29304223,"EKEDALEN / EKEDALEN - Bar table and 4 bar stools, 120 cm",Bar furniture,55812,2375.0,24,,raised seating and tables for a casual bar or kitchen counter,"kitchen, guests, small-room",Bar furniture; Cafe furniture,Ehlén Johansson,https://www.ikea.com/sa/en/p/ekedalen-ekedalen-bar-table-and-4-bar-stools-white-orrsta-light-grey-s29304223/
49304217,"EKEDALEN / EKEDALEN - Bar table and 4 bar stools, 120 cm",Bar furniture,51136,2176.0,24,,raised seating and tables for a casual bar or kitchen counter,"kitchen, guests, small-room",Bar furniture; Cafe furniture,Ehlén Johansson,https://www.ikea.com/sa/en/p/ekedalen-ekedalen-bar-table-and-4-bar-stools-brown-orrsta-light-grey-s49304217/
272656,"BERNHARD - Bar stool with backrest, 66 cm",Bar furniture,17508,745.0,24,,raised seating and tables for a casual bar or kitchen counter,"kitchen, guests, small-room",Bar furniture; Cafe furniture,Ola Wihlborg,https://www.ikea.com/sa/en/p/bernhard-bar-stool-with-backrest-chrome-plated-mjuk-kavat-white-00272656/
79241940,"NORRÅKER / NORRÅKER - Bar table and 2 bar stools, 74 cm",Bar furniture,32548,1385.0,24,,raised seating and tables for a casual bar or kitchen counter,"kitchen, guests, small-room",Bar furniture; Cafe furniture,J Karlsson/N Karlsson,https://www.ikea.com/sa/en/p/norraker-norraker-bar-table-and-2-bar-stools-black-black-s79241940/
89297272,"NORRÅKER / NORRARYD - Bar table and 2 bar stools, 74 cm",Bar furniture,29751,1266.0,24,,raised seating and tables for a casual bar or kitchen counter,"kitchen, guests, small-room",Bar furniture; Cafe furniture,Nike Karlsson/J Karlsson/N Karlsson,https://www.ikea.com/sa/en/p/norraker-norraryd-bar-table-and-2-bar-stools-birch-black-s89297272/
9288224,"STENSELE - Bar table, 70 cm",Bar furniture,12925,550.0,24,,raised seating and tables for a casual bar or kitchen counter,"kitchen, guests, small-room",Bar furniture; Cafe furniture,Maja Ganszyniec,https://www.ikea.com/sa/en/p/stensele-bar-table-anthracite-anthracite-s09288224/
30135658,"GLENN - Bar stool, 77 cm",Bar furniture,10458,445.0,24,,raised seating and tables for a casual bar or kitchen counter,"kitchen, guests, small-room",Bar furniture; Cafe furniture,Marcus Arvonen,https://www.ikea.com/sa/en/p/glenn-bar-stool-white-chrome-plated-30135658/
49297274,"NORRÅKER / NORRÅKER - Bar table and 2 bar stools, 74 cm",Bar furniture,29751,1266.0,24,,raised seating and tables for a casual bar or kitchen counter,"kitchen, guests, small-room",Bar furniture; Cafe furniture,J Karlsson/N Karlsson,https://www.ikea.com/sa/en/p/norraker-norraker-bar-table-and-2-bar-stools-birch-black-s49297274/
30308395,"RÅSKOG - Bar stool, 63 cm",Bar furniture,4112,175.0,24,,raised seating and tables for a casual bar or kitchen counter,"kitchen, guests, small-room",Bar furniture; Cafe furniture,Nike Karlsson,https://www.ikea.com/sa/en/p/raskog-bar-stool-beige-30308395/
29123958,"MINNEN - Ext bed frame with slatted bed base, 80x200 cm",Beds,9282,395.0,120,,a stable frame for restful sleep,"bedroom, sleep",Wardrobes; Chests of drawers & drawer units,IKEA of Sweden/Tina Christensen,https://www.ikea.com/sa/en/p/minnen-ext-bed-frame-with-slatted-bed-base-white-s29123958/
49278341,"BRIMNES - Bed frame w storage and headboard, 90x200 cm",Beds,21032,895.0,120,,a stable frame for restful sleep,"bedroom, sleep",Wardrobes; Chests of drawers & drawer units,IKEA of Sweden/K Hagberg/M Hagberg,https://www.ikea.com/sa/en/p/brimnes-bed-frame-w-storage-and-headboard-white-luroey-s49278341/
50461230,"SMÅGÖRA - Cot, 60x120 cm",Beds,13982,595.0,120,,a stable frame for restful sleep,"bedroom, sleep",Wardrobes; Chests of drawers & drawer units,IKEA of Sweden,https://www.ikea.com/sa/en/p/smagoera-cot-white-50461230/
89326463,"PLATSA - Bed frame with 4 drawers, 140x244x163 cm",Beds,49608,2111.0,120,,a stable frame for restful sleep,"bedroom, sleep",Wardrobes; Chests of drawers & drawer units,Ola Wihlborg/IKEA of Sweden,https://www.ikea.com/sa/en/p/platsa-bed-frame-with-4-drawers-white-fonnes-s89326463/
50468953,VATTVIKEN - Armchair-bed,Beds,23382,995.0,120,,a stable frame for restful sleep,"bedroom, sleep",Wardrobes; Chests of drawers & drawer units,"504.689.53 Small and easy-to-place chair-bed which can easily be converted into a single bed.The storage space under the seat has room for bedlinen or other things.Just as nice to look at from all sides – perfect to place in the middle of the room or use as a room divider.The cushion cover is easy to keep clean and fresh, as you can take it off and machine-wash it.Easy to assemble.1 cushion included.",https://www.ikea.com/sa/en/p/vattviken-armchair-bed-lerhaga-light-grey-50468953/
69326609,"SLÄKT - Ext bed frame with slatted bed base, 80x200 cm",Beds,12690,540.0,120,,a stable frame for restful sleep,"bedroom, sleep",Wardrobes; Chests of drawers & drawer units,IKEA of Sweden/Ebba Strandmark,https://www.ikea.com/sa/en/p/slaekt-ext-bed-frame-with-slatted-bed-base-white-birch-s69326609/
59099136,"BRIMNES - Bed frame w storage and headboard, 140x200 cm",Beds,18682,795.0,120,,a stable frame for restful sleep,"bedroom, sleep",Wardrobes; Chests of drawers & drawer units,K Hagberg/M Hagberg/IKEA of Sweden,https://www.ikea.com/sa/en/p/brimnes-bed-frame-w-storage-and-headboard-white-s59099136/
40395245,"NEIDEN - Bed frame, 90x200 cm",Beds,2326,99.0,120,,a stable frame for restful sleep,"bedroom, sleep",Wardrobes; Chests of drawers & drawer units,Jon Karlsson,https://www.ikea.com/sa/en/p/neiden-bed-frame-pine-40395245/
69277307,"LEIRVIK - Bed frame, 180x200 cm",Beds,28082,1195.0,120,,a stable frame for restful sleep,"bedroom, sleep",Wardrobes; Chests of drawers & drawer units,IKEA of Sweden/Carina Bengs,https://www.ikea.com/sa/en/p/leirvik-bed-frame-white-loenset-s69277307/
70395239,"NEIDEN - Bed frame, 140x200 cm",Beds,4676,199.0,120,,a stable frame for restful sleep,"bedroom, sleep",Wardrobes; Chests of drawers & drawer units,Jon Karlsson,https://www.ikea.com/sa/en/p/neiden-bed-frame-pine-70395239/
89931560,"HEMNES - Bed frame, 140x200 cm",Beds,15862,675.0,120,,a stable frame for restful sleep,"bedroom, sleep",Wardrobes; Chests of drawers & drawer units,IKEA of Sweden/Carina Bengs,https://www.ikea.com/sa/en/p/hemnes-bed-frame-white-stain-s89931560/
30446373,"SLATTUM - Upholstered bed frame, 140x200 cm",Beds,13982,595.0,120,,a stable frame for restful sleep,"bedroom, sleep",Wardrobes; Chests of drawers & drawer units,David Wahl,https://www.ikea.com/sa/en/p/slattum-upholstered-bed-frame-knisa-light-grey-30446373/
59248612,"NEIDEN - Bed frame, 90x200 cm",Beds,4676,199.0,120,,a stable frame for restful sleep,"bedroom, sleep",Wardrobes; Chests of drawers & drawer units,Jon Karlsson/IKEA of Sweden,https://www.ikea.com/sa/en/p/neiden-bed-frame-pine-birch-luroey-s59248612/
19254209,"SAGSTUA - Bed frame, 140x200 cm",Beds,12808,545.0,120,,a stable frame for restful sleep,"bedroom, sleep",Wardrobes; Chests of drawers & drawer units,IKEA of Sweden/Paulin Machado,https://www.ikea.com/sa/en/p/sagstua-bed-frame-white-s19254209/
20400691,"BRIMNES - Bed frame with storage, 90x200 cm",Beds,13512,575.0,120,,a stable frame for restful sleep,"bedroom, sleep",Wardrobes; Chests of drawers & drawer units,K Hagberg/M Hagberg,https://www.ikea.com/sa/en/p/brimnes-bed-frame-with-storage-white-20400691/
39019701,"ASKVOLL - Bed frame, 140x200 cm",Beds,10458,445.0,120,,a stable frame for restful sleep,"bedroom, sleep",Wardrobes; Chests of drawers & drawer units,IKEA of Sweden/K Hagberg/M Hagberg,https://www.ikea.com/sa/en/p/askvoll-bed-frame-white-s39019701/
69912770,"TRYSIL - Bed frame, 160x200 cm",Beds,12338,525.0,120,,a stable frame for restful sleep,"bedroom, sleep",Wardrobes; Chests of drawers & drawer units,K Hagberg/M Hagberg/IKEA of Sweden,https://www.ikea.com/sa/en/p/trysil-bed-frame-white-light-grey-s69912770/
29931596,"MALM - Bed frame, high, 140x200 cm",Beds,11632,495.0,120,,a stable frame for restful sleep,"bedroom, sleep",Wardrobes; Chests of drawers & drawer units,IKEA of Sweden/Eva Lilja Löwenhielm,https://www.ikea.com/sa/en/p/malm-bed-frame-high-white-s29931596/
29179554,"RAMSTA - Day-bed frame with slatted bed base, 90x200 cm",Beds,10458,445.0,120,,a stable frame for restful sleep,"bedroom, sleep",Wardrobes; Chests of drawers & drawer units,IKEA of Sweden,https://www.ikea.com/sa/en/p/ramsta-day-bed-frame-with-slatted-bed-base-white-s29179554/
9241043,"SONGESAND - Bed frame, 140x200 cm",Beds,9282,395.0,120,,a stable frame for restful sleep,"bedroom, sleep",Wardrobes; Chests of drawers & drawer units,IKEA of Sweden,https://www.ikea.com/sa/en/p/songesand-bed-frame-brown-s09241043/
19175957,"MALM - Bed frame, high, w 2 storage boxes, 180x200 cm",Beds,21620,920.0,120,,a stable frame for restful sleep,"bedroom, sleep",Wardrobes; Chests of drawers & drawer units,IKEA of Sweden/Eva Lilja Löwenhielm,https://www.ikea.com/sa/en/p/malm-bed-frame-high-w-2-storage-boxes-white-s19175957/
19185433,"SNIGLAR - Bed frame with slatted bed base, 70x160 cm",Beds,4582,195.0,120,,a stable frame for restful sleep,"bedroom, sleep",Wardrobes; Chests of drawers & drawer units,IKEA of Sweden,https://www.ikea.com/sa/en/p/sniglar-bed-frame-with-slatted-bed-base-beech-s19185433/
39122072,"LAUVIK - Divan bed, 140x200 cm",Beds,40632,1729.0,120,,a stable frame for restful sleep,"bedroom, sleep",Wardrobes; Chests of drawers & drawer units,IKEA of Sweden/Synnöve Mork/Ola Wihlborg,https://www.ikea.com/sa/en/p/lauvik-divan-bed-hamarvik-firm-firm-dark-beige-s39122072/
79902935,"BRIMNES - Bed frame with storage, 140x200 cm",Beds,13512,575.0,120,,a stable frame for restful sleep,"bedroom, sleep",Wardrobes; Chests of drawers & drawer units,K Hagberg/M Hagberg/IKEA of Sweden,https://www.ikea.com/sa/en/p/brimnes-bed-frame-with-storage-white-s79902935/
90349326,"HEMNES - Day-bed frame with 3 drawers, 80x200 cm",Beds,35132,1495.0,120,,a stable frame for restful sleep,"bedroom, sleep",Wardrobes; Chests of drawers & drawer units,Carina Bengs,https://www.ikea.com/sa/en/p/hemnes-day-bed-frame-with-3-drawers-white-90349326/
99157983,"NESTTUN - Bed frame, 140x200 cm",Beds,13982,595.0,120,,a stable frame for restful sleep,"bedroom, sleep",Wardrobes; Chests of drawers & drawer units,IKEA of Sweden/David Wahl,https://www.ikea.com/sa/en/p/nesttun-bed-frame-white-s99157983/
69057522,"TYSSEDAL - Bed frame, 140x200 cm",Beds,32782,1395.0,120,,a stable frame for restful sleep,"bedroom, sleep",Wardrobes; Chests of drawers & drawer units,Ebba Strandmark/IKEA of Sweden,https://www.ikea.com/sa/en/p/tyssedal-bed-frame-white-s69057522/
79012991,"MALM - Bed frame, high, w 2 storage boxes, 90x200 cm",Beds,15745,670.0,120,,a stable frame for restful sleep,"bedroom, sleep",Wardrobes; Chests of drawers & drawer units,Eva Lilja Löwenhielm,https://www.ikea.com/sa/en/p/malm-bed-frame-high-w-2-storage-boxes-white-s79012991/
249487,"MALM - Bed frame, high, 90x200 cm",Beds,10458,445.0,120,,a stable frame for restful sleep,"bedroom, sleep",Wardrobes; Chests of drawers & drawer units,Eva Lilja Löwenhielm,https://www.ikea.com/sa/en/p/malm-bed-frame-high-white-00249487/
89227731,"SLÄKT - Bed frame with underbed and storage, 90x200 cm",Beds,23382,995.0,120,,a stable frame for restful sleep,"bedroom, sleep",Wardrobes; Chests of drawers & drawer units,Ebba Strandmark/IKEA of Sweden,https://www.ikea.com/sa/en/p/slaekt-bed-frame-with-underbed-and-storage-white-s89227731/
90331091,"RIDABU - Mirror door, 40x120 cm",Beds,2350,100.0,120,,a stable frame for restful sleep,"bedroom, sleep",Wardrobes; Chests of drawers & drawer units,"903.310.91 The door can be hung with the opening to the right or the left.To be completed with 3 HJÄLPA hinges, sold separately.Fits with PLATSA wardrobe system.Knobs and handles are sold separately.",https://www.ikea.com/sa/en/p/ridabu-mirror-door-white-90331091/
69185435,"KRITTER - Bed frame with slatted bed base, 70x160 cm",Beds,8460,360.0,120,,a stable frame for restful sleep,"bedroom, sleep",Wardrobes; Chests of drawers & drawer units,IKEA of Sweden/Anna Efverlund,https://www.ikea.com/sa/en/p/kritter-bed-frame-with-slatted-bed-base-white-s69185435/
29194427,"HEMNES - Bed frame with 4 storage boxes, 140x200 cm",Beds,32312,1375.0,120,,a stable frame for restful sleep,"bedroom, sleep",Wardrobes; Chests of drawers & drawer units,IKEA of Sweden/Carina Bengs,https://www.ikea.com/sa/en/p/hemnes-bed-frame-with-4-storage-boxes-white-stain-s29194427/
89305446,"PLATSA - Bed frame with 10 doors, 143x244x223 cm",Beds,61112,2600.5,120,,a stable frame for restful sleep,"bedroom, sleep",Wardrobes; Chests of drawers & drawer units,IKEA of Sweden,https://www.ikea.com/sa/en/p/platsa-bed-frame-with-10-doors-white-s89305446/
19259631,"SAGSTUA - Bed frame, 90x200 cm",Beds,17508,745.0,120,,a stable frame for restful sleep,"bedroom, sleep",Wardrobes; Chests of drawers & drawer units,Paulin Machado,https://www.ikea.com/sa/en/p/sagstua-bed-frame-white-loenset-s19259631/
80017389,"SANDVIKA - Guest bed, 80x190 cm",Beds,6932,295.0,120,,a stable frame for restful sleep,"bedroom, sleep",Wardrobes; Chests of drawers & drawer units,IKEA of Sweden,https://www.ikea.com/sa/en/p/sandvika-guest-bed-80017389/
39248608,"NEIDEN - Bed frame, 140x200 cm",Beds,9376,399.0,120,,a stable frame for restful sleep,"bedroom, sleep",Wardrobes; Chests of drawers & drawer units,Jon Karlsson/IKEA of Sweden,https://www.ikea.com/sa/en/p/neiden-bed-frame-pine-birch-luroey-s39248608/
69323757,"MINNEN - Ext bed frame with slatted bed base, 80x200 cm",Beds,9282,395.0,120,,a stable frame for restful sleep,"bedroom, sleep",Wardrobes; Chests of drawers & drawer units,IKEA of Sweden/Tina Christensen,https://www.ikea.com/sa/en/p/minnen-ext-bed-frame-with-slatted-bed-base-turquoise-s69323757/
79227755,"SLÄKT - Bed frame with slatted bed base, 90x200 cm",Beds,8812,375.0,120,,a stable frame for restful sleep,"bedroom, sleep",Wardrobes; Chests of drawers & drawer units,IKEA of Sweden/Ebba Strandmark,https://www.ikea.com/sa/en/p/slaekt-bed-frame-with-slatted-bed-base-white-s79227755/
90354327,"HAMMARN - Sofa-bed, 120 cm",Beds,9376,399.0,120,,a stable frame for restful sleep,"bedroom, sleep",Wardrobes; Chests of drawers & drawer units,Jonas Hultqvist,https://www.ikea.com/sa/en/p/hammarn-sofa-bed-knisa-dark-grey-black-90354327/
79247598,"BJÖRKSNÄS - Bed frame, 140x200 cm",Beds,47940,2040.0,120,,a stable frame for restful sleep,"bedroom, sleep",Wardrobes; Chests of drawers & drawer units,K Hagberg/M Hagberg/IKEA of Sweden,https://www.ikea.com/sa/en/p/bjoerksnaes-bed-frame-birch-leirsund-s79247598/
10362963,"SLÄKT - Pouffe/mattress, foldable",Beds,9988,425.0,120,,a stable frame for restful sleep,"bedroom, sleep",Wardrobes; Chests of drawers & drawer units,Gustav Carlberg,https://www.ikea.com/sa/en/p/slaekt-pouffe-mattress-foldable-10362963/
9241420,"NORDLI - Bed frame w storage and headboard, 140x200 cm",Beds,53815,2290.0,120,,a stable frame for restful sleep,"bedroom, sleep",Wardrobes; Chests of drawers & drawer units,Ola Wihlborg,https://www.ikea.com/sa/en/p/nordli-bed-frame-w-storage-and-headboard-white-s09241420/
20424362,"FYRESDAL - Day-bed frame, 80x200 cm",Beds,12902,549.0,120,,a stable frame for restful sleep,"bedroom, sleep",Wardrobes; Chests of drawers & drawer units,K Hagberg/M Hagberg,https://www.ikea.com/sa/en/p/fyresdal-day-bed-frame-black-20424362/
69241097,"SONGESAND - Bed frame with 2 storage boxes, 140x200 cm",Beds,13395,570.0,120,,a stable frame for restful sleep,"bedroom, sleep",Wardrobes; Chests of drawers & drawer units,IKEA of Sweden,https://www.ikea.com/sa/en/p/songesand-bed-frame-with-2-storage-boxes-brown-s69241097/
39931609,"MALM - Bed frame, high, w 4 storage boxes, 140x200 cm",Beds,22208,945.0,120,,a stable frame for restful sleep,"bedroom, sleep",Wardrobes; Chests of drawers & drawer units,IKEA of Sweden/Eva Lilja Löwenhielm,https://www.ikea.com/sa/en/p/malm-bed-frame-high-w-4-storage-boxes-white-s39931609/
20467629,"MYDAL - Bunk bed frame, 90x200 cm",Beds,21032,895.0,120,,a stable frame for restful sleep,"bedroom, sleep",Wardrobes; Chests of drawers & drawer units,IKEA of Sweden,https://www.ikea.com/sa/en/p/mydal-bunk-bed-frame-white-20467629/
239233,"TUFFING - Bunk bed frame, 90x200 cm",Beds,11162,475.0,120,,a stable frame for restful sleep,"bedroom, sleep",Wardrobes; Chests of drawers & drawer units,IKEA of Sweden,https://www.ikea.com/sa/en/p/tuffing-bunk-bed-frame-dark-grey-00239233/
29239459,"SÄBÖVIK - Divan bed, 140x200 cm",Beds,41008,1745.0,120,,a stable frame for restful sleep,"bedroom, sleep",Wardrobes; Chests of drawers & drawer units,IKEA of Sweden,https://www.ikea.com/sa/en/p/saeboevik-divan-bed-grey-firm-s29239459/
60116960,LYCKSELE - Storage box 2-seat sofa-bed,Beds,2350,100.0,120,,a stable frame for restful sleep,"bedroom, sleep",Wardrobes; Chests of drawers & drawer units,IKEA of Sweden,https://www.ikea.com/sa/en/p/lycksele-storage-box-2-seat-sofa-bed-black-60116960/
89019992,"TARVA - Bed frame, 140x200 cm",Beds,20468,871.0,120,,a stable frame for restful sleep,"bedroom, sleep",Wardrobes; Chests of drawers & drawer units,IKEA of Sweden/K Hagberg/M Hagberg,https://www.ikea.com/sa/en/p/tarva-bed-frame-pine-leirsund-s89019992/
30249546,"HEMNES - Bed frame, 90x200 cm",Beds,16332,695.0,120,,a stable frame for restful sleep,"bedroom, sleep",Wardrobes; Chests of drawers & drawer units,Carina Bengs,https://www.ikea.com/sa/en/p/hemnes-bed-frame-white-stain-30249546/
89019572,"HEMNES - Bed frame, 90x200 cm",Beds,23382,995.0,120,,a stable frame for restful sleep,"bedroom, sleep",Wardrobes; Chests of drawers & drawer units,Carina Bengs,https://www.ikea.com/sa/en/p/hemnes-bed-frame-white-stain-loenset-s89019572/
70305700,"BUSUNGE - Extendable bed, 80x200 cm",Beds,18682,795.0,120,,a stable frame for restful sleep,"bedroom, sleep",Wardrobes; Chests of drawers & drawer units,Carl Öjerstam,https://www.ikea.com/sa/en/p/busunge-extendable-bed-white-70305700/
40433902,"MARKERAD - Day-bed frame, 80x200 cm",Beds,11280,480.0,120,,a stable frame for restful sleep,"bedroom, sleep",Wardrobes; Chests of drawers & drawer units,Virgil Abloh,https://www.ikea.com/sa/en/p/markerad-day-bed-frame-pine-40433902/
79129986,"GJÖRA - Bed frame, 140x200 cm",Beds,38540,1640.0,120,,a stable frame for restful sleep,"bedroom, sleep",Wardrobes; Chests of drawers & drawer units,Monika Mulder/IKEA of Sweden,https://www.ikea.com/sa/en/p/gjoera-bed-frame-birch-leirsund-s79129986/
360484,"UTÅKER - Stackable bed, 80x200 cm",Beds,16332,695.0,120,,a stable frame for restful sleep,"bedroom, sleep",Wardrobes; Chests of drawers & drawer units,Henrik Preutz,https://www.ikea.com/sa/en/p/utaker-stackable-bed-pine-00360484/
44361010,BRYNE - Net,Beds,1152,49.0,120,,a stable frame for restful sleep,"bedroom, sleep",Wardrobes; Chests of drawers & drawer units,443.610.10 Easy to keep clean since you can remove the fabric and wash it by machine.NEVER use for infants and young children.WARNING! Entanglement and strangulation hazard.The net is not intended to be used as protection against mosquitos or other insects.,https://www.ikea.com/sa/en/p/bryne-net-white-44361010/
80253809,"KURA - Reversible bed, 90x200 cm",Beds,17508,745.0,120,,a stable frame for restful sleep,"bedroom, sleep",Wardrobes; Chests of drawers & drawer units,T Christensen/K Legaard,https://www.ikea.com/sa/en/p/kura-reversible-bed-white-pine-80253809/
39216754,FRIHETEN - Corner sofa-bed with storage,Beds,43381,1846.0,120,,a stable frame for restful sleep,"bedroom, sleep",Wardrobes; Chests of drawers & drawer units,IKEA of Sweden,https://www.ikea.com/sa/en/p/friheten-corner-sofa-bed-with-storage-skiftebo-dark-grey-s39216754/
10448325,"VITVAL - Underbed, 90x200 cm",Beds,6932,295.0,120,,a stable frame for restful sleep,"bedroom, sleep",Wardrobes; Chests of drawers & drawer units,Tord Björklund,https://www.ikea.com/sa/en/p/vitval-underbed-white-10448325/
30160209,"LURÖY - Slatted bed base, 80x200 cm",Beds,2350,100.0,120,,a stable frame for restful sleep,"bedroom, sleep",Wardrobes; Chests of drawers & drawer units,IKEA of Sweden,https://www.ikea.com/sa/en/p/luroey-slatted-bed-base-30160209/
30248537,"SNIGLAR - Cot, 60x120 cm",Beds,6932,295.0,120,,a stable frame for restful sleep,"bedroom, sleep",Wardrobes; Chests of drawers & drawer units,IKEA of Sweden,https://www.ikea.com/sa/en/p/sniglar-cot-beech-30248537/
29188822,"HEMNES - Bed frame with 2 storage boxes, 90x200 cm",Beds,26908,1145.0,120,,a stable frame for restful sleep,"bedroom, sleep",Wardrobes; Chests of drawers & drawer units,IKEA of Sweden/Carina Bengs,https://www.ikea.com/sa/en/p/hemnes-bed-frame-with-2-storage-boxes-white-stain-luroey-s29188822/
60372276,"HEMNES - Day-bed frame with 3 drawers, 80x200 cm",Beds,35132,1495.0,120,,a stable frame for restful sleep,"bedroom, sleep",Wardrobes; Chests of drawers & drawer units,Carina Bengs,https://www.ikea.com/sa/en/p/hemnes-day-bed-frame-with-3-drawers-grey-60372276/
19009562,"MALM - Bed frame, high, 90x200 cm",Beds,12808,545.0,120,,a stable frame for restful sleep,"bedroom, sleep",Wardrobes; Chests of drawers & drawer units,IKEA of Sweden/Eva Lilja Löwenhielm,https://www.ikea.com/sa/en/p/malm-bed-frame-high-white-luroey-s19009562/
99239451,"SLÄKT - Underbed with storage, 90x200 cm",Beds,14570,620.0,120,,a stable frame for restful sleep,"bedroom, sleep",Wardrobes; Chests of drawers & drawer units,Ebba Strandmark/IKEA of Sweden,https://www.ikea.com/sa/en/p/slaekt-underbed-with-storage-white-s99239451/
99287550,"DELAKTIG - Bed frame with headboard, 160x200 cm",Beds,51582,2195.0,120,,a stable frame for restful sleep,"bedroom, sleep",Wardrobes; Chests of drawers & drawer units,Tom Dixon/IKEA of Sweden,https://www.ikea.com/sa/en/p/delaktig-bed-frame-with-headboard-aluminium-rattan-s99287550/
19268763,"STUVA - Loft bed combo w 2 shlvs/3 shlvs, 207x99x182 cm",Beds,40538,1725.0,120,,a stable frame for restful sleep,"bedroom, sleep",Wardrobes; Chests of drawers & drawer units,IKEA of Sweden/Ebba Strandmark,https://www.ikea.com/sa/en/p/stuva-loft-bed-combo-w-2-shlvs-3-shlvs-white-s19268763/
29250753,"LAUVIK - Divan bed, 160x200 cm",Beds,56988,2425.0,120,,a stable frame for restful sleep,"bedroom, sleep",Wardrobes; Chests of drawers & drawer units,Synnöve Mork/Ola Wihlborg/IKEA of Sweden,https://www.ikea.com/sa/en/p/lauvik-divan-bed-hamarvik-firm-dark-beige-s29250753/
49303393,"VIMLE - Cover for corner sofa-bed, 4-seat",Beds,32900,1400.0,120,,a stable frame for restful sleep,"bedroom, sleep",Wardrobes; Chests of drawers & drawer units,Ehlén Johansson,https://www.ikea.com/sa/en/p/vimle-cover-for-corner-sofa-bed-4-seat-with-open-end-dalstorp-multicolour-s49303393/
89186778,"KONGSFJORD - Divan bed, 180x200 cm",Beds,200948,8551.0,120,,a stable frame for restful sleep,"bedroom, sleep",Wardrobes; Chests of drawers & drawer units,Ola Wihlborg/IKEA of Sweden/Synnöve Mork,https://www.ikea.com/sa/en/p/kongsfjord-divan-bed-hyllestad-firm-tustna-dark-grey-s89186778/
9306416,NYHAMN - Sofa-bed with triple cushion,Beds,34545,1470.0,120,,a stable frame for restful sleep,"bedroom, sleep",Wardrobes; Chests of drawers & drawer units,IKEA of Sweden/L Hilland/Lisa Hilland,https://www.ikea.com/sa/en/p/nyhamn-sofa-bed-with-triple-cushion-with-foam-mattress-skiftebo-yellow-s09306416/
50340163,"NYHAMN - Foam mattress, 140x200 cm",Beds,10575,450.0,120,,a stable frame for restful sleep,"bedroom, sleep",Wardrobes; Chests of drawers & drawer units,IKEA of Sweden/L Hilland,https://www.ikea.com/sa/en/p/nyhamn-foam-mattress-firm-50340163/
29291956,"SLÄKT - Bed frame w storage+slatted bedbase, 90x200 cm",Beds,32782,1395.0,120,,a stable frame for restful sleep,"bedroom, sleep",Wardrobes; Chests of drawers & drawer units,IKEA of Sweden/Ebba Strandmark,https://www.ikea.com/sa/en/p/slaekt-bed-frame-w-storage-slatted-bedbase-white-s29291956/
70284203,ASKEBY - Two-seat sofa-bed,Beds,23382,995.0,120,,a stable frame for restful sleep,"bedroom, sleep",Wardrobes; Chests of drawers & drawer units,"702.842.03 A sofa-bed with small, neat dimensions which is easy to furnish with, even when space is limited.Readily converts into a bed.Fixed cover.",https://www.ikea.com/sa/en/p/askeby-two-seat-sofa-bed-black-70284203/
20228709,"BRIMNES - Headboard with storage compartment, 140 cm",Beds,5170,220.0,120,,a stable frame for restful sleep,"bedroom, sleep",Wardrobes; Chests of drawers & drawer units,K Hagberg/M Hagberg,https://www.ikea.com/sa/en/p/brimnes-headboard-with-storage-compartment-white-20228709/
49046068,"SUNDVIK - Ext bed frame with slatted bed base, 80x200 cm",Beds,19952,849.0,120,,a stable frame for restful sleep,"bedroom, sleep",Wardrobes; Chests of drawers & drawer units,IKEA of Sweden,https://www.ikea.com/sa/en/p/sundvik-ext-bed-frame-with-slatted-bed-base-white-s49046068/
20404806,"MALM - Ottoman bed, 160x200 cm",Beds,37482,1595.0,120,,a stable frame for restful sleep,"bedroom, sleep",Wardrobes; Chests of drawers & drawer units,Eva Lilja Löwenhielm,https://www.ikea.com/sa/en/p/malm-ottoman-bed-white-20404806/
9186126,"HEMNES - Day-bed w 3 drawers/2 mattresses, 80x200 cm",Beds,51348,2185.0,120,,a stable frame for restful sleep,"bedroom, sleep",Wardrobes; Chests of drawers & drawer units,Carina Bengs/IKEA of Sweden,https://www.ikea.com/sa/en/p/hemnes-day-bed-w-3-drawers-2-mattresses-white-husvika-firm-s09186126/
70362427,"SOLGUL - Cradle with foam mattress, 66x84 cm",Beds,9282,395.0,120,,a stable frame for restful sleep,"bedroom, sleep",Wardrobes; Chests of drawers & drawer units,IKEA of Sweden,https://www.ikea.com/sa/en/p/solgul-cradle-with-foam-mattress-white-70362427/
102452,"MYDAL - Bunk bed frame, 90x200 cm",Beds,18682,795.0,120,,a stable frame for restful sleep,"bedroom, sleep",Wardrobes; Chests of drawers & drawer units,IKEA of Sweden,https://www.ikea.com/sa/en/p/mydal-bunk-bed-frame-pine-00102452/
40349847,"NORDLI - Bed frame with storage, 140x200 cm",Beds,37482,1595.0,120,,a stable frame for restful sleep,"bedroom, sleep",Wardrobes; Chests of drawers & drawer units,Ola Wihlborg,https://www.ikea.com/sa/en/p/nordli-bed-frame-with-storage-white-40349847/
30099293,VIKARE - Guard rail,Beds,2232,95.0,120,,a stable frame for restful sleep,"bedroom, sleep",Wardrobes; Chests of drawers & drawer units,IKEA of Sweden,https://www.ikea.com/sa/en/p/vikare-guard-rail-white-30099293/
70426537,"DELAKTIG - Headboard, 160 cm",Beds,13982,595.0,120,,a stable frame for restful sleep,"bedroom, sleep",Wardrobes; Chests of drawers & drawer units,Tom Dixon,https://www.ikea.com/sa/en/p/delaktig-headboard-rattan-70426537/
90299449,"TUFFING - Loft bed frame, 90x200 cm",Beds,15158,645.0,120,,a stable frame for restful sleep,"bedroom, sleep",Wardrobes; Chests of drawers & drawer units,"902.994.49 A good solution where space is limited.It’s easier to get in and out of the bed with a centered ladder. You can use the space under the bed for storage, a workspace or seating.Recommended for ages from 6 years.High beds and the upper bed of bunk or loft beds are not suitable for children under 6 years due to the risk of injury from falls.Bed base included.Mattress and bedlinen are sold separately.Max load indicates static weight, in other words the load which the bed withstands if you lie or sit on it.",https://www.ikea.com/sa/en/p/tuffing-loft-bed-frame-dark-grey-90299449/
39277498,VALLENTUNA - Sofa-bed module with backrests,Beds,43428,1848.0,120,,a stable frame for restful sleep,"bedroom, sleep",Wardrobes; Chests of drawers & drawer units,Fredriksson/L Löwenhielm/Hilland,https://www.ikea.com/sa/en/p/vallentuna-sofa-bed-module-with-backrests-orrsta-light-grey-s39277498/
40411410,"VITVAL - Desk top, 95x45 cm",Beds,4700,200.0,120,,a stable frame for restful sleep,"bedroom, sleep",Wardrobes; Chests of drawers & drawer units,IKEA of Sweden,https://www.ikea.com/sa/en/p/vitval-desk-top-white-40411410/
89302914,"PLATSA - Bed frame with 10 drawers, 140x244x103 cm",Beds,54214,2307.0,120,,a stable frame for restful sleep,"bedroom, sleep",Wardrobes; Chests of drawers & drawer units,IKEA of Sweden,https://www.ikea.com/sa/en/p/platsa-bed-frame-with-10-drawers-white-fonnes-s89302914/
10453086,"PLATSA - Bed frame with storage, 140x200 cm",Beds,28082,1195.0,120,,a stable frame for restful sleep,"bedroom, sleep",Wardrobes; Chests of drawers & drawer units,IKEA of Sweden,https://www.ikea.com/sa/en/p/platsa-bed-frame-with-storage-white-10453086/
9324284,"PLATSA - Bed frame with 6 doors+12 drawers, 140x244x203 cm",Beds,78466,3339.0,120,,a stable frame for restful sleep,"bedroom, sleep",Wardrobes; Chests of drawers & drawer units,Ola Wihlborg/IKEA of Sweden,https://www.ikea.com/sa/en/p/platsa-bed-frame-with-6-doors-12-drawers-white-fonnes-s09324284/
19302922,"VITVAL - Bunk bed frame with underbed, 90x200 cm",Beds,37365,1590.0,120,,a stable frame for restful sleep,"bedroom, sleep",Wardrobes; Chests of drawers & drawer units,IKEA of Sweden/Tord Björklund,https://www.ikea.com/sa/en/p/vitval-bunk-bed-frame-with-underbed-white-light-grey-s19302922/
90229017,"BUSUNGE - Extendable bed, 80x200 cm",Beds,18682,795.0,120,,a stable frame for restful sleep,"bedroom, sleep",Wardrobes; Chests of drawers & drawer units,Carl Öjerstam,https://www.ikea.com/sa/en/p/busunge-extendable-bed-light-pink-90229017/
80341496,"NYHAMN - Pocket sprung mattress, 140x200 cm",Beds,14100,600.0,120,,a stable frame for restful sleep,"bedroom, sleep",Wardrobes; Chests of drawers & drawer units,IKEA of Sweden/L Hilland,https://www.ikea.com/sa/en/p/nyhamn-pocket-sprung-mattress-firm-80341496/
228705,"BRIMNES - Day-bed frame with 2 drawers, 80x200 cm",Beds,25732,1095.0,120,,a stable frame for restful sleep,"bedroom, sleep",Wardrobes; Chests of drawers & drawer units,K Hagberg/M Hagberg,https://www.ikea.com/sa/en/p/brimnes-day-bed-frame-with-2-drawers-white-00228705/
29241160,"SONGESAND - Bed frame with 4 storage boxes, 140x200 cm",Beds,29258,1245.0,120,,a stable frame for restful sleep,"bedroom, sleep",Wardrobes; Chests of drawers & drawer units,IKEA of Sweden,https://www.ikea.com/sa/en/p/songesand-bed-frame-with-4-storage-boxes-brown-loenset-s29241160/
59167074,"LAUVIK - Divan bed, 140x200 cm",Beds,50431,2146.0,120,,a stable frame for restful sleep,"bedroom, sleep",Wardrobes; Chests of drawers & drawer units,Synnöve Mork/Ola Wihlborg/IKEA of Sweden,https://www.ikea.com/sa/en/p/lauvik-divan-bed-hamarvik-medium-firm-tuddal-dark-beige-s59167074/
89386070,"SLÄKT - Bed frame with 3 storage boxes, 90x200 cm",Beds,29610,1260.0,120,,a stable frame for restful sleep,"bedroom, sleep",Wardrobes; Chests of drawers & drawer units,Ebba Strandmark/IKEA of Sweden,https://www.ikea.com/sa/en/p/slaekt-bed-frame-with-3-storage-boxes-white-s89386070/
10247973,"SVÄRTA - Bunk bed frame, 90x200 cm",Beds,21032,895.0,120,,a stable frame for restful sleep,"bedroom, sleep",Wardrobes; Chests of drawers & drawer units,Tord Björklund,https://www.ikea.com/sa/en/p/svaerta-bunk-bed-frame-silver-colour-10247973/
99278070,VALLENTUNA - 4-seat modular sofa w 3 sofa-beds,Beds,183206,7796.0,120,,a stable frame for restful sleep,"bedroom, sleep",Wardrobes; Chests of drawers & drawer units,Fredriksson/L Löwenhielm/Hilland/IKEA of Sweden,https://www.ikea.com/sa/en/p/vallentuna-4-seat-modular-sofa-w-3-sofa-beds-and-storage-murum-orrsta-black-olive-green-s99278070/
19166180,LYCKSELE MURBO - Two-seat sofa-bed,Beds,33958,1445.0,120,,a stable frame for restful sleep,"bedroom, sleep",Wardrobes; Chests of drawers & drawer units,IKEA of Sweden,https://www.ikea.com/sa/en/p/lycksele-murbo-two-seat-sofa-bed-ebbarp-black-white-s19166180/
79288188,"DELAKTIG - Bed frame/headboard/2 side tables, 160x200 cm",Beds,60982,2595.0,120,,a stable frame for restful sleep,"bedroom, sleep",Wardrobes; Chests of drawers & drawer units,Tom Dixon/IKEA of Sweden,https://www.ikea.com/sa/en/p/delaktig-bed-frame-headboard-2-side-tables-aluminium-rattan-s79288188/
99302918,"PLATSA - Bed frame with 2 drawers, 142x244x103 cm",Beds,41524,1767.0,120,,a stable frame for restful sleep,"bedroom, sleep",Wardrobes; Chests of drawers & drawer units,IKEA of Sweden,https://www.ikea.com/sa/en/p/platsa-bed-frame-with-2-drawers-white-fonnes-s99302918/
60433901,"MARKERAD - Cover for day-bed, 80x200 cm",Beds,6274,267.0,120,,a stable frame for restful sleep,"bedroom, sleep",Wardrobes; Chests of drawers & drawer units,Virgil Abloh,https://www.ikea.com/sa/en/p/markerad-cover-for-day-bed-beige-60433901/
102065,"LYCKSELE LÖVÅS - Mattress, 140x188 cm",Beds,11632,495.0,120,,a stable frame for restful sleep,"bedroom, sleep",Wardrobes; Chests of drawers & drawer units,IKEA of Sweden,https://www.ikea.com/sa/en/p/lycksele-loevas-mattress-00102065/
39227837,"UTÅKER - Stackable bed with 2 mattresses, 80x200 cm",Beds,30198,1285.0,120,,a stable frame for restful sleep,"bedroom, sleep",Wardrobes; Chests of drawers & drawer units,IKEA of Sweden/Henrik Preutz,https://www.ikea.com/sa/en/p/utaker-stackable-bed-with-2-mattresses-pine-moshult-firm-s39227837/
39041660,"SUNDVIK - Ext bed frame with slatted bed base, 80x200 cm",Beds,19952,849.0,120,,a stable frame for restful sleep,"bedroom, sleep",Wardrobes; Chests of drawers & drawer units,IKEA of Sweden,https://www.ikea.com/sa/en/p/sundvik-ext-bed-frame-with-slatted-bed-base-grey-brown-s39041660/
59302915,"PLATSA - Bed frame with 4 doors+6 drawers, 140x200x223 cm",Beds,68268,2905.0,120,,a stable frame for restful sleep,"bedroom, sleep",Wardrobes; Chests of drawers & drawer units,IKEA of Sweden,https://www.ikea.com/sa/en/p/platsa-bed-frame-with-4-doors-6-drawers-white-fonnes-ridabu-s59302915/
60299691,"BRYNILEN - Leg, 10 cm",Beds,705,30.0,120,,a stable frame for restful sleep,"bedroom, sleep",Wardrobes; Chests of drawers & drawer units,Ola Wihlborg,https://www.ikea.com/sa/en/p/brynilen-leg-oak-60299691/
39279280,"FYRESDAL - Day-bed with 2 mattresses, 80x200 cm",Beds,26766,1139.0,120,,a stable frame for restful sleep,"bedroom, sleep",Wardrobes; Chests of drawers & drawer units,K Hagberg/M Hagberg/IKEA of Sweden,https://www.ikea.com/sa/en/p/fyresdal-day-bed-with-2-mattresses-black-moshult-firm-s39279280/
9149879,VALLENTUNA - Sofa-bed module,Beds,27260,1160.0,120,,a stable frame for restful sleep,"bedroom, sleep",Wardrobes; Chests of drawers & drawer units,Fredriksson/L Löwenhielm/Hilland,https://www.ikea.com/sa/en/p/vallentuna-sofa-bed-module-hillared-dark-grey-s09149879/
19287530,"DELAKTIG - Bed frame, 160x200 cm",Beds,32900,1400.0,120,,a stable frame for restful sleep,"bedroom, sleep",Wardrobes; Chests of drawers & drawer units,IKEA of Sweden/Tom Dixon,https://www.ikea.com/sa/en/p/delaktig-bed-frame-aluminium-s19287530/
400692,"BRIMNES - Headboard with storage compartment, 90 cm",Beds,5170,220.0,120,,a stable frame for restful sleep,"bedroom, sleep",Wardrobes; Chests of drawers & drawer units,K Hagberg/M Hagberg,https://www.ikea.com/sa/en/p/brimnes-headboard-with-storage-compartment-white-00400692/
19326428,"SLÄKT - Ext bed frame with slatted bed base, 80x200 cm",Beds,12220,520.0,120,,a stable frame for restful sleep,"bedroom, sleep",Wardrobes; Chests of drawers & drawer units,Ebba Strandmark/IKEA of Sweden,https://www.ikea.com/sa/en/p/slaekt-ext-bed-frame-with-slatted-bed-base-white-s19326428/
80332468,"SUFFLETT - Bed tent, 70/80/90",Beds,1998,85.0,120,,a stable frame for restful sleep,"bedroom, sleep",Wardrobes; Chests of drawers & drawer units,IKEA of Sweden,https://www.ikea.com/sa/en/p/sufflett-bed-tent-pink-80332468/
90332458,KURA - Bed tent with curtain,Beds,4112,175.0,120,,a stable frame for restful sleep,"bedroom, sleep",Wardrobes; Chests of drawers & drawer units,Malin Unnborn,https://www.ikea.com/sa/en/p/kura-bed-tent-with-curtain-grey-white-90332458/
90338403,LÖVA - Bed canopy,Beds,1292,55.0,120,,a stable frame for restful sleep,"bedroom, sleep",Wardrobes; Chests of drawers & drawer units,A Huldén/S Dahlman,https://www.ikea.com/sa/en/p/loeva-bed-canopy-green-90338403/
99211621,"HEMNES - Day-bed w 3 drawers/2 mattresses, 80x200 cm",Beds,48998,2085.0,120,,a stable frame for restful sleep,"bedroom, sleep",Wardrobes; Chests of drawers & drawer units,IKEA of Sweden/Carina Bengs,https://www.ikea.com/sa/en/p/hemnes-day-bed-w-3-drawers-2-mattresses-grey-moshult-firm-s99211621/
20320128,"FLEKKE - Day-bed frame with 2 drawers, 80x200 cm",Beds,35132,1495.0,120,,a stable frame for restful sleep,"bedroom, sleep",Wardrobes; Chests of drawers & drawer units,K Hagberg/M Hagberg,https://www.ikea.com/sa/en/p/flekke-day-bed-frame-with-2-drawers-black-brown-20320128/
69304829,"MARKERAD - Day-bed, 80x200 cm",Beds,25662,1092.0,120,,a stable frame for restful sleep,"bedroom, sleep",Wardrobes; Chests of drawers & drawer units,IKEA of Sweden/Virgil Abloh,https://www.ikea.com/sa/en/p/markerad-day-bed-s69304829/
99302975,"PLATSA - Bed frame with 2 door+3 drawers, 142x244x163 cm",Beds,50842,2163.5,120,,a stable frame for restful sleep,"bedroom, sleep",Wardrobes; Chests of drawers & drawer units,IKEA of Sweden,https://www.ikea.com/sa/en/p/platsa-bed-frame-with-2-door-3-drawers-white-fonnes-s99302975/
50393830,KURA - Bed tent with curtain,Beds,3502,149.0,120,,a stable frame for restful sleep,"bedroom, sleep",Wardrobes; Chests of drawers & drawer units,S Edholm/L Ullenius,https://www.ikea.com/sa/en/p/kura-bed-tent-with-curtain-brown-50393830/
89275265,"STUVA / FÖLJA - Loft bed combo w 2 drawer/2 doors, 207x99x182 cm",Beds,45002,1915.0,120,,a stable frame for restful sleep,"bedroom, sleep",Wardrobes; Chests of drawers & drawer units,IKEA of Sweden/Ebba Strandmark,https://www.ikea.com/sa/en/p/stuva-foelja-loft-bed-combo-w-2-drawer-2-doors-white-s89275265/
39288128,"DELAKTIG - Bed frame/headboard/2 side tables, 160x200 cm",Beds,58632,2495.0,120,,a stable frame for restful sleep,"bedroom, sleep",Wardrobes; Chests of drawers & drawer units,IKEA of Sweden/Tom Dixon,https://www.ikea.com/sa/en/p/delaktig-bed-frame-headboard-2-side-tables-aluminium-black-s39288128/
70340567,GRÄLVIKEN - 3-seat sofa-bed,Beds,46882,1995.0,120,,a stable frame for restful sleep,"bedroom, sleep",Wardrobes; Chests of drawers & drawer units,IKEA of Sweden,https://www.ikea.com/sa/en/p/graelviken-3-seat-sofa-bed-grey-70340567/
89240761,HOLMSUND - Three-seat sofa-bed,Beds,53932,2295.0,120,,a stable frame for restful sleep,"bedroom, sleep",Wardrobes; Chests of drawers & drawer units,K Hagberg/M Hagberg,https://www.ikea.com/sa/en/p/holmsund-three-seat-sofa-bed-orrsta-light-white-grey-s89240761/
59250756,"LAUVIK - Divan bed, 160x200 cm",Beds,68197,2902.0,120,,a stable frame for restful sleep,"bedroom, sleep",Wardrobes; Chests of drawers & drawer units,Synnöve Mork/Ola Wihlborg/IKEA of Sweden,https://www.ikea.com/sa/en/p/lauvik-divan-bed-hamarvik-firm-tuddal-dark-beige-s59250756/
79253259,"STUVA / FRITIDS - Loft bed combo w 3 drawers/2 doors, 207x99x182 cm",Beds,46765,1990.0,120,,a stable frame for restful sleep,"bedroom, sleep",Wardrobes; Chests of drawers & drawer units,Ebba Strandmark/IKEA of Sweden,https://www.ikea.com/sa/en/p/stuva-fritids-loft-bed-combo-w-3-drawers-2-doors-white-white-s79253259/
20247982,"SVÄRTA - Loft bed frame, 90x200 cm",Beds,20562,875.0,120,,a stable frame for restful sleep,"bedroom, sleep",Wardrobes; Chests of drawers & drawer units,Tord Björklund,https://www.ikea.com/sa/en/p/svaerta-loft-bed-frame-silver-colour-20247982/
9302913,"PLATSA - Bed frame with 4 drawers, 142x244x43 cm",Beds,37858,1611.0,120,,a stable frame for restful sleep,"bedroom, sleep",Wardrobes; Chests of drawers & drawer units,IKEA of Sweden,https://www.ikea.com/sa/en/p/platsa-bed-frame-with-4-drawers-white-fonnes-s09302913/
29278101,GRÖNLID - 2-seat sofa-bed,Beds,84482,3595.0,120,,a stable frame for restful sleep,"bedroom, sleep",Wardrobes; Chests of drawers & drawer units,IKEA of Sweden/Francis Cayouette/Ehlén Johansson,https://www.ikea.com/sa/en/p/groenlid-2-seat-sofa-bed-ljungen-dark-red-s29278101/
80411272,"VITVAL - Bunk bed frame, 90x200 cm",Beds,30432,1295.0,120,,a stable frame for restful sleep,"bedroom, sleep",Wardrobes; Chests of drawers & drawer units,IKEA of Sweden,https://www.ikea.com/sa/en/p/vitval-bunk-bed-frame-white-light-grey-80411272/
49278591,"GRÖNLID - Corner sofa-bed, 5-seat",Beds,178835,7610.0,120,,a stable frame for restful sleep,"bedroom, sleep",Wardrobes; Chests of drawers & drawer units,Francis Cayouette/Ehlén Johansson/IKEA of Sweden,https://www.ikea.com/sa/en/p/groenlid-corner-sofa-bed-5-seat-with-chaise-longue-ljungen-dark-red-s49278591/
19129932,"BRIMNES - Day-bed w 2 drawers/2 mattresses, 80x200 cm",Beds,42182,1795.0,120,,a stable frame for restful sleep,"bedroom, sleep",Wardrobes; Chests of drawers & drawer units,IKEA of Sweden/K Hagberg/M Hagberg,https://www.ikea.com/sa/en/p/brimnes-day-bed-w-2-drawers-2-mattresses-white-malfors-medium-firm-s19129932/
80362974,"SLÄKT - Storage box with castors, 62x62x35 cm",Beds,6932,295.0,120,,a stable frame for restful sleep,"bedroom, sleep",Wardrobes; Chests of drawers & drawer units,Ebba Strandmark,https://www.ikea.com/sa/en/p/slaekt-storage-box-with-castors-80362974/
10372976,"NORDLI - Headboard, 140/160 cm",Beds,16332,695.0,120,,a stable frame for restful sleep,"bedroom, sleep",Wardrobes; Chests of drawers & drawer units,Ola Wihlborg,https://www.ikea.com/sa/en/p/nordli-headboard-white-10372976/
69287537,"DELAKTIG - Bed frame with headboard, 160x200 cm",Beds,49232,2095.0,120,,a stable frame for restful sleep,"bedroom, sleep",Wardrobes; Chests of drawers & drawer units,IKEA of Sweden/Tom Dixon,https://www.ikea.com/sa/en/p/delaktig-bed-frame-with-headboard-aluminium-black-s69287537/
257953,"GONATT - Cot, 60x120 cm",Beds,25732,1095.0,120,,a stable frame for restful sleep,"bedroom, sleep",Wardrobes; Chests of drawers & drawer units,J Asshoff/H Brogård,https://www.ikea.com/sa/en/p/gonatt-cot-light-grey-00257953/
20299688,"BRENNÅSEN - Leg, 10 cm",Beds,705,30.0,120,,a stable frame for restful sleep,"bedroom, sleep",Wardrobes; Chests of drawers & drawer units,Ola Wihlborg,https://www.ikea.com/sa/en/p/brennasen-leg-black-stained-20299688/
9217849,BRÅTHULT - Corner sofa-bed,Beds,46788,1991.0,120,,a stable frame for restful sleep,"bedroom, sleep",Wardrobes; Chests of drawers & drawer units,Lisa Hilland/David Wahl/IKEA of Sweden,https://www.ikea.com/sa/en/p/brathult-corner-sofa-bed-borred-grey-green-s09217849/
19302917,"PLATSA - Bed frame with storage, 140x244x223 cm",Beds,51935,2210.0,120,,a stable frame for restful sleep,"bedroom, sleep",Wardrobes; Chests of drawers & drawer units,IKEA of Sweden,https://www.ikea.com/sa/en/p/platsa-bed-frame-with-storage-white-s19302917/
59151271,"SVÄRTA - Loft bed frame with desk top, 90x200 cm",Beds,27612,1175.0,120,,a stable frame for restful sleep,"bedroom, sleep",Wardrobes; Chests of drawers & drawer units,Tord Björklund,https://www.ikea.com/sa/en/p/svaerta-loft-bed-frame-with-desk-top-silver-colour-s59151271/
9306435,NYHAMN - 3-seat sofa-bed,Beds,33958,1445.0,120,,a stable frame for restful sleep,"bedroom, sleep",Wardrobes; Chests of drawers & drawer units,IKEA of Sweden/L Hilland/Lisa Hilland,https://www.ikea.com/sa/en/p/nyhamn-3-seat-sofa-bed-with-pocket-spring-mattress-skiftebo-yellow-s09306435/
29277639,"LIDHULT - Corner sofa-bed, 6-seat",Beds,225248,9585.0,120,,a stable frame for restful sleep,"bedroom, sleep",Wardrobes; Chests of drawers & drawer units,Henrik Preutz/IKEA of Sweden,https://www.ikea.com/sa/en/p/lidhult-corner-sofa-bed-6-seat-with-chaise-longue-lejde-red-brown-red-brown-s29277639/
40299687,"BURFJORD - Leg, 10 cm",Beds,940,40.0,120,,a stable frame for restful sleep,"bedroom, sleep",Wardrobes; Chests of drawers & drawer units,Ola Wihlborg,https://www.ikea.com/sa/en/p/burfjord-leg-oak-40299687/
49277105,VALLENTUNA - 3-seat modular sofa with sofa-bed,Beds,105468,4488.0,120,,a stable frame for restful sleep,"bedroom, sleep",Wardrobes; Chests of drawers & drawer units,Fredriksson/L Löwenhielm/Hilland,https://www.ikea.com/sa/en/p/vallentuna-3-seat-modular-sofa-with-sofa-bed-and-storage-hillared-murum-dark-grey-black-s49277105/
69302566,"VITVAL - Loft bed frame with desk top, 90x200 cm",Beds,28082,1195.0,120,,a stable frame for restful sleep,"bedroom, sleep",Wardrobes; Chests of drawers & drawer units,IKEA of Sweden,https://www.ikea.com/sa/en/p/vitval-loft-bed-frame-with-desk-top-white-light-grey-s69302566/
9278003,VALLENTUNA - Modular corner sofa 3-seat+sofa-bed,Beds,135830,5780.0,120,,a stable frame for restful sleep,"bedroom, sleep",Wardrobes; Chests of drawers & drawer units,Ehlén Johansson,https://www.ikea.com/sa/en/p/vallentuna-modular-corner-sofa-3-seat-sofa-bed-and-storage-murum-white-s09278003/
19290014,LIDHULT - 2-seat sofa-bed section,Beds,78490,3340.0,120,,a stable frame for restful sleep,"bedroom, sleep",Wardrobes; Chests of drawers & drawer units,IKEA of Sweden/Henrik Preutz,https://www.ikea.com/sa/en/p/lidhult-2-seat-sofa-bed-section-lejde-grey-black-s19290014/
20426525,"DELAKTIG - Headboard, 160 cm",Beds,11632,495.0,120,,a stable frame for restful sleep,"bedroom, sleep",Wardrobes; Chests of drawers & drawer units,Tom Dixon,https://www.ikea.com/sa/en/p/delaktig-headboard-black-20426525/
10248519,"GULLIVER - Cot, 60x120 cm",Beds,13982,595.0,120,,a stable frame for restful sleep,"bedroom, sleep",Wardrobes; Chests of drawers & drawer units,IKEA of Sweden,https://www.ikea.com/sa/en/p/gulliver-cot-white-10248519/
60429471,DELAKTIG - Fitting for headboard,Beds,4700,200.0,120,,a stable frame for restful sleep,"bedroom, sleep",Wardrobes; Chests of drawers & drawer units,Tom Dixon,https://www.ikea.com/sa/en/p/delaktig-fitting-for-headboard-60429471/
89300750,"FLOTTEBO - Sofa-bed with side table, 120 cm",Beds,52546,2236.0,120,,a stable frame for restful sleep,"bedroom, sleep",Wardrobes; Chests of drawers & drawer units,C Halskov/H Dalsgaard,https://www.ikea.com/sa/en/p/flottebo-sofa-bed-with-side-table-gunnared-medium-grey-s89300750/
29288100,"DELAKTIG - Bed frame with 2 side tables, 160x200 cm",Beds,42300,1800.0,120,,a stable frame for restful sleep,"bedroom, sleep",Wardrobes; Chests of drawers & drawer units,IKEA of Sweden/Tom Dixon,https://www.ikea.com/sa/en/p/delaktig-bed-frame-with-2-side-tables-aluminium-black-s29288100/
49292686,VIMLE - 3-seat sofa-bed,Beds,109158,4645.0,120,,a stable frame for restful sleep,"bedroom, sleep",Wardrobes; Chests of drawers & drawer units,Ehlén Johansson/IKEA of Sweden,https://www.ikea.com/sa/en/p/vimle-3-seat-sofa-bed-with-chaise-longue-gunnared-medium-grey-s49292686/
49306443,NYHAMN - 3-seat sofa-bed,Beds,30432,1295.0,120,,a stable frame for restful sleep,"bedroom, sleep",Wardrobes; Chests of drawers & drawer units,IKEA of Sweden/L Hilland/Lisa Hilland,https://www.ikea.com/sa/en/p/nyhamn-3-seat-sofa-bed-with-foam-mattress-skiftebo-yellow-s49306443/
45932080,SULTAN - Supporting leg,Beds,1175,50.0,120,,a stable frame for restful sleep,"bedroom, sleep",Wardrobes; Chests of drawers & drawer units,IKEA of Sweden,https://www.ikea.com/sa/en/p/sultan-supporting-leg-black-45932080/
10309616,"BÅTSFJORD - Leg, 10 cm",Beds,705,30.0,120,,a stable frame for restful sleep,"bedroom, sleep",Wardrobes; Chests of drawers & drawer units,Ehlén Johansson,https://www.ikea.com/sa/en/p/batsfjord-leg-birch-10309616/
79186774,"KONGSFJORD - Divan bed, 180x200 cm",Beds,196366,8356.0,120,,a stable frame for restful sleep,"bedroom, sleep",Wardrobes; Chests of drawers & drawer units,Ola Wihlborg/Synnöve Mork/IKEA of Sweden,https://www.ikea.com/sa/en/p/kongsfjord-divan-bed-hyllestad-medium-firm-tustna-dark-grey-s79186774/
99183864,"FLEKKE - Day-bed w 2 drawers/2 mattresses, 80x200 cm",Beds,51348,2185.0,120,,a stable frame for restful sleep,"bedroom, sleep",Wardrobes; Chests of drawers & drawer units,K Hagberg/M Hagberg/IKEA of Sweden,https://www.ikea.com/sa/en/p/flekke-day-bed-w-2-drawers-2-mattresses-black-brown-husvika-firm-s99183864/
70248564,"SUNDVIK - Cot, 60x120 cm",Beds,16332,695.0,120,,a stable frame for restful sleep,"bedroom, sleep",Wardrobes; Chests of drawers & drawer units,IKEA of Sweden,https://www.ikea.com/sa/en/p/sundvik-cot-grey-brown-70248564/
79217902,SANDBACKEN - Corner sofa-bed,Beds,43264,1841.0,120,,a stable frame for restful sleep,"bedroom, sleep",Wardrobes; Chests of drawers & drawer units,David Wahl/Lisa Hilland/IKEA of Sweden,https://www.ikea.com/sa/en/p/sandbacken-corner-sofa-bed-lofallet-beige-s79217902/
79150746,HOLMSUND - Corner sofa-bed,Beds,70382,2995.0,120,,a stable frame for restful sleep,"bedroom, sleep",Wardrobes; Chests of drawers & drawer units,K Hagberg/M Hagberg/IKEA of Sweden,https://www.ikea.com/sa/en/p/holmsund-corner-sofa-bed-nordvalla-medium-grey-s79150746/
29277724,VALLENTUNA - 2-seat modular sofa w 2 sofa-beds,Beds,101520,4320.0,120,,a stable frame for restful sleep,"bedroom, sleep",Wardrobes; Chests of drawers & drawer units,Ehlén Johansson,https://www.ikea.com/sa/en/p/vallentuna-2-seat-modular-sofa-w-2-sofa-beds-murum-white-s29277724/
59297481,"FLOTTEBO - Sofa-bed, 90 cm",Beds,37506,1596.0,120,,a stable frame for restful sleep,"bedroom, sleep",Wardrobes; Chests of drawers & drawer units,C Halskov/H Dalsgaard,https://www.ikea.com/sa/en/p/flottebo-sofa-bed-vissle-dark-grey-s59297481/
9306355,NYHAMN - Sofa-bed with triple cushion,Beds,35720,1520.0,120,,a stable frame for restful sleep,"bedroom, sleep",Wardrobes; Chests of drawers & drawer units,IKEA of Sweden/L Hilland,https://www.ikea.com/sa/en/p/nyhamn-sofa-bed-with-triple-cushion-with-pocket-spring-mattress-knisa-grey-beige-s09306355/
20249896,SVÄRTA - Desk top,Beds,7050,300.0,120,,a stable frame for restful sleep,"bedroom, sleep",Wardrobes; Chests of drawers & drawer units,Tord Björklund,https://www.ikea.com/sa/en/p/svaerta-desk-top-silver-colour-20249896/
29266184,"LIDHULT - Corner sofa-bed, 5-seat",Beds,182948,7785.0,120,,a stable frame for restful sleep,"bedroom, sleep",Wardrobes; Chests of drawers & drawer units,IKEA of Sweden/Henrik Preutz,https://www.ikea.com/sa/en/p/lidhult-corner-sofa-bed-5-seat-lejde-grey-black-s29266184/
29278158,GRÖNLID - 3-seat sofa-bed,Beds,100345,4270.0,120,,a stable frame for restful sleep,"bedroom, sleep",Wardrobes; Chests of drawers & drawer units,Francis Cayouette/Ehlén Johansson/IKEA of Sweden,https://www.ikea.com/sa/en/p/groenlid-3-seat-sofa-bed-with-open-end-ljungen-medium-grey-s29278158/
49268653,"STUVA / FRITIDS - Loft bed combo w 4 drawers/2 doors, 207x99x182 cm",Beds,47588,2025.0,120,,a stable frame for restful sleep,"bedroom, sleep",Wardrobes; Chests of drawers & drawer units,Ebba Strandmark/IKEA of Sweden,https://www.ikea.com/sa/en/p/stuva-fritids-loft-bed-combo-w-4-drawers-2-doors-white-light-pink-s49268653/
60102067,"LYCKSELE HÅVET - Mattress, 140x188 cm",Beds,18682,795.0,120,,a stable frame for restful sleep,"bedroom, sleep",Wardrobes; Chests of drawers & drawer units,IKEA of Sweden,https://www.ikea.com/sa/en/p/lycksele-havet-mattress-60102067/
248567,"SUNDVIK - Cot, 60x120 cm",Beds,16332,695.0,120,,a stable frame for restful sleep,"bedroom, sleep",Wardrobes; Chests of drawers & drawer units,IKEA of Sweden,https://www.ikea.com/sa/en/p/sundvik-cot-white-00248567/
60431563,FRIHETEN - 3-seat sofa-bed,Beds,43358,1845.0,120,,a stable frame for restful sleep,"bedroom, sleep",Wardrobes; Chests of drawers & drawer units,IKEA of Sweden,https://www.ikea.com/sa/en/p/friheten-3-seat-sofa-bed-skiftebo-blue-60431563/
29285521,VIMLE - 2-seat sofa-bed section,Beds,69208,2945.0,120,,a stable frame for restful sleep,"bedroom, sleep",Wardrobes; Chests of drawers & drawer units,Ehlén Johansson/IKEA of Sweden,https://www.ikea.com/sa/en/p/vimle-2-seat-sofa-bed-section-gunnared-beige-s29285521/
89278481,GRÖNLID - 3-seat sofa-bed,Beds,112565,4790.0,120,,a stable frame for restful sleep,"bedroom, sleep",Wardrobes; Chests of drawers & drawer units,IKEA of Sweden/Ehlén Johansson/Francis Cayouette,https://www.ikea.com/sa/en/p/groenlid-3-seat-sofa-bed-with-chaise-longue-inseros-white-s89278481/
70299695,"BJORLI - Leg, 10 cm",Beds,940,40.0,120,,a stable frame for restful sleep,"bedroom, sleep",Wardrobes; Chests of drawers & drawer units,Ola Wihlborg,https://www.ikea.com/sa/en/p/bjorli-leg-stainless-steel-70299695/
50456417,SLÄKT - Headboard,Beds,1762,75.0,120,,a stable frame for restful sleep,"bedroom, sleep",Wardrobes; Chests of drawers & drawer units,Ebba Strandmark,https://www.ikea.com/sa/en/p/slaekt-headboard-white-50456417/
40296599,KURA - Bed tent,Beds,2938,125.0,120,,a stable frame for restful sleep,"bedroom, sleep",Wardrobes; Chests of drawers & drawer units,T Christensen/K Legaard,https://www.ikea.com/sa/en/p/kura-bed-tent-turquoise-40296599/
10311228,KURA - Bed tent,Beds,2938,125.0,120,,a stable frame for restful sleep,"bedroom, sleep",Wardrobes; Chests of drawers & drawer units,T Christensen/K Legaard,https://www.ikea.com/sa/en/p/kura-bed-tent-pink-10311228/
9277918,VALLENTUNA - 3-seat modular sofa with sofa-bed,Beds,94846,4036.0,120,,a stable frame for restful sleep,"bedroom, sleep",Wardrobes; Chests of drawers & drawer units,IKEA of Sweden/Fredriksson/L Löwenhielm/Hilland,https://www.ikea.com/sa/en/p/vallentuna-3-seat-modular-sofa-with-sofa-bed-with-open-end-hillared-light-blue-s09277918/
19290603,LIDHULT - 2-seat sofa-bed section,Beds,113764,4841.0,120,,a stable frame for restful sleep,"bedroom, sleep",Wardrobes; Chests of drawers & drawer units,IKEA of Sweden/Henrik Preutz,https://www.ikea.com/sa/en/p/lidhult-2-seat-sofa-bed-section-grann-bomstad-dark-brown-s19290603/
80309613,"BRATTVÅG - Leg, 10 cm",Beds,1175,50.0,120,,a stable frame for restful sleep,"bedroom, sleep",Wardrobes; Chests of drawers & drawer units,Ola Wihlborg,https://www.ikea.com/sa/en/p/brattvag-leg-black-80309613/
59277652,VALLENTUNA - 2-seat modular sofa with sofa-bed,Beds,68902,2932.0,120,,a stable frame for restful sleep,"bedroom, sleep",Wardrobes; Chests of drawers & drawer units,IKEA of Sweden/Fredriksson/L Löwenhielm/Hilland,https://www.ikea.com/sa/en/p/vallentuna-2-seat-modular-sofa-with-sofa-bed-and-storage-hillared-light-blue-s59277652/
69278415,GRÖNLID - 3-seat sofa-bed,Beds,103165,4390.0,120,,a stable frame for restful sleep,"bedroom, sleep",Wardrobes; Chests of drawers & drawer units,Francis Cayouette/Ehlén Johansson/IKEA of Sweden,https://www.ikea.com/sa/en/p/groenlid-3-seat-sofa-bed-ljungen-light-green-s69278415/
80102066,"LYCKSELE MURBO - Mattress, 140x188 cm",Beds,16332,695.0,120,,a stable frame for restful sleep,"bedroom, sleep",Wardrobes; Chests of drawers & drawer units,IKEA of Sweden,https://www.ikea.com/sa/en/p/lycksele-murbo-mattress-80102066/
89253169,"STUVA / FRITIDS - Cot with drawers, 60x120 cm",Beds,23382,995.0,120,,a stable frame for restful sleep,"bedroom, sleep",Wardrobes; Chests of drawers & drawer units,Ebba Strandmark,https://www.ikea.com/sa/en/p/stuva-fritids-cot-with-drawers-white-s89253169/
10411242,"VITVAL - Loft bed frame, 90x200 cm",Beds,23382,995.0,120,,a stable frame for restful sleep,"bedroom, sleep",Wardrobes; Chests of drawers & drawer units,IKEA of Sweden,https://www.ikea.com/sa/en/p/vitval-loft-bed-frame-white-light-grey-10411242/
19285588,VIMLE - 2-seat sofa-bed,Beds,78842,3355.0,120,,a stable frame for restful sleep,"bedroom, sleep",Wardrobes; Chests of drawers & drawer units,IKEA of Sweden/Ehlén Johansson,https://www.ikea.com/sa/en/p/vimle-2-seat-sofa-bed-gunnared-medium-grey-s19285588/
29297454,"FLOTTEBO - Sofa-bed with side table, 90 cm",Beds,39386,1676.0,120,,a stable frame for restful sleep,"bedroom, sleep",Wardrobes; Chests of drawers & drawer units,C Halskov/H Dalsgaard,https://www.ikea.com/sa/en/p/flottebo-sofa-bed-with-side-table-vissle-purple-s29297454/
99280884,LYCKSELE LÖVÅS - 2-seat sofa-bed,Beds,31608,1345.0,120,,a stable frame for restful sleep,"bedroom, sleep",Wardrobes; Chests of drawers & drawer units,IKEA of Sweden,https://www.ikea.com/sa/en/p/lycksele-loevas-2-seat-sofa-bed-vallarum-cerise-s99280884/
9278569,"GRÖNLID - Corner sofa-bed, 4-seat",Beds,143585,6110.0,120,,a stable frame for restful sleep,"bedroom, sleep",Wardrobes; Chests of drawers & drawer units,Ehlén Johansson/Francis Cayouette/IKEA of Sweden,https://www.ikea.com/sa/en/p/groenlid-corner-sofa-bed-4-seat-with-open-end-sporda-natural-s09278569/
19299726,"VIMLE - Corner sofa-bed, 5-seat",Beds,182478,7765.0,120,,a stable frame for restful sleep,"bedroom, sleep",Wardrobes; Chests of drawers & drawer units,Ehlén Johansson/IKEA of Sweden,https://www.ikea.com/sa/en/p/vimle-corner-sofa-bed-5-seat-with-chaise-longue-dalstorp-multicolour-s19299726/
29257066,LIDHULT - 2-seat sofa-bed,Beds,94940,4040.0,120,,a stable frame for restful sleep,"bedroom, sleep",Wardrobes; Chests of drawers & drawer units,IKEA of Sweden/Henrik Preutz,https://www.ikea.com/sa/en/p/lidhult-2-seat-sofa-bed-lejde-grey-black-s29257066/
39292465,VIMLE - 3-seat sofa-bed,Beds,96820,4120.0,120,,a stable frame for restful sleep,"bedroom, sleep",Wardrobes; Chests of drawers & drawer units,Ehlén Johansson/IKEA of Sweden,https://www.ikea.com/sa/en/p/vimle-3-seat-sofa-bed-with-open-end-tallmyra-black-grey-s39292465/
69292275,VIMLE - 3-seat sofa-bed,Beds,100228,4265.0,120,,a stable frame for restful sleep,"bedroom, sleep",Wardrobes; Chests of drawers & drawer units,Ehlén Johansson/IKEA of Sweden,https://www.ikea.com/sa/en/p/vimle-3-seat-sofa-bed-gunnared-beige-s69292275/
79267280,"STUVA / FRITIDS - Cot with drawers, 60x120 cm",Beds,23382,995.0,120,,a stable frame for restful sleep,"bedroom, sleep",Wardrobes; Chests of drawers & drawer units,Ebba Strandmark,https://www.ikea.com/sa/en/p/stuva-fritids-cot-with-drawers-light-pink-s79267280/
99275241,"STUVA / FÖLJA - Loft bed combo w 4 drawers/2 doors, 207x99x182 cm",Beds,46530,1980.0,120,,a stable frame for restful sleep,"bedroom, sleep",Wardrobes; Chests of drawers & drawer units,IKEA of Sweden/Ebba Strandmark,https://www.ikea.com/sa/en/p/stuva-foelja-loft-bed-combo-w-4-drawers-2-doors-white-s99275241/
50201534,"GONATT - Cot, 60x120 cm",Beds,25732,1095.0,120,,a stable frame for restful sleep,"bedroom, sleep",Wardrobes; Chests of drawers & drawer units,J Asshoff/H Brogård,https://www.ikea.com/sa/en/p/gonatt-cot-white-50201534/
80332473,"SUFFLETT - Bed tent, 70/80/90",Beds,1998,85.0,120,,a stable frame for restful sleep,"bedroom, sleep",Wardrobes; Chests of drawers & drawer units,IKEA of Sweden,https://www.ikea.com/sa/en/p/sufflett-bed-tent-green-80332473/
39253176,"STUVA / FRITIDS - Cot with drawers, 60x120 cm",Beds,23382,995.0,120,,a stable frame for restful sleep,"bedroom, sleep",Wardrobes; Chests of drawers & drawer units,Ebba Strandmark,https://www.ikea.com/sa/en/p/stuva-fritids-cot-with-drawers-light-blue-s39253176/
69297471,"FLOTTEBO - Sofa-bed, 120 cm",Beds,46906,1996.0,120,,a stable frame for restful sleep,"bedroom, sleep",Wardrobes; Chests of drawers & drawer units,C Halskov/H Dalsgaard,https://www.ikea.com/sa/en/p/flottebo-sofa-bed-vissle-purple-s69297471/
39266094,LIDHULT - 3-seat sofa-bed,Beds,137240,5840.0,120,,a stable frame for restful sleep,"bedroom, sleep",Wardrobes; Chests of drawers & drawer units,IKEA of Sweden/Henrik Preutz,https://www.ikea.com/sa/en/p/lidhult-3-seat-sofa-bed-with-chaise-longue-lejde-grey-black-s39266094/
89149936,LYCKSELE HÅVET - Two-seat sofa-bed,Beds,38658,1645.0,120,,a stable frame for restful sleep,"bedroom, sleep",Wardrobes; Chests of drawers & drawer units,IKEA of Sweden,https://www.ikea.com/sa/en/p/lycksele-havet-two-seat-sofa-bed-vallarum-grey-s89149936/
39277196,GRÖNLID - 2-seat sofa-bed section,Beds,73908,3145.0,120,,a stable frame for restful sleep,"bedroom, sleep",Wardrobes; Chests of drawers & drawer units,IKEA of Sweden/Francis Cayouette/Ehlén Johansson,https://www.ikea.com/sa/en/p/groenlid-2-seat-sofa-bed-section-ljungen-dark-red-s39277196/
59266074,LIDHULT - 3-seat sofa-bed,Beds,185016,7873.0,120,,a stable frame for restful sleep,"bedroom, sleep",Wardrobes; Chests of drawers & drawer units,Henrik Preutz/IKEA of Sweden,https://www.ikea.com/sa/en/p/lidhult-3-seat-sofa-bed-with-chaise-longue-grann-bomstad-dark-brown-s59266074/
39180566,"STUVA / FÖLJA - Cot with drawers, 60x120 cm",Beds,23148,985.0,120,,a stable frame for restful sleep,"bedroom, sleep",Wardrobes; Chests of drawers & drawer units,Ebba Strandmark,https://www.ikea.com/sa/en/p/stuva-foelja-cot-with-drawers-white-s39180566/
39266008,LIDHULT - 2-seat sofa-bed,Beds,130496,5553.0,120,,a stable frame for restful sleep,"bedroom, sleep",Wardrobes; Chests of drawers & drawer units,IKEA of Sweden/Henrik Preutz,https://www.ikea.com/sa/en/p/lidhult-2-seat-sofa-bed-grann-bomstad-dark-brown-s39266008/
49253185,"STUVA / FRITIDS - Cot with drawers, 60x120 cm",Beds,23382,995.0,120,,a stable frame for restful sleep,"bedroom, sleep",Wardrobes; Chests of drawers & drawer units,Ebba Strandmark,https://www.ikea.com/sa/en/p/stuva-fritids-cot-with-drawers-red-s49253185/
59297141,"JONAXEL - Frame with mesh baskets, 25x51x70 cm",Bookcases & shelving units,3172,135.0,60,,open storage that keeps books and decor in sight and in order,"storage, small-room, decoration",Cabinets & cupboards; Chests of drawers & drawer units,IKEA of Sweden,https://www.ikea.com/sa/en/p/jonaxel-frame-with-mesh-baskets-s59297141/
59201841,"OLAUS - 1 shelf section, 92x36x181 cm",Bookcases & shelving units,6815,290.0,60,,open storage that keeps books and decor in sight and in order,"storage, small-room, decoration",Cabinets & cupboards; Chests of drawers & drawer units,IKEA of Sweden,https://www.ikea.com/sa/en/p/olaus-1-shelf-section-s59201841/
59297674,"JONAXEL - Frame/mesh baskts/clths rl/shlv uts, 198x51x173 cm",Bookcases & shelving units,21502,915.0,60,,open storage that keeps books and decor in sight and in order,"storage, small-room, decoration",Cabinets & cupboards; Chests of drawers & drawer units,IKEA of Sweden,https://www.ikea.com/sa/en/p/jonaxel-frame-mesh-baskts-clths-rl-shlv-uts-s59297674/
450347,"KOLBJÖRN - Cabinet in/outdoor, 80x81 cm",Bookcases & shelving units,8108,345.0,60,,open storage that keeps books and decor in sight and in order,"storage, small-room, decoration",Cabinets & cupboards; Chests of drawers & drawer units,IKEA of Sweden,https://www.ikea.com/sa/en/p/kolbjoern-cabinet-in-outdoor-green-00450347/
69297287,"JONAXEL - Shelving unit, 182x51x160 cm",Bookcases & shelving units,8812,375.0,60,,open storage that keeps books and decor in sight and in order,"storage, small-room, decoration",Cabinets & cupboards; Chests of drawers & drawer units,IKEA of Sweden,https://www.ikea.com/sa/en/p/jonaxel-shelving-unit-s69297287/
99303461,"IVAR - Shelv unit w table/cabinets/drawers, 175x30-104x179 cm",Bookcases & shelving units,32548,1385.0,60,,open storage that keeps books and decor in sight and in order,"storage, small-room, decoration",Cabinets & cupboards; Chests of drawers & drawer units,IKEA of Sweden,https://www.ikea.com/sa/en/p/ivar-shelv-unit-w-table-cabinets-drawers-pine-red-s99303461/
70261131,"GERSBY - Bookcase, 60x180 cm",Bookcases & shelving units,2232,95.0,60,,open storage that keeps books and decor in sight and in order,"storage, small-room, decoration",Cabinets & cupboards; Chests of drawers & drawer units,IKEA of Sweden,https://www.ikea.com/sa/en/p/gersby-bookcase-white-70261131/
20275814,"KALLAX - Shelving unit, 77x77 cm",Bookcases & shelving units,2702,115.0,60,,open storage that keeps books and decor in sight and in order,"storage, small-room, decoration",Cabinets & cupboards; Chests of drawers & drawer units,Tord Björklund,https://www.ikea.com/sa/en/p/kallax-shelving-unit-white-20275814/
60282186,"LACK - Wall shelf unit, 30x190 cm",Bookcases & shelving units,4676,199.0,60,,open storage that keeps books and decor in sight and in order,"storage, small-room, decoration",Cabinets & cupboards; Chests of drawers & drawer units,C Halskov/H Dalsgaard,https://www.ikea.com/sa/en/p/lack-wall-shelf-unit-white-60282186/
278578,"HYLLIS - Shelving unit, 60x27x140 cm",Bookcases & shelving units,1386,59.0,60,,open storage that keeps books and decor in sight and in order,"storage, small-room, decoration",Cabinets & cupboards; Chests of drawers & drawer units,IKEA of Sweden,https://www.ikea.com/sa/en/p/hyllis-shelving-unit-in-outdoor-galvanised-00278578/
80275887,"KALLAX - Shelving unit, 77x147 cm",Bookcases & shelving units,5875,250.0,60,,open storage that keeps books and decor in sight and in order,"storage, small-room, decoration",Cabinets & cupboards; Chests of drawers & drawer units,Tord Björklund,https://www.ikea.com/sa/en/p/kallax-shelving-unit-white-80275887/
50419972,"JONAXEL - Shelving unit, 80x38x160 cm",Bookcases & shelving units,4112,175.0,60,,open storage that keeps books and decor in sight and in order,"storage, small-room, decoration",Cabinets & cupboards; Chests of drawers & drawer units,IKEA of Sweden,https://www.ikea.com/sa/en/p/jonaxel-shelving-unit-white-50419972/
30428326,"HYLLIS - Shelving unit, 60x27x74 cm",Bookcases & shelving units,916,39.0,60,,open storage that keeps books and decor in sight and in order,"storage, small-room, decoration",Cabinets & cupboards; Chests of drawers & drawer units,IKEA of Sweden,https://www.ikea.com/sa/en/p/hyllis-shelving-unit-in-outdoor-30428326/
90282180,"LACK - Wall shelf, 110x26 cm",Bookcases & shelving units,916,39.0,60,,open storage that keeps books and decor in sight and in order,"storage, small-room, decoration",Cabinets & cupboards; Chests of drawers & drawer units,IKEA of Sweden,https://www.ikea.com/sa/en/p/lack-wall-shelf-white-90282180/
40178591,"LAIVA - Bookcase, 62x165 cm",Bookcases & shelving units,1998,85.0,60,,open storage that keeps books and decor in sight and in order,"storage, small-room, decoration",Cabinets & cupboards; Chests of drawers & drawer units,Jon Karlsson,https://www.ikea.com/sa/en/p/laiva-bookcase-black-brown-40178591/
40322876,"SVALNÄS - Desk space with 2 drawers, 81x35 cm",Bookcases & shelving units,6345,270.0,60,,open storage that keeps books and decor in sight and in order,"storage, small-room, decoration",Cabinets & cupboards; Chests of drawers & drawer units,Jon Karlsson,https://www.ikea.com/sa/en/p/svalnaes-desk-space-with-2-drawers-bamboo-40322876/
20346072,KALLAX - Shelf insert,Bookcases & shelving units,705,30.0,60,,open storage that keeps books and decor in sight and in order,"storage, small-room, decoration",Cabinets & cupboards; Chests of drawers & drawer units,Chenyi Ke,https://www.ikea.com/sa/en/p/kallax-shelf-insert-light-grey-20346072/
90305803,"VITTSJÖ - Shelving unit, 100x93 cm",Bookcases & shelving units,5758,245.0,60,,open storage that keeps books and decor in sight and in order,"storage, small-room, decoration",Cabinets & cupboards; Chests of drawers & drawer units,Johan Kroon,https://www.ikea.com/sa/en/p/vittsjoe-shelving-unit-black-brown-glass-90305803/
263850,"BILLY - Bookcase, 80x28x202 cm",Bookcases & shelving units,4348,185.0,60,,open storage that keeps books and decor in sight and in order,"storage, small-room, decoration",Cabinets & cupboards; Chests of drawers & drawer units,Gillis Lundgren,https://www.ikea.com/sa/en/p/billy-bookcase-white-00263850/
50263838,"BILLY - Bookcase, 40x28x202 cm",Bookcases & shelving units,3408,145.0,60,,open storage that keeps books and decor in sight and in order,"storage, small-room, decoration",Cabinets & cupboards; Chests of drawers & drawer units,"502.638.38 Shallow shelves help you to use small wall spaces effectively by accommodating small items in a minimum of space.Adjustable shelves; adapt space between shelves according to your needs.A simple unit can be enough storage for a limited space or the foundation for a larger storage solution if your needs change.This furniture must be fixed to the wall with the enclosed wall fastener.Different wall materials require different types of fixing devices. Use fixing devices suitable for the walls in your home, sold separately.Min. ceiling height required: 205 cm.1 fixed shelf and 4 adjustable shelves included.May be completed with BILLY corner fitting to form a stable corner unit.May be completed with BILLY height extension unit in the same width for added storage vertically.May be completed with doors; available in different colours and designs.",https://www.ikea.com/sa/en/p/billy-bookcase-white-50263838/
30419973,"JONAXEL - Shelving unit, 25x51x70 cm",Bookcases & shelving units,1762,75.0,60,,open storage that keeps books and decor in sight and in order,"storage, small-room, decoration",Cabinets & cupboards; Chests of drawers & drawer units,IKEA of Sweden,https://www.ikea.com/sa/en/p/jonaxel-shelving-unit-white-30419973/
39318031,"HYLLIS - Shelving unit in/outdoor, 180x27x74-140 cm",Bookcases & shelving units,3220,137.0,60,,open storage that keeps books and decor in sight and in order,"storage, small-room, decoration",Cabinets & cupboards; Chests of drawers & drawer units,IKEA of Sweden,https://www.ikea.com/sa/en/p/hyllis-shelving-unit-in-outdoor-s39318031/
19222299,"KALLAX - Desk combination, 77x147x159 cm",Bookcases & shelving units,10575,450.0,60,,open storage that keeps books and decor in sight and in order,"storage, small-room, decoration",Cabinets & cupboards; Chests of drawers & drawer units,IKEA of Sweden/Tord Björklund,https://www.ikea.com/sa/en/p/kallax-desk-combination-white-stained-oak-effect-white-s19222299/
30318163,"IVAR - Shelf, 83x30 cm",Bookcases & shelving units,822,35.0,60,,open storage that keeps books and decor in sight and in order,"storage, small-room, decoration",Cabinets & cupboards; Chests of drawers & drawer units,IKEA of Sweden,https://www.ikea.com/sa/en/p/ivar-shelf-pine-30318163/
275848,"KALLAX - Shelving unit, 42x147 cm",Bookcases & shelving units,4582,195.0,60,,open storage that keeps books and decor in sight and in order,"storage, small-room, decoration",Cabinets & cupboards; Chests of drawers & drawer units,Tord Björklund,https://www.ikea.com/sa/en/p/kallax-shelving-unit-white-00275848/
50214678,"VITTSJÖ - Shelving unit, 51x175 cm",Bookcases & shelving units,5288,225.0,60,,open storage that keeps books and decor in sight and in order,"storage, small-room, decoration",Cabinets & cupboards; Chests of drawers & drawer units,Johan Kroon,https://www.ikea.com/sa/en/p/vittsjoe-shelving-unit-black-brown-glass-50214678/
39031411,"HEJNE - 1 section, 78x31x171 cm",Bookcases & shelving units,3878,165.0,60,,open storage that keeps books and decor in sight and in order,"storage, small-room, decoration",Cabinets & cupboards; Chests of drawers & drawer units,IKEA of Sweden,https://www.ikea.com/sa/en/p/hejne-1-section-softwood-s39031411/
40415465,"LOMMARP - Bookcase, 65x199 cm",Bookcases & shelving units,11186,476.0,60,,open storage that keeps books and decor in sight and in order,"storage, small-room, decoration",Cabinets & cupboards; Chests of drawers & drawer units,Francis Cayouette,https://www.ikea.com/sa/en/p/lommarp-bookcase-dark-blue-green-40415465/
40033763,"IVAR - Cabinet, 80x30x83 cm",Bookcases & shelving units,6932,295.0,60,,open storage that keeps books and decor in sight and in order,"storage, small-room, decoration",Cabinets & cupboards; Chests of drawers & drawer units,IKEA of Sweden,https://www.ikea.com/sa/en/p/ivar-cabinet-pine-40033763/
50339292,"FJÄLLBO - Shelving unit, 100x95 cm",Bookcases & shelving units,11632,495.0,60,,open storage that keeps books and decor in sight and in order,"storage, small-room, decoration",Cabinets & cupboards; Chests of drawers & drawer units,Johan Kroon,https://www.ikea.com/sa/en/p/fjaellbo-shelving-unit-black-50339292/
20312492,OBSERVATÖR - Clip-on basket,Bookcases & shelving units,352,15.0,60,,open storage that keeps books and decor in sight and in order,"storage, small-room, decoration",Cabinets & cupboards; Chests of drawers & drawer units,Henrik Preutz,https://www.ikea.com/sa/en/p/observatoer-clip-on-basket-grey-brown-20312492/
59278307,"KALLAX - Shelving unit with 4 inserts, 77x147 cm",Bookcases & shelving units,11750,500.0,60,,open storage that keeps books and decor in sight and in order,"storage, small-room, decoration",Cabinets & cupboards; Chests of drawers & drawer units,Tord Björklund,https://www.ikea.com/sa/en/p/kallax-shelving-unit-with-4-inserts-white-s59278307/
80263832,"BILLY - Bookcase, 40x28x106 cm",Bookcases & shelving units,2232,95.0,60,,open storage that keeps books and decor in sight and in order,"storage, small-room, decoration",Cabinets & cupboards; Chests of drawers & drawer units,Gillis Lundgren,https://www.ikea.com/sa/en/p/billy-bookcase-white-80263832/
19189030,"EKET - Wall-mounted cabinet combination, 80x35x210 cm",Bookcases & shelving units,15416,656.0,60,,open storage that keeps books and decor in sight and in order,"storage, small-room, decoration",Cabinets & cupboards; Chests of drawers & drawer units,IKEA of Sweden/Jon Karlsson,https://www.ikea.com/sa/en/p/eket-wall-mounted-cabinet-combination-white-s19189030/
69155853,"BILLY - Bookcase, 215/135x28x237 cm",Bookcases & shelving units,35485,1510.0,60,,open storage that keeps books and decor in sight and in order,"storage, small-room, decoration",Cabinets & cupboards; Chests of drawers & drawer units,Gillis Lundgren/IKEA of Sweden,https://www.ikea.com/sa/en/p/billy-bookcase-brown-ash-veneer-s69155853/
50282182,"LACK - Wall shelf, 190x26 cm",Bookcases & shelving units,2326,99.0,60,,open storage that keeps books and decor in sight and in order,"storage, small-room, decoration",Cabinets & cupboards; Chests of drawers & drawer units,IKEA of Sweden,https://www.ikea.com/sa/en/p/lack-wall-shelf-white-50282182/
30334605,"EKET - Cabinet w 2 doors and 2 shelves, 70x25x70 cm",Bookcases & shelving units,5170,220.0,60,,open storage that keeps books and decor in sight and in order,"storage, small-room, decoration",Cabinets & cupboards; Chests of drawers & drawer units,Jon Karlsson,https://www.ikea.com/sa/en/p/eket-cabinet-w-2-doors-and-2-shelves-white-30334605/
40277143,"GNEDBY - Shelving unit, 202 cm",Bookcases & shelving units,2938,125.0,60,,open storage that keeps books and decor in sight and in order,"storage, small-room, decoration",Cabinets & cupboards; Chests of drawers & drawer units,IKEA of Sweden,https://www.ikea.com/sa/en/p/gnedby-shelving-unit-white-40277143/
50279066,"LIATORP - Panel/glass door, 44x198 cm",Bookcases & shelving units,10575,450.0,60,,open storage that keeps books and decor in sight and in order,"storage, small-room, decoration",Cabinets & cupboards; Chests of drawers & drawer units,Carina Bengs,https://www.ikea.com/sa/en/p/liatorp-panel-glass-door-white-50279066/
80295526,"BESTÅ - Shelf, 56x16 cm",Bookcases & shelving units,588,25.0,60,,open storage that keeps books and decor in sight and in order,"storage, small-room, decoration",Cabinets & cupboards; Chests of drawers & drawer units,IKEA of Sweden,https://www.ikea.com/sa/en/p/besta-shelf-black-brown-80295526/
50282177,"LACK - Wall shelf, 30x26 cm",Bookcases & shelving units,446,19.0,60,,open storage that keeps books and decor in sight and in order,"storage, small-room, decoration",Cabinets & cupboards; Chests of drawers & drawer units,IKEA of Sweden,https://www.ikea.com/sa/en/p/lack-wall-shelf-white-50282177/
319135,"IVAR - Storage unit with foldable table, 80x30-104x155 cm",Bookcases & shelving units,13395,570.0,60,,open storage that keeps books and decor in sight and in order,"storage, small-room, decoration",Cabinets & cupboards; Chests of drawers & drawer units,IKEA of Sweden,https://www.ikea.com/sa/en/p/ivar-storage-unit-with-foldable-table-pine-00319135/
79286434,"EKET - Cabinet combination with legs, 140x35x80 cm",Bookcases & shelving units,14570,620.0,60,,open storage that keeps books and decor in sight and in order,"storage, small-room, decoration",Cabinets & cupboards; Chests of drawers & drawer units,Jon Karlsson,https://www.ikea.com/sa/en/p/eket-cabinet-combination-with-legs-golden-brown-s79286434/
69281804,"BILLY / OXBERG - Bookcase with glass-doors, 120x30x202 cm",Bookcases & shelving units,21502,915.0,60,,open storage that keeps books and decor in sight and in order,"storage, small-room, decoration",Cabinets & cupboards; Chests of drawers & drawer units,Gillis Lundgren,https://www.ikea.com/sa/en/p/billy-oxberg-bookcase-with-glass-doors-white-s69281804/
287808,"HEJNE - Shelf, 77x28 cm 2 pack",Bookcases & shelving units,1058,45.0,60,,open storage that keeps books and decor in sight and in order,"storage, small-room, decoration",Cabinets & cupboards; Chests of drawers & drawer units,IKEA of Sweden,https://www.ikea.com/sa/en/p/hejne-shelf-softwood-00287808/
10261129,"FINNBY - Bookcase, 60x180 cm",Bookcases & shelving units,3502,149.0,60,,open storage that keeps books and decor in sight and in order,"storage, small-room, decoration",Cabinets & cupboards; Chests of drawers & drawer units,IKEA of Sweden,https://www.ikea.com/sa/en/p/finnby-bookcase-black-10261129/
20213312,"VITTSJÖ - Shelving unit, 100x175 cm",Bookcases & shelving units,9282,395.0,60,,open storage that keeps books and decor in sight and in order,"storage, small-room, decoration",Cabinets & cupboards; Chests of drawers & drawer units,Johan Kroon,https://www.ikea.com/sa/en/p/vittsjoe-shelving-unit-black-brown-glass-20213312/
29281066,"BILLY / OXBERG - Bookcase with doors, 80x30x202 cm",Bookcases & shelving units,9048,385.0,60,,open storage that keeps books and decor in sight and in order,"storage, small-room, decoration",Cabinets & cupboards; Chests of drawers & drawer units,Gillis Lundgren,https://www.ikea.com/sa/en/p/billy-oxberg-bookcase-with-doors-white-s29281066/
30381593,"IVAR - Cabinet with doors, 80x83 cm",Bookcases & shelving units,8108,345.0,60,,open storage that keeps books and decor in sight and in order,"storage, small-room, decoration",Cabinets & cupboards; Chests of drawers & drawer units,Sarah Fager,https://www.ikea.com/sa/en/p/ivar-cabinet-with-doors-white-30381593/
90344456,"VILTO - Shelving unit, 46x150 cm",Bookcases & shelving units,6462,275.0,60,,open storage that keeps books and decor in sight and in order,"storage, small-room, decoration",Cabinets & cupboards; Chests of drawers & drawer units,Maja Ganszyniec,https://www.ikea.com/sa/en/p/vilto-shelving-unit-birch-90344456/
30263844,"BILLY - Bookcase, 80x28x106 cm",Bookcases & shelving units,2702,115.0,60,,open storage that keeps books and decor in sight and in order,"storage, small-room, decoration",Cabinets & cupboards; Chests of drawers & drawer units,Gillis Lundgren,https://www.ikea.com/sa/en/p/billy-bookcase-white-30263844/
70301542,"KALLAX - Shelving unit, 182x182 cm",Bookcases & shelving units,17038,725.0,60,,open storage that keeps books and decor in sight and in order,"storage, small-room, decoration",Cabinets & cupboards; Chests of drawers & drawer units,IKEA of Sweden,https://www.ikea.com/sa/en/p/kallax-shelving-unit-black-brown-70301542/
322859,"SVALNÄS - Shelf, 61x25 cm",Bookcases & shelving units,2115,90.0,60,,open storage that keeps books and decor in sight and in order,"storage, small-room, decoration",Cabinets & cupboards; Chests of drawers & drawer units,Jon Karlsson,https://www.ikea.com/sa/en/p/svalnaes-shelf-bamboo-00322859/
69017828,"BILLY / OXBERG - Bookcase, 80x30x202 cm",Bookcases & shelving units,13512,575.0,60,,open storage that keeps books and decor in sight and in order,"storage, small-room, decoration",Cabinets & cupboards; Chests of drawers & drawer units,Gillis Lundgren,https://www.ikea.com/sa/en/p/billy-oxberg-bookcase-white-s69017828/
19286390,"EKET - Wall-mounted storage combination, 70x25x175 cm",Bookcases & shelving units,9400,400.0,60,,open storage that keeps books and decor in sight and in order,"storage, small-room, decoration",Cabinets & cupboards; Chests of drawers & drawer units,Jon Karlsson/IKEA of Sweden,https://www.ikea.com/sa/en/p/eket-wall-mounted-storage-combination-light-grey-dark-grey-red-s19286390/
9305087,"JONAXEL - Frame/wire baskets/top shelf, 25x51x70 cm",Bookcases & shelving units,3172,135.0,60,,open storage that keeps books and decor in sight and in order,"storage, small-room, decoration",Cabinets & cupboards; Chests of drawers & drawer units,IKEA of Sweden,https://www.ikea.com/sa/en/p/jonaxel-frame-wire-baskets-top-shelf-s09305087/
79902657,"VITTSJÖ - Shelving unit with laptop table, 200x36x175 cm",Bookcases & shelving units,13019,554.0,60,,open storage that keeps books and decor in sight and in order,"storage, small-room, decoration",Cabinets & cupboards; Chests of drawers & drawer units,Johan Kroon,https://www.ikea.com/sa/en/p/vittsjoe-shelving-unit-with-laptop-table-black-brown-glass-s79902657/
79302721,"BESTÅ - Storage combination with doors, 120x42x74 cm",Bookcases & shelving units,21620,920.0,60,,open storage that keeps books and decor in sight and in order,"storage, small-room, decoration",Cabinets & cupboards; Chests of drawers & drawer units,IKEA of Sweden/Carl Öjerstam,https://www.ikea.com/sa/en/p/besta-storage-combination-with-doors-black-brown-riksviken-nannarp-light-bronze-effect-s79302721/
70342199,"FJÄLLBO - Shelving unit, 51x136 cm",Bookcases & shelving units,6932,295.0,60,,open storage that keeps books and decor in sight and in order,"storage, small-room, decoration",Cabinets & cupboards; Chests of drawers & drawer units,Johan Kroon,https://www.ikea.com/sa/en/p/fjaellbo-shelving-unit-black-70342199/
70364290,OLAUS - Clip-on basket,Bookcases & shelving units,446,19.0,60,,open storage that keeps books and decor in sight and in order,"storage, small-room, decoration",Cabinets & cupboards; Chests of drawers & drawer units,IKEA of Sweden,https://www.ikea.com/sa/en/p/olaus-clip-on-basket-70364290/
60413502,"HEMNES - Bookcase, 90x197 cm",Bookcases & shelving units,18706,796.0,60,,open storage that keeps books and decor in sight and in order,"storage, small-room, decoration",Cabinets & cupboards; Chests of drawers & drawer units,Carina Bengs,https://www.ikea.com/sa/en/p/hemnes-bookcase-white-stain-light-brown-60413502/
39287398,"BILLY / OXBERG - Bookcase with glass door, 40x30x202 cm",Bookcases & shelving units,7990,340.0,60,,open storage that keeps books and decor in sight and in order,"storage, small-room, decoration",Cabinets & cupboards; Chests of drawers & drawer units,"392.873.98 Glass doors keep your favourite items free from dust but still visible.Adjustable shelves; adapt space between shelves according to your needs.Adjustable hinges allow you to adjust the door horizontally and vertically.This furniture must be fixed to the wall with the enclosed wall fastener.Handle with care! A damaged edge or scratched surface can cause the glass to suddenly crack and/or break. Avoid collisions from the side - this is where the glass is most vulnerable.Different wall materials require different types of fixing devices. Use fixing devices suitable for the walls in your home, sold separately.Min. ceiling height required: 205 cm.1 fixed shelf and 4 adjustable shelves included.May be completed with BILLY height extension unit in the same width for added storage vertically.",https://www.ikea.com/sa/en/p/billy-oxberg-bookcase-with-glass-door-white-glass-s39287398/
39278290,"KALLAX - Shelving unit with 2 inserts, 42x147 cm",Bookcases & shelving units,8108,345.0,60,,open storage that keeps books and decor in sight and in order,"storage, small-room, decoration",Cabinets & cupboards; Chests of drawers & drawer units,Tord Björklund,https://www.ikea.com/sa/en/p/kallax-shelving-unit-with-2-inserts-black-brown-s39278290/
99291745,"HYLLIS - Shelving unit with cover, 60x27x140 cm",Bookcases & shelving units,1974,84.0,60,,open storage that keeps books and decor in sight and in order,"storage, small-room, decoration",Cabinets & cupboards; Chests of drawers & drawer units,IKEA of Sweden,https://www.ikea.com/sa/en/p/hyllis-shelving-unit-with-cover-transparent-s99291745/
49280042,"BILLY / OXBERG - Bookcase with doors, 80x30x106 cm",Bookcases & shelving units,7402,315.0,60,,open storage that keeps books and decor in sight and in order,"storage, small-room, decoration",Cabinets & cupboards; Chests of drawers & drawer units,Gillis Lundgren,https://www.ikea.com/sa/en/p/billy-oxberg-bookcase-with-doors-white-s49280042/
90301555,"KALLAX - Shelving unit, 77x42 cm",Bookcases & shelving units,2702,115.0,60,,open storage that keeps books and decor in sight and in order,"storage, small-room, decoration",Cabinets & cupboards; Chests of drawers & drawer units,IKEA of Sweden,https://www.ikea.com/sa/en/p/kallax-shelving-unit-white-90301555/
70302283,"BRUSALI - Bookcase, 67x190 cm",Bookcases & shelving units,5570,237.0,60,,open storage that keeps books and decor in sight and in order,"storage, small-room, decoration",Cabinets & cupboards; Chests of drawers & drawer units,IKEA of Sweden,https://www.ikea.com/sa/en/p/brusali-bookcase-brown-70302283/
9197436,"KALLAX - Shelving unit with doors, 77x147 cm",Bookcases & shelving units,10575,450.0,60,,open storage that keeps books and decor in sight and in order,"storage, small-room, decoration",Cabinets & cupboards; Chests of drawers & drawer units,Tord Björklund,https://www.ikea.com/sa/en/p/kallax-shelving-unit-with-doors-white-s09197436/
99286838,"BESTÅ / EKET - Cabinet combination for TV, 210x40x220 cm",Bookcases & shelving units,40396,1719.0,60,,open storage that keeps books and decor in sight and in order,"storage, small-room, decoration",Cabinets & cupboards; Chests of drawers & drawer units,Jon Karlsson/IKEA of Sweden,https://www.ikea.com/sa/en/p/besta-eket-cabinet-combination-for-tv-white-light-grey-dark-grey-golden-brown-s99286838/
20417205,"STUK - Storage case, 55x51x18 cm",Bookcases & shelving units,822,35.0,60,,open storage that keeps books and decor in sight and in order,"storage, small-room, decoration",Cabinets & cupboards; Chests of drawers & drawer units,IKEA of Sweden,https://www.ikea.com/sa/en/p/stuk-storage-case-pink-20417205/
60419962,"JONAXEL - Wire basket, 25x51x15 cm",Bookcases & shelving units,352,15.0,60,,open storage that keeps books and decor in sight and in order,"storage, small-room, decoration",Cabinets & cupboards; Chests of drawers & drawer units,IKEA of Sweden,https://www.ikea.com/sa/en/p/jonaxel-wire-basket-white-60419962/
295554,"BESTÅ - Shelf, 56x36 cm",Bookcases & shelving units,588,25.0,60,,open storage that keeps books and decor in sight and in order,"storage, small-room, decoration",Cabinets & cupboards; Chests of drawers & drawer units,IKEA of Sweden,https://www.ikea.com/sa/en/p/besta-shelf-white-00295554/
20409936,"KALLAX - Shelving unit, 112x147 cm",Bookcases & shelving units,9282,395.0,60,,open storage that keeps books and decor in sight and in order,"storage, small-room, decoration",Cabinets & cupboards; Chests of drawers & drawer units,"204.099.36 Choose whether you want to place it vertically or horizontally and use it as a shelf or sideboard.This furniture must be fixed to the wall with the enclosed wall fastener.Different wall materials require different types of fixing devices. Use fixing devices suitable for the walls in your home, sold separately.Two persons are needed for the assembly of this furniture.May be completed with KALLAX insert, sold separately.",https://www.ikea.com/sa/en/p/kallax-shelving-unit-black-brown-20409936/
90301225,"BRIMNES - Bookcase, 60x190 cm",Bookcases & shelving units,10458,445.0,60,,open storage that keeps books and decor in sight and in order,"storage, small-room, decoration",Cabinets & cupboards; Chests of drawers & drawer units,K Hagberg/M Hagberg,https://www.ikea.com/sa/en/p/brimnes-bookcase-white-90301225/
20323358,"BILLY - Extra shelf, 76x26 cm",Bookcases & shelving units,1175,50.0,60,,open storage that keeps books and decor in sight and in order,"storage, small-room, decoration",Cabinets & cupboards; Chests of drawers & drawer units,IKEA of Sweden,https://www.ikea.com/sa/en/p/billy-extra-shelf-brown-ash-veneer-20323358/
60364295,"OLAUS - Shelving unit, 92x36x94 cm",Bookcases & shelving units,3408,145.0,60,,open storage that keeps books and decor in sight and in order,"storage, small-room, decoration",Cabinets & cupboards; Chests of drawers & drawer units,IKEA of Sweden,https://www.ikea.com/sa/en/p/olaus-shelving-unit-galvanised-60364295/
90394470,BOTTNA - Book-end,Bookcases & shelving units,352,15.0,60,,open storage that keeps books and decor in sight and in order,"storage, small-room, decoration",Cabinets & cupboards; Chests of drawers & drawer units,K Hagberg/M Hagberg,https://www.ikea.com/sa/en/p/bottna-book-end-light-grey-green-anthracite-90394470/
9017826,"BILLY - Bookcase, 240x28x106 cm",Bookcases & shelving units,8108,345.0,60,,open storage that keeps books and decor in sight and in order,"storage, small-room, decoration",Cabinets & cupboards; Chests of drawers & drawer units,Gillis Lundgren,https://www.ikea.com/sa/en/p/billy-bookcase-white-s09017826/
69251345,"IVAR - Shelving unit, 89x50x179 cm",Bookcases & shelving units,9870,420.0,60,,open storage that keeps books and decor in sight and in order,"storage, small-room, decoration",Cabinets & cupboards; Chests of drawers & drawer units,IKEA of Sweden,https://www.ikea.com/sa/en/p/ivar-shelving-unit-pine-s69251345/
79306875,"EKET - Cabinet combination with feet, 70x35x72 cm",Bookcases & shelving units,5875,250.0,60,,open storage that keeps books and decor in sight and in order,"storage, small-room, decoration",Cabinets & cupboards; Chests of drawers & drawer units,IKEA of Sweden/Jon Karlsson,https://www.ikea.com/sa/en/p/eket-cabinet-combination-with-feet-white-stained-oak-effect-s79306875/
40218554,"ALGOT - Shelf, 40x38 cm",Bookcases & shelving units,367,15.6,60,,open storage that keeps books and decor in sight and in order,"storage, small-room, decoration",Cabinets & cupboards; Chests of drawers & drawer units,Francis Cayouette,https://www.ikea.com/sa/en/p/algot-shelf-white-40218554/
30409295,"KOLBJÖRN - Cabinet in/outdoor, 80x81 cm",Bookcases & shelving units,8108,345.0,60,,open storage that keeps books and decor in sight and in order,"storage, small-room, decoration",Cabinets & cupboards; Chests of drawers & drawer units,IKEA of Sweden,https://www.ikea.com/sa/en/p/kolbjoern-cabinet-in-outdoor-beige-30409295/
60295706,"MOSTORP - Wall shelf, 160x27 cm",Bookcases & shelving units,9800,417.0,60,,open storage that keeps books and decor in sight and in order,"storage, small-room, decoration",Cabinets & cupboards; Chests of drawers & drawer units,"602.957.06 With a media shelf you can make the most of the wall area, while freeing up space on the floor.Different wall materials require different types of fixing devices. Use fixing devices suitable for the walls in your home, sold separately.",https://www.ikea.com/sa/en/p/mostorp-wall-shelf-beige-high-gloss-beige-60295706/
80385616,"BILLY - Bookcase with glass-doors, 80x30x202 cm",Bookcases & shelving units,12126,516.0,60,,open storage that keeps books and decor in sight and in order,"storage, small-room, decoration",Cabinets & cupboards; Chests of drawers & drawer units,Gillis Lundgren,https://www.ikea.com/sa/en/p/billy-bookcase-with-glass-doors-dark-red-80385616/
90311069,OBSERVATÖR - Clip-on basket,Bookcases & shelving units,352,15.0,60,,open storage that keeps books and decor in sight and in order,"storage, small-room, decoration",Cabinets & cupboards; Chests of drawers & drawer units,Henrik Preutz,https://www.ikea.com/sa/en/p/observatoer-clip-on-basket-white-90311069/
69281776,"BILLY - Bookcase with panel/glass doors, 80x30x202 cm",Bookcases & shelving units,13748,585.0,60,,open storage that keeps books and decor in sight and in order,"storage, small-room, decoration",Cabinets & cupboards; Chests of drawers & drawer units,Gillis Lundgren,https://www.ikea.com/sa/en/p/billy-bookcase-with-panel-glass-doors-white-s69281776/
70339291,"FJÄLLBO - Shelving unit, 100x136 cm",Bookcases & shelving units,11632,495.0,60,,open storage that keeps books and decor in sight and in order,"storage, small-room, decoration",Cabinets & cupboards; Chests of drawers & drawer units,Johan Kroon,https://www.ikea.com/sa/en/p/fjaellbo-shelving-unit-black-70339291/
20345633,"KOLBJÖRN - Cabinet in/outdoor, 90x161 cm",Bookcases & shelving units,16332,695.0,60,,open storage that keeps books and decor in sight and in order,"storage, small-room, decoration",Cabinets & cupboards; Chests of drawers & drawer units,IKEA of Sweden,https://www.ikea.com/sa/en/p/kolbjoern-cabinet-in-outdoor-beige-20345633/
89248205,"IVAR - Cabinet with doors, 89x30x124 cm",Bookcases & shelving units,10340,440.0,60,,open storage that keeps books and decor in sight and in order,"storage, small-room, decoration",Cabinets & cupboards; Chests of drawers & drawer units,Sarah Fager/IKEA of Sweden,https://www.ikea.com/sa/en/p/ivar-cabinet-with-doors-pine-white-s89248205/
99294560,"VITTSJÖ - TV storage combination, 202x36x175 cm",Bookcases & shelving units,16332,695.0,60,,open storage that keeps books and decor in sight and in order,"storage, small-room, decoration",Cabinets & cupboards; Chests of drawers & drawer units,Johan Kroon,https://www.ikea.com/sa/en/p/vittsjoe-tv-storage-combination-black-brown-glass-s99294560/
29276531,"ALGOT - Wall upright/shelves/drying rack, 132x41x199 cm",Bookcases & shelving units,11962,509.0,60,,open storage that keeps books and decor in sight and in order,"storage, small-room, decoration",Cabinets & cupboards; Chests of drawers & drawer units,Francis Cayouette,https://www.ikea.com/sa/en/p/algot-wall-upright-shelves-drying-rack-white-s29276531/
40347886,"EDVALLA - Drop handle, 18 mm",Bookcases & shelving units,588,25.0,60,,open storage that keeps books and decor in sight and in order,"storage, small-room, decoration",Cabinets & cupboards; Chests of drawers & drawer units,Francis Cayouette,https://www.ikea.com/sa/en/p/edvalla-drop-handle-brass-colour-40347886/
79017837,"BILLY - Bookcase, 160x28x202 cm",Bookcases & shelving units,8695,370.0,60,,open storage that keeps books and decor in sight and in order,"storage, small-room, decoration",Cabinets & cupboards; Chests of drawers & drawer units,Gillis Lundgren,https://www.ikea.com/sa/en/p/billy-bookcase-white-s79017837/
79305098,"JONAXEL - Frame/wire baskets/top shelf, 50x51x70 cm",Bookcases & shelving units,4230,180.0,60,,open storage that keeps books and decor in sight and in order,"storage, small-room, decoration",Cabinets & cupboards; Chests of drawers & drawer units,IKEA of Sweden,https://www.ikea.com/sa/en/p/jonaxel-frame-wire-baskets-top-shelf-s79305098/
79278250,"KALLAX - Shelving unit with 4 inserts, 147x112 cm",Bookcases & shelving units,13982,595.0,60,,open storage that keeps books and decor in sight and in order,"storage, small-room, decoration",Cabinets & cupboards; Chests of drawers & drawer units,Tord Björklund,https://www.ikea.com/sa/en/p/kallax-shelving-unit-with-4-inserts-white-s79278250/
39903791,"ALGOT - Wall upright/shelves, 86x41x85 cm",Bookcases & shelving units,4606,196.0,60,,open storage that keeps books and decor in sight and in order,"storage, small-room, decoration",Cabinets & cupboards; Chests of drawers & drawer units,Francis Cayouette,https://www.ikea.com/sa/en/p/algot-wall-upright-shelves-white-s39903791/
89286382,"EKET - Wall-mounted cabinet combination, 175x25x70 cm",Bookcases & shelving units,15040,640.0,60,,open storage that keeps books and decor in sight and in order,"storage, small-room, decoration",Cabinets & cupboards; Chests of drawers & drawer units,Jon Karlsson/IKEA of Sweden,https://www.ikea.com/sa/en/p/eket-wall-mounted-cabinet-combination-white-white-stained-oak-effect-s89286382/
10275862,"KALLAX - Shelving unit, 147x147 cm",Bookcases & shelving units,11632,495.0,60,,open storage that keeps books and decor in sight and in order,"storage, small-room, decoration",Cabinets & cupboards; Chests of drawers & drawer units,Tord Björklund,https://www.ikea.com/sa/en/p/kallax-shelving-unit-black-brown-10275862/
69190861,"EKET - Cabinet combination with feet, 105x35x107 cm",Bookcases & shelving units,10222,435.0,60,,open storage that keeps books and decor in sight and in order,"storage, small-room, decoration",Cabinets & cupboards; Chests of drawers & drawer units,Jon Karlsson/IKEA of Sweden,https://www.ikea.com/sa/en/p/eket-cabinet-combination-with-feet-dark-grey-s69190861/
9189484,"EKET - Wall-mounted cabinet combination, 105x35x70 cm",Bookcases & shelving units,22983,978.0,60,,open storage that keeps books and decor in sight and in order,"storage, small-room, decoration",Cabinets & cupboards; Chests of drawers & drawer units,IKEA of Sweden/Jon Karlsson,https://www.ikea.com/sa/en/p/eket-wall-mounted-cabinet-combination-white-s09189484/
10218517,"ALGOT - Mesh basket, 38x60x14 cm",Bookcases & shelving units,423,18.0,60,,open storage that keeps books and decor in sight and in order,"storage, small-room, decoration",Cabinets & cupboards; Chests of drawers & drawer units,Francis Cayouette,https://www.ikea.com/sa/en/p/algot-mesh-basket-white-10218517/
9279050,"OLAUS - 2 shelf sections, 197x36x181 cm",Bookcases & shelving units,18142,772.0,60,,open storage that keeps books and decor in sight and in order,"storage, small-room, decoration",Cabinets & cupboards; Chests of drawers & drawer units,IKEA of Sweden,https://www.ikea.com/sa/en/p/olaus-2-shelf-sections-s09279050/
79278269,"KALLAX - Shelving unit with doors, 77x77 cm",Bookcases & shelving units,5052,215.0,60,,open storage that keeps books and decor in sight and in order,"storage, small-room, decoration",Cabinets & cupboards; Chests of drawers & drawer units,Tord Björklund,https://www.ikea.com/sa/en/p/kallax-shelving-unit-with-doors-black-brown-s79278269/
99277122,"BILLY / BOTTNA - Bookcase with display shelf, 40x28x106 cm",Bookcases & shelving units,3290,140.0,60,,open storage that keeps books and decor in sight and in order,"storage, small-room, decoration",Cabinets & cupboards; Chests of drawers & drawer units,K Hagberg/M Hagberg/Gillis Lundgren,https://www.ikea.com/sa/en/p/billy-bottna-bookcase-with-display-shelf-white-beige-s99277122/
19046442,"LIATORP - Storage combination with doors, 276x214 cm",Bookcases & shelving units,101872,4335.0,60,,open storage that keeps books and decor in sight and in order,"storage, small-room, decoration",Cabinets & cupboards; Chests of drawers & drawer units,Carina Bengs,https://www.ikea.com/sa/en/p/liatorp-storage-combination-with-doors-white-s19046442/
69285939,"HYLLIS - Shelving unit with cover, 60x27x74 cm",Bookcases & shelving units,1198,51.0,60,,open storage that keeps books and decor in sight and in order,"storage, small-room, decoration",Cabinets & cupboards; Chests of drawers & drawer units,IKEA of Sweden,https://www.ikea.com/sa/en/p/hyllis-shelving-unit-with-cover-transparent-s69285939/
59902658,"VITTSJÖ - Storage combination, 151x36x175 cm",Bookcases & shelving units,14570,620.0,60,,open storage that keeps books and decor in sight and in order,"storage, small-room, decoration",Cabinets & cupboards; Chests of drawers & drawer units,Johan Kroon,https://www.ikea.com/sa/en/p/vittsjoe-storage-combination-black-brown-glass-s59902658/
29286417,"EKET - Cabinet combination with legs, 35x35x80 cm",Bookcases & shelving units,6228,265.0,60,,open storage that keeps books and decor in sight and in order,"storage, small-room, decoration",Cabinets & cupboards; Chests of drawers & drawer units,Jon Karlsson/IKEA of Sweden,https://www.ikea.com/sa/en/p/eket-cabinet-combination-with-legs-dark-grey-golden-brown-s29286417/
40450350,"KOLBJÖRN - Shelving unit in/outdoor, 80x81 cm",Bookcases & shelving units,5288,225.0,60,,open storage that keeps books and decor in sight and in order,"storage, small-room, decoration",Cabinets & cupboards; Chests of drawers & drawer units,IKEA of Sweden,https://www.ikea.com/sa/en/p/kolbjoern-shelving-unit-in-outdoor-green-40450350/
39285827,"EKET - Wall-mounted shelving unit, 35x25x35 cm",Bookcases & shelving units,1880,80.0,60,,open storage that keeps books and decor in sight and in order,"storage, small-room, decoration",Cabinets & cupboards; Chests of drawers & drawer units,IKEA of Sweden/Jon Karlsson,https://www.ikea.com/sa/en/p/eket-wall-mounted-shelving-unit-dark-grey-s39285827/
89248314,"IVAR - 1 section/shelves, 89x30x179 cm",Bookcases & shelving units,6462,275.0,60,,open storage that keeps books and decor in sight and in order,"storage, small-room, decoration",Cabinets & cupboards; Chests of drawers & drawer units,IKEA of Sweden,https://www.ikea.com/sa/en/p/ivar-1-section-shelves-pine-s89248314/
334536,"EKET - Cabinet with 4 compartments, 70x35x70 cm",Bookcases & shelving units,5522,235.0,60,,open storage that keeps books and decor in sight and in order,"storage, small-room, decoration",Cabinets & cupboards; Chests of drawers & drawer units,Jon Karlsson,https://www.ikea.com/sa/en/p/eket-cabinet-with-4-compartments-dark-grey-00334536/
49189199,"EKET - Cabinet combination with feet, 70x25x72 cm",Bookcases & shelving units,8154,347.0,60,,open storage that keeps books and decor in sight and in order,"storage, small-room, decoration",Cabinets & cupboards; Chests of drawers & drawer units,IKEA of Sweden/Jon Karlsson,https://www.ikea.com/sa/en/p/eket-cabinet-combination-with-feet-dark-grey-s49189199/
9294526,"VITTSJÖ - Storage combination, 200x36x93 cm",Bookcases & shelving units,11515,490.0,60,,open storage that keeps books and decor in sight and in order,"storage, small-room, decoration",Cabinets & cupboards; Chests of drawers & drawer units,Johan Kroon,https://www.ikea.com/sa/en/p/vittsjoe-storage-combination-black-brown-glass-s09294526/
59206004,"BESTÅ - Storage combination with doors, 180x40x74 cm",Bookcases & shelving units,29022,1235.0,60,,open storage that keeps books and decor in sight and in order,"storage, small-room, decoration",Cabinets & cupboards; Chests of drawers & drawer units,IKEA of Sweden,https://www.ikea.com/sa/en/p/besta-storage-combination-with-doors-grey-stained-walnut-effect-kallviken-dark-grey-concrete-effect-s59206004/
99017445,"KALLAX - Shelving unit with doors, 77x147 cm",Bookcases & shelving units,8225,350.0,60,,open storage that keeps books and decor in sight and in order,"storage, small-room, decoration",Cabinets & cupboards; Chests of drawers & drawer units,Tord Björklund,https://www.ikea.com/sa/en/p/kallax-shelving-unit-with-doors-black-brown-s99017445/
40309573,"STUK - Storage case, 55x51x18 cm",Bookcases & shelving units,822,35.0,60,,open storage that keeps books and decor in sight and in order,"storage, small-room, decoration",Cabinets & cupboards; Chests of drawers & drawer units,IKEA of Sweden,https://www.ikea.com/sa/en/p/stuk-storage-case-white-grey-40309573/
49046978,"HEJNE - 4 sections/shelves, 307x50x171 cm",Bookcases & shelving units,16568,705.0,60,,open storage that keeps books and decor in sight and in order,"storage, small-room, decoration",Cabinets & cupboards; Chests of drawers & drawer units,IKEA of Sweden,https://www.ikea.com/sa/en/p/hejne-4-sections-shelves-softwood-s49046978/
10429992,"JONAXEL - Frame, 25x51x70 cm",Bookcases & shelving units,1292,55.0,60,,open storage that keeps books and decor in sight and in order,"storage, small-room, decoration",Cabinets & cupboards; Chests of drawers & drawer units,IKEA of Sweden,https://www.ikea.com/sa/en/p/jonaxel-frame-white-10429992/
50236487,"ALGOT - Mounting rail, 66 cm",Bookcases & shelving units,141,6.0,60,,open storage that keeps books and decor in sight and in order,"storage, small-room, decoration",Cabinets & cupboards; Chests of drawers & drawer units,Francis Cayouette,https://www.ikea.com/sa/en/p/algot-mounting-rail-white-50236487/
10279860,"MORLIDEN - Glass door, 40x192 cm",Bookcases & shelving units,4700,200.0,60,,open storage that keeps books and decor in sight and in order,"storage, small-room, decoration",Cabinets & cupboards; Chests of drawers & drawer units,IKEA of Sweden,https://www.ikea.com/sa/en/p/morliden-glass-door-aluminium-10279860/
29299165,"BESTÅ - TV bench with doors, 180x42x38 cm",Bookcases & shelving units,21738,925.0,60,,open storage that keeps books and decor in sight and in order,"storage, small-room, decoration",Cabinets & cupboards; Chests of drawers & drawer units,IKEA of Sweden,https://www.ikea.com/sa/en/p/besta-tv-bench-with-doors-black-brown-notviken-grey-green-s29299165/
116595,"LIATORP - Bookcase, 96x214 cm",Bookcases & shelving units,23382,995.0,60,,open storage that keeps books and decor in sight and in order,"storage, small-room, decoration",Cabinets & cupboards; Chests of drawers & drawer units,Carina Bengs,https://www.ikea.com/sa/en/p/liatorp-bookcase-white-00116595/
99300839,"BESTÅ - Storage combination w glass doors, 120x42x192 cm",Bookcases & shelving units,38070,1620.0,60,,open storage that keeps books and decor in sight and in order,"storage, small-room, decoration",Cabinets & cupboards; Chests of drawers & drawer units,IKEA of Sweden/Marcus Arvonen,https://www.ikea.com/sa/en/p/besta-storage-combination-w-glass-doors-grey-stained-walnut-effect-notviken-blue-clear-glass-s99300839/
50343147,"BROR - Hook for post, 7x5x3 cm 2 pack",Bookcases & shelving units,352,15.0,60,,open storage that keeps books and decor in sight and in order,"storage, small-room, decoration",Cabinets & cupboards; Chests of drawers & drawer units,IKEA of Sweden,https://www.ikea.com/sa/en/p/bror-hook-for-post-black-50343147/
59182201,"BILLY - Bookcase, 80x28x237 cm",Bookcases & shelving units,6698,285.0,60,,open storage that keeps books and decor in sight and in order,"storage, small-room, decoration",Cabinets & cupboards; Chests of drawers & drawer units,Gillis Lundgren/IKEA of Sweden,https://www.ikea.com/sa/en/p/billy-bookcase-white-s59182201/
79301788,"BESTÅ - Storage combination w doors/drawers, 120x42x240 cm",Bookcases & shelving units,42770,1820.0,60,,open storage that keeps books and decor in sight and in order,"storage, small-room, decoration",Cabinets & cupboards; Chests of drawers & drawer units,Marcus Arvonen/IKEA of Sweden,https://www.ikea.com/sa/en/p/besta-storage-combination-w-doors-drawers-black-brown-hanviken-stubbarp-black-brown-clear-glass-s79301788/
10428332,"HYLLIS - Cover, 60x27x74 cm",Bookcases & shelving units,282,12.0,60,,open storage that keeps books and decor in sight and in order,"storage, small-room, decoration",Cabinets & cupboards; Chests of drawers & drawer units,104.283.32 Suitable for both indoor and outdoor use.The cover is easy to put on and remove.Protects your things from dust.At the top of the cover there is an opening that allows air to circulate.You can also use the shelving unit with cover as a small greenhouse.,https://www.ikea.com/sa/en/p/hyllis-cover-transparent-in-outdoor-10428332/
40322862,"SVALNÄS - Shelf, 81x15 cm",Bookcases & shelving units,1880,80.0,60,,open storage that keeps books and decor in sight and in order,"storage, small-room, decoration",Cabinets & cupboards; Chests of drawers & drawer units,Jon Karlsson,https://www.ikea.com/sa/en/p/svalnaes-shelf-bamboo-40322862/
9287413,"BILLY / OXBERG - Bookcase with panel/glass door, 40x30x202 cm",Bookcases & shelving units,11045,470.0,60,,open storage that keeps books and decor in sight and in order,"storage, small-room, decoration",Cabinets & cupboards; Chests of drawers & drawer units,Gillis Lundgren/K Hagberg/M Hagberg,https://www.ikea.com/sa/en/p/billy-oxberg-bookcase-with-panel-glass-door-brown-ash-veneer-glass-s09287413/
29287389,"BILLY / OXBERG - Bookcase with door, 40x30x106 cm",Bookcases & shelving units,6815,290.0,60,,open storage that keeps books and decor in sight and in order,"storage, small-room, decoration",Cabinets & cupboards; Chests of drawers & drawer units,K Hagberg/M Hagberg/Gillis Lundgren,https://www.ikea.com/sa/en/p/billy-oxberg-bookcase-with-door-brown-ash-veneer-s29287389/
49248311,"IVAR - Shelving unit, 89x30x179 cm",Bookcases & shelving units,7285,310.0,60,,open storage that keeps books and decor in sight and in order,"storage, small-room, decoration",Cabinets & cupboards; Chests of drawers & drawer units,IKEA of Sweden,https://www.ikea.com/sa/en/p/ivar-shelving-unit-pine-s49248311/
49227605,"ENETRI - Shelving unit, 170x158 cm",Bookcases & shelving units,9682,412.0,60,,open storage that keeps books and decor in sight and in order,"storage, small-room, decoration",Cabinets & cupboards; Chests of drawers & drawer units,Niels Gammelgaard,https://www.ikea.com/sa/en/p/enetri-shelving-unit-grey-s49227605/
89302971,"BESTÅ - TV storage combination, 240x42x230 cm",Bookcases & shelving units,58045,2470.0,60,,open storage that keeps books and decor in sight and in order,"storage, small-room, decoration",Cabinets & cupboards; Chests of drawers & drawer units,IKEA of Sweden,https://www.ikea.com/sa/en/p/besta-tv-storage-combination-grey-stained-walnut-effect-lappviken-notviken-stubbarp-grey-green-s89302971/
80336433,"GUBBARP - Knob, 21 mm",Bookcases & shelving units,70,3.0,60,,open storage that keeps books and decor in sight and in order,"storage, small-room, decoration",Cabinets & cupboards; Chests of drawers & drawer units,H Preutz/A Fredriksson,https://www.ikea.com/sa/en/p/gubbarp-knob-white-80336433/
50218563,"ALGOT - Rod for brackets, 60 cm",Bookcases & shelving units,141,6.0,60,,open storage that keeps books and decor in sight and in order,"storage, small-room, decoration",Cabinets & cupboards; Chests of drawers & drawer units,Francis Cayouette,https://www.ikea.com/sa/en/p/algot-rod-for-brackets-white-50218563/
30429991,"JONAXEL - Top shelf for frame, 25x51 cm",Bookcases & shelving units,470,20.0,60,,open storage that keeps books and decor in sight and in order,"storage, small-room, decoration",Cabinets & cupboards; Chests of drawers & drawer units,IKEA of Sweden,https://www.ikea.com/sa/en/p/jonaxel-top-shelf-for-frame-white-30429991/
19306185,"JONAXEL - Frame with mesh baskets/castors, 25x51x73 cm",Bookcases & shelving units,3760,160.0,60,,open storage that keeps books and decor in sight and in order,"storage, small-room, decoration",Cabinets & cupboards; Chests of drawers & drawer units,IKEA of Sweden,https://www.ikea.com/sa/en/p/jonaxel-frame-with-mesh-baskets-castors-s19306185/
69208026,"BESTÅ - Storage combination with doors, 180x42x112 cm",Bookcases & shelving units,40538,1725.0,60,,open storage that keeps books and decor in sight and in order,"storage, small-room, decoration",Cabinets & cupboards; Chests of drawers & drawer units,IKEA of Sweden/Marcus Arvonen,https://www.ikea.com/sa/en/p/besta-storage-combination-with-doors-black-brown-lappviken-sindvik-black-brown-clear-glass-s69208026/
89017832,"BILLY / OXBERG - Bookcase, 160x30x202 cm",Bookcases & shelving units,27025,1150.0,60,,open storage that keeps books and decor in sight and in order,"storage, small-room, decoration",Cabinets & cupboards; Chests of drawers & drawer units,Gillis Lundgren,https://www.ikea.com/sa/en/p/billy-oxberg-bookcase-white-glass-s89017832/
80349001,"EKET - Underframe, 35x35x10 cm",Bookcases & shelving units,1058,45.0,60,,open storage that keeps books and decor in sight and in order,"storage, small-room, decoration",Cabinets & cupboards; Chests of drawers & drawer units,Jon Karlsson,https://www.ikea.com/sa/en/p/eket-underframe-birch-80349001/
69303504,"IVAR - Shelving unit w cabinets/drawers, 89x30x124 cm",Bookcases & shelving units,14688,625.0,60,,open storage that keeps books and decor in sight and in order,"storage, small-room, decoration",Cabinets & cupboards; Chests of drawers & drawer units,IKEA of Sweden,https://www.ikea.com/sa/en/p/ivar-shelving-unit-w-cabinets-drawers-pine-red-s69303504/
89287433,"BILLY / OXBERG - Bookcase w hght ext ut/pnl/glss drs, 40x30x237 cm",Bookcases & shelving units,11868,505.0,60,,open storage that keeps books and decor in sight and in order,"storage, small-room, decoration",Cabinets & cupboards; Chests of drawers & drawer units,IKEA of Sweden,https://www.ikea.com/sa/en/p/billy-oxberg-bookcase-w-hght-ext-ut-pnl-glss-drs-white-glass-s89287433/
9384051,"HEMNES - Storage combination w doors/drawers, 270x197 cm",Bookcases & shelving units,93671,3986.0,60,,open storage that keeps books and decor in sight and in order,"storage, small-room, decoration",Cabinets & cupboards; Chests of drawers & drawer units,Carina Bengs,https://www.ikea.com/sa/en/p/hemnes-storage-combination-w-doors-drawers-white-stained-light-brown-s09384051/
89017827,"BILLY - Bookcase, 200x28x237 cm",Bookcases & shelving units,18682,795.0,60,,open storage that keeps books and decor in sight and in order,"storage, small-room, decoration",Cabinets & cupboards; Chests of drawers & drawer units,IKEA of Sweden/Gillis Lundgren,https://www.ikea.com/sa/en/p/billy-bookcase-white-s89017827/
69325902,"IVAR - 1 section/shelves/drawers, 48x30x179 cm",Bookcases & shelving units,7872,335.0,60,,open storage that keeps books and decor in sight and in order,"storage, small-room, decoration",Cabinets & cupboards; Chests of drawers & drawer units,IKEA of Sweden,https://www.ikea.com/sa/en/p/ivar-1-section-shelves-drawers-pine-red-s69325902/
29248557,"IVAR - 2 sec/storage unit w foldable table, 175x30-104x179 cm",Bookcases & shelving units,29962,1275.0,60,,open storage that keeps books and decor in sight and in order,"storage, small-room, decoration",Cabinets & cupboards; Chests of drawers & drawer units,IKEA of Sweden,https://www.ikea.com/sa/en/p/ivar-2-sec-storage-unit-w-foldable-table-s29248557/
70245952,"BESTÅ - Frame, 120x40x38 cm",Bookcases & shelving units,3995,170.0,60,,open storage that keeps books and decor in sight and in order,"storage, small-room, decoration",Cabinets & cupboards; Chests of drawers & drawer units,IKEA of Sweden,https://www.ikea.com/sa/en/p/besta-frame-black-brown-70245952/
89317557,"KOLBJÖRN - Shelving unit with cabinet, 80x37x161 cm",Bookcases & shelving units,13395,570.0,60,,open storage that keeps books and decor in sight and in order,"storage, small-room, decoration",Cabinets & cupboards; Chests of drawers & drawer units,IKEA of Sweden,https://www.ikea.com/sa/en/p/kolbjoern-shelving-unit-with-cabinet-green-s89317557/
39311765,"ALGOT - Wall upright/shelves, 176x41x197 cm",Bookcases & shelving units,12432,529.0,60,,open storage that keeps books and decor in sight and in order,"storage, small-room, decoration",Cabinets & cupboards; Chests of drawers & drawer units,Francis Cayouette,https://www.ikea.com/sa/en/p/algot-wall-upright-shelves-white-s39311765/
20333951,"EKET - Cabinet w 2 doors and 1 shelf, 70x35x70 cm",Bookcases & shelving units,5546,236.0,60,,open storage that keeps books and decor in sight and in order,"storage, small-room, decoration",Cabinets & cupboards; Chests of drawers & drawer units,Jon Karlsson,https://www.ikea.com/sa/en/p/eket-cabinet-w-2-doors-and-1-shelf-white-20333951/
10429987,"JONAXEL - Adjustable clothes rail, 46-82 cm",Bookcases & shelving units,352,15.0,60,,open storage that keeps books and decor in sight and in order,"storage, small-room, decoration",Cabinets & cupboards; Chests of drawers & drawer units,IKEA of Sweden,https://www.ikea.com/sa/en/p/jonaxel-adjustable-clothes-rail-white-10429987/
20419964,"JONAXEL - Mesh basket, 50x51x15 cm",Bookcases & shelving units,588,25.0,60,,open storage that keeps books and decor in sight and in order,"storage, small-room, decoration",Cabinets & cupboards; Chests of drawers & drawer units,IKEA of Sweden,https://www.ikea.com/sa/en/p/jonaxel-mesh-basket-white-20419964/
9184448,"SVALNÄS - Wall-mounted workspace combination, 86x35x176 cm",Bookcases & shelving units,14570,620.0,60,,open storage that keeps books and decor in sight and in order,"storage, small-room, decoration",Cabinets & cupboards; Chests of drawers & drawer units,Jon Karlsson,https://www.ikea.com/sa/en/p/svalnaes-wall-mounted-workspace-combination-bamboo-s09184448/
99902661,"VITTSJÖ - Shelving unit with laptop table, 202x36x175 cm",Bookcases & shelving units,14312,609.0,60,,open storage that keeps books and decor in sight and in order,"storage, small-room, decoration",Cabinets & cupboards; Chests of drawers & drawer units,Johan Kroon,https://www.ikea.com/sa/en/p/vittsjoe-shelving-unit-with-laptop-table-black-brown-glass-s99902661/
99020476,"BILLY / GNEDBY - Bookcase, 200x28x202 cm",Bookcases & shelving units,22090,940.0,60,,open storage that keeps books and decor in sight and in order,"storage, small-room, decoration",Cabinets & cupboards; Chests of drawers & drawer units,IKEA of Sweden/Gillis Lundgren,https://www.ikea.com/sa/en/p/billy-gnedby-bookcase-black-brown-s99020476/
69020473,"BILLY / OXBERG - Bookcase, 200x30x237 cm",Bookcases & shelving units,53932,2295.0,60,,open storage that keeps books and decor in sight and in order,"storage, small-room, decoration",Cabinets & cupboards; Chests of drawers & drawer units,IKEA of Sweden/Gillis Lundgren,https://www.ikea.com/sa/en/p/billy-oxberg-bookcase-black-brown-s69020473/
90344927,"EKET - Cabinet with door, 35x35x35 cm",Bookcases & shelving units,2326,99.0,60,,open storage that keeps books and decor in sight and in order,"storage, small-room, decoration",Cabinets & cupboards; Chests of drawers & drawer units,Jon Karlsson,https://www.ikea.com/sa/en/p/eket-cabinet-with-door-dark-grey-90344927/
89276463,"BROR - Shelving unit, 65x40x190 cm",Bookcases & shelving units,10458,445.0,60,,open storage that keeps books and decor in sight and in order,"storage, small-room, decoration",Cabinets & cupboards; Chests of drawers & drawer units,IKEA of Sweden,https://www.ikea.com/sa/en/p/bror-shelving-unit-black-s89276463/
90218561,"ALGOT - Drying rack, 60 cm",Bookcases & shelving units,682,29.0,60,,open storage that keeps books and decor in sight and in order,"storage, small-room, decoration",Cabinets & cupboards; Chests of drawers & drawer units,Francis Cayouette,https://www.ikea.com/sa/en/p/algot-drying-rack-white-90218561/
89309722,"IVAR - Shelving unit, 89x30x124 cm",Bookcases & shelving units,5522,235.0,60,,open storage that keeps books and decor in sight and in order,"storage, small-room, decoration",Cabinets & cupboards; Chests of drawers & drawer units,IKEA of Sweden,https://www.ikea.com/sa/en/p/ivar-shelving-unit-pine-s89309722/
20278167,"KALLAX - Insert with door, 33x33 cm",Bookcases & shelving units,1175,50.0,60,,open storage that keeps books and decor in sight and in order,"storage, small-room, decoration",Cabinets & cupboards; Chests of drawers & drawer units,Tord Björklund,https://www.ikea.com/sa/en/p/kallax-insert-with-door-white-20278167/
59248377,"IVAR - 3 sections/shelves, 259x30x226 cm",Bookcases & shelving units,18682,795.0,60,,open storage that keeps books and decor in sight and in order,"storage, small-room, decoration",Cabinets & cupboards; Chests of drawers & drawer units,IKEA of Sweden,https://www.ikea.com/sa/en/p/ivar-3-sections-shelves-pine-s59248377/
69284987,"BESTÅ - Cabinet unit, 60x40x202 cm",Bookcases & shelving units,9870,420.0,60,,open storage that keeps books and decor in sight and in order,"storage, small-room, decoration",Cabinets & cupboards; Chests of drawers & drawer units,IKEA of Sweden,https://www.ikea.com/sa/en/p/besta-cabinet-unit-black-brown-s69284987/
90323393,FIXA - Drill template,Bookcases & shelving units,132,5.6,60,,open storage that keeps books and decor in sight and in order,"storage, small-room, decoration",Cabinets & cupboards; Chests of drawers & drawer units,903.233.93 Drill template for marking the hole location of knobs or handles makes it easier for you to place them correctly.The strip on the drill template is put against the edge of the door or drawer front; helps you to place the handle perfectly straight vertically or horizontally.,https://www.ikea.com/sa/en/p/fixa-drill-template-orange-90323393/
9306204,"JONAXEL - Frames/clothes rails/shelving units, 148x51x173 cm",Bookcases & shelving units,13748,585.0,60,,open storage that keeps books and decor in sight and in order,"storage, small-room, decoration",Cabinets & cupboards; Chests of drawers & drawer units,IKEA of Sweden,https://www.ikea.com/sa/en/p/jonaxel-frames-clothes-rails-shelving-units-s09306204/
60245957,"BESTÅ - Frame, 60x20x38 cm",Bookcases & shelving units,2350,100.0,60,,open storage that keeps books and decor in sight and in order,"storage, small-room, decoration",Cabinets & cupboards; Chests of drawers & drawer units,IKEA of Sweden,https://www.ikea.com/sa/en/p/besta-frame-black-brown-60245957/
29286460,"EKET - Cabinet combination with feet, 280x35x72 cm",Bookcases & shelving units,23547,1002.0,60,,open storage that keeps books and decor in sight and in order,"storage, small-room, decoration",Cabinets & cupboards; Chests of drawers & drawer units,IKEA of Sweden/Jon Karlsson,https://www.ikea.com/sa/en/p/eket-cabinet-combination-with-feet-dark-grey-light-grey-red-s29286460/
80373703,"EKET - Cabinet, 35x25x35 cm",Bookcases & shelving units,1528,65.0,60,,open storage that keeps books and decor in sight and in order,"storage, small-room, decoration",Cabinets & cupboards; Chests of drawers & drawer units,Jon Karlsson,https://www.ikea.com/sa/en/p/eket-cabinet-golden-brown-80373703/
87749600,"OBSERVATÖR - Cross-brace, 100 cm",Bookcases & shelving units,118,5.0,60,,open storage that keeps books and decor in sight and in order,"storage, small-room, decoration",Cabinets & cupboards; Chests of drawers & drawer units,IKEA of Sweden,https://www.ikea.com/sa/en/p/observatoer-cross-brace-galvanised-87749600/
70286645,"KALLAX - Insert with 2 drawers, 33x33 cm",Bookcases & shelving units,1762,75.0,60,,open storage that keeps books and decor in sight and in order,"storage, small-room, decoration",Cabinets & cupboards; Chests of drawers & drawer units,Tord Björklund,https://www.ikea.com/sa/en/p/kallax-insert-with-2-drawers-white-70286645/
80322860,"SVALNÄS - Shelf, 61x15 cm",Bookcases & shelving units,1645,70.0,60,,open storage that keeps books and decor in sight and in order,"storage, small-room, decoration",Cabinets & cupboards; Chests of drawers & drawer units,Jon Karlsson,https://www.ikea.com/sa/en/p/svalnaes-shelf-bamboo-80322860/
9297488,"JONAXEL - Frame with mesh baskets, 50x51x104 cm",Bookcases & shelving units,5405,230.0,60,,open storage that keeps books and decor in sight and in order,"storage, small-room, decoration",Cabinets & cupboards; Chests of drawers & drawer units,IKEA of Sweden,https://www.ikea.com/sa/en/p/jonaxel-frame-with-mesh-baskets-s09297488/
29281783,"BILLY / OXBERG - Bookcase with panel/glass doors, 120x30x202 cm",Bookcases & shelving units,29492,1255.0,60,,open storage that keeps books and decor in sight and in order,"storage, small-room, decoration",Cabinets & cupboards; Chests of drawers & drawer units,K Hagberg/M Hagberg/Gillis Lundgren,https://www.ikea.com/sa/en/p/billy-oxberg-bookcase-with-panel-glass-doors-brown-ash-veneer-glass-s29281783/
59197981,"BESTÅ - TV bench with drawers, 120x42x48 cm",Bookcases & shelving units,18095,770.0,60,,open storage that keeps books and decor in sight and in order,"storage, small-room, decoration",Cabinets & cupboards; Chests of drawers & drawer units,IKEA of Sweden,https://www.ikea.com/sa/en/p/besta-tv-bench-with-drawers-grey-stained-walnut-effect-lappviken-stubbarp-lappviken-light-grey-s59197981/
49061228,"BESTÅ - TV bench, 120x40x48 cm",Bookcases & shelving units,11985,510.0,60,,open storage that keeps books and decor in sight and in order,"storage, small-room, decoration",Cabinets & cupboards; Chests of drawers & drawer units,IKEA of Sweden,https://www.ikea.com/sa/en/p/besta-tv-bench-black-brown-s49061228/
59248551,"IVAR - 1 sec/storage unit w foldable table, 89x30-104x179 cm",Bookcases & shelving units,18212,775.0,60,,open storage that keeps books and decor in sight and in order,"storage, small-room, decoration",Cabinets & cupboards; Chests of drawers & drawer units,IKEA of Sweden,https://www.ikea.com/sa/en/p/ivar-1-sec-storage-unit-w-foldable-table-s59248551/
19291650,"KOLBJÖRN - Shelving unit with 2 cabinets, 171x37x161 cm",Bookcases & shelving units,29728,1265.0,60,,open storage that keeps books and decor in sight and in order,"storage, small-room, decoration",Cabinets & cupboards; Chests of drawers & drawer units,IKEA of Sweden,https://www.ikea.com/sa/en/p/kolbjoern-shelving-unit-with-2-cabinets-beige-s19291650/
50046152,"HEDRA - Knob, 32 mm",Bookcases & shelving units,212,9.0,60,,open storage that keeps books and decor in sight and in order,"storage, small-room, decoration",Cabinets & cupboards; Chests of drawers & drawer units,IKEA of Sweden,https://www.ikea.com/sa/en/p/hedra-knob-anthracite-50046152/
50293604,"BESTÅ - Supporting leg, 10 cm",Bookcases & shelving units,352,15.0,60,,open storage that keeps books and decor in sight and in order,"storage, small-room, decoration",Cabinets & cupboards; Chests of drawers & drawer units,IKEA of Sweden,https://www.ikea.com/sa/en/p/besta-supporting-leg-grey-50293604/
90419965,"JONAXEL - Mesh basket, 25x51x15 cm",Bookcases & shelving units,470,20.0,60,,open storage that keeps books and decor in sight and in order,"storage, small-room, decoration",Cabinets & cupboards; Chests of drawers & drawer units,IKEA of Sweden,https://www.ikea.com/sa/en/p/jonaxel-mesh-basket-white-90419965/
338412,"BAGGANÄS - Knob, 21 mm",Bookcases & shelving units,634,27.0,60,,open storage that keeps books and decor in sight and in order,"storage, small-room, decoration",Cabinets & cupboards; Chests of drawers & drawer units,H Preutz/A Fredriksson,https://www.ikea.com/sa/en/p/bagganaes-knob-brass-colour-00338412/
20348896,"ÖSTERNÄS - Leather handle, 65 mm",Bookcases & shelving units,1152,49.0,60,,open storage that keeps books and decor in sight and in order,"storage, small-room, decoration",Cabinets & cupboards; Chests of drawers & drawer units,H Preutz/A Fredriksson,https://www.ikea.com/sa/en/p/oesternaes-leather-handle-tanned-leather-20348896/
59282998,"BROR - Shelving unit, 85x55x190 cm",Bookcases & shelving units,13630,580.0,60,,open storage that keeps books and decor in sight and in order,"storage, small-room, decoration",Cabinets & cupboards; Chests of drawers & drawer units,IKEA of Sweden,https://www.ikea.com/sa/en/p/bror-shelving-unit-black-s59282998/
30434186,"ALGOT - Shelf, 60x38 cm",Bookcases & shelving units,705,30.0,60,,open storage that keeps books and decor in sight and in order,"storage, small-room, decoration",Cabinets & cupboards; Chests of drawers & drawer units,Francis Cayouette,https://www.ikea.com/sa/en/p/algot-shelf-metal-black-30434186/
70344933,"EKET - Cabinet with 3 drawers, 70x35x70 cm",Bookcases & shelving units,14688,625.0,60,,open storage that keeps books and decor in sight and in order,"storage, small-room, decoration",Cabinets & cupboards; Chests of drawers & drawer units,Jon Karlsson,https://www.ikea.com/sa/en/p/eket-cabinet-with-3-drawers-dark-grey-70344933/
29205534,"BESTÅ - Storage combination with doors, 120x40x192 cm",Bookcases & shelving units,25404,1081.0,60,,open storage that keeps books and decor in sight and in order,"storage, small-room, decoration",Cabinets & cupboards; Chests of drawers & drawer units,IKEA of Sweden,https://www.ikea.com/sa/en/p/besta-storage-combination-with-doors-grey-stained-walnut-effect-lappviken-light-grey-s29205534/
90294989,"SKUBB - Storage case, 69x55x19 cm",Bookcases & shelving units,1152,49.0,60,,open storage that keeps books and decor in sight and in order,"storage, small-room, decoration",Cabinets & cupboards; Chests of drawers & drawer units,IKEA of Sweden,https://www.ikea.com/sa/en/p/skubb-storage-case-white-90294989/
80318165,"IVAR - Shelf, 83x50 cm",Bookcases & shelving units,1152,49.0,60,,open storage that keeps books and decor in sight and in order,"storage, small-room, decoration",Cabinets & cupboards; Chests of drawers & drawer units,IKEA of Sweden,https://www.ikea.com/sa/en/p/ivar-shelf-pine-80318165/
30333286,"BROR - Work bench, 110x55 cm",Bookcases & shelving units,15158,645.0,60,,open storage that keeps books and decor in sight and in order,"storage, small-room, decoration",Cabinets & cupboards; Chests of drawers & drawer units,IKEA of Sweden,https://www.ikea.com/sa/en/p/bror-work-bench-black-pine-plywood-30333286/
80430204,"HYLLIS - Cover, 60x27x140 cm",Bookcases & shelving units,588,25.0,60,,open storage that keeps books and decor in sight and in order,"storage, small-room, decoration",Cabinets & cupboards; Chests of drawers & drawer units,804.302.04 Suitable for both indoor and outdoor use.The cover is easy to put on and remove.Protects your things from dust.At the top of the cover there is an opening that allows air to circulate.You can also use the shelving unit with cover as a small greenhouse.,https://www.ikea.com/sa/en/p/hyllis-cover-transparent-in-outdoor-80430204/
19291645,"KOLBJÖRN - Shelving unit with cabinet, 80x37x161 cm",Bookcases & shelving units,13395,570.0,60,,open storage that keeps books and decor in sight and in order,"storage, small-room, decoration",Cabinets & cupboards; Chests of drawers & drawer units,IKEA of Sweden,https://www.ikea.com/sa/en/p/kolbjoern-shelving-unit-with-cabinet-beige-s19291645/
20423720,"KALLAX - Insert with 1 shelf, 33x33 cm",Bookcases & shelving units,1762,75.0,60,,open storage that keeps books and decor in sight and in order,"storage, small-room, decoration",Cabinets & cupboards; Chests of drawers & drawer units,204.237.20 Easy to assemble.The insert looks nice in a room divider as the back has also been finished.You can use the inserts to customise KALLAX shelving unit so that it suits your storage needs.Dimensioned for KALLAX shelving unit.To be completed with KALLAX shelving unit.,https://www.ikea.com/sa/en/p/kallax-insert-with-1-shelf-white-20423720/
89297130,"JONAXEL - Frame with wire baskets, 25x51x70 cm",Bookcases & shelving units,2702,115.0,60,,open storage that keeps books and decor in sight and in order,"storage, small-room, decoration",Cabinets & cupboards; Chests of drawers & drawer units,IKEA of Sweden,https://www.ikea.com/sa/en/p/jonaxel-frame-with-wire-baskets-s89297130/
450352,"IVAR - Cabinet with doors, 80x83 cm",Bookcases & shelving units,8108,345.0,60,,open storage that keeps books and decor in sight and in order,"storage, small-room, decoration",Cabinets & cupboards; Chests of drawers & drawer units,IKEA of Sweden,https://www.ikea.com/sa/en/p/ivar-cabinet-with-doors-red-00450352/
347888,"EDVALLA - Drop handle, 18 mm",Bookcases & shelving units,588,25.0,60,,open storage that keeps books and decor in sight and in order,"storage, small-room, decoration",Cabinets & cupboards; Chests of drawers & drawer units,Francis Cayouette,https://www.ikea.com/sa/en/p/edvalla-drop-handle-black-00347888/
49297491,"JONAXEL - Frame with mesh baskets/castors, 50x51x73 cm",Bookcases & shelving units,4582,195.0,60,,open storage that keeps books and decor in sight and in order,"storage, small-room, decoration",Cabinets & cupboards; Chests of drawers & drawer units,IKEA of Sweden,https://www.ikea.com/sa/en/p/jonaxel-frame-with-mesh-baskets-castors-s49297491/
59317554,"JONAXEL - Frame/wire baskets/clothes rails, 142-178x51x139 cm",Bookcases & shelving units,12102,515.0,60,,open storage that keeps books and decor in sight and in order,"storage, small-room, decoration",Cabinets & cupboards; Chests of drawers & drawer units,IKEA of Sweden,https://www.ikea.com/sa/en/p/jonaxel-frame-wire-baskets-clothes-rails-s59317554/
20218545,"ALGOT - Bracket, 38 cm",Bookcases & shelving units,212,9.0,60,,open storage that keeps books and decor in sight and in order,"storage, small-room, decoration",Cabinets & cupboards; Chests of drawers & drawer units,Francis Cayouette,https://www.ikea.com/sa/en/p/algot-bracket-white-20218545/
10322849,"SVALNÄS - Wall upright, 176 cm",Bookcases & shelving units,1058,45.0,60,,open storage that keeps books and decor in sight and in order,"storage, small-room, decoration",Cabinets & cupboards; Chests of drawers & drawer units,Jon Karlsson,https://www.ikea.com/sa/en/p/svalnaes-wall-upright-bamboo-10322849/
60295532,"BESTÅ - Glass shelf, 56x36 cm",Bookcases & shelving units,705,30.0,60,,open storage that keeps books and decor in sight and in order,"storage, small-room, decoration",Cabinets & cupboards; Chests of drawers & drawer units,IKEA of Sweden,https://www.ikea.com/sa/en/p/besta-glass-shelf-glass-60295532/
49286341,"EKET - Wall-mounted cabinet combination, 105x35x70 cm",Bookcases & shelving units,6298,268.0,60,,open storage that keeps books and decor in sight and in order,"storage, small-room, decoration",Cabinets & cupboards; Chests of drawers & drawer units,IKEA of Sweden/Jon Karlsson,https://www.ikea.com/sa/en/p/eket-wall-mounted-cabinet-combination-golden-brown-dark-grey-s49286341/
49301921,"BESTÅ - Storage combination w glass doors, 60x22x202 cm",Bookcases & shelving units,27142,1155.0,60,,open storage that keeps books and decor in sight and in order,"storage, small-room, decoration",Cabinets & cupboards; Chests of drawers & drawer units,Carl Öjerstam/IKEA of Sweden,https://www.ikea.com/sa/en/p/besta-storage-combination-w-glass-doors-black-brown-glassvik-stallarp-dark-red-brown-clear-glass-s49301921/
99286862,"BESTÅ / EKET - Cabinet combination for TV, 300x42x210 cm",Bookcases & shelving units,37083,1578.0,60,,open storage that keeps books and decor in sight and in order,"storage, small-room, decoration",Cabinets & cupboards; Chests of drawers & drawer units,IKEA of Sweden/Jon Karlsson,https://www.ikea.com/sa/en/p/besta-eket-cabinet-combination-for-tv-white-light-grey-dark-grey-s99286862/
59248320,"IVAR - 1 section/shelves, 89x50x179 cm",Bookcases & shelving units,8718,371.0,60,,open storage that keeps books and decor in sight and in order,"storage, small-room, decoration",Cabinets & cupboards; Chests of drawers & drawer units,IKEA of Sweden,https://www.ikea.com/sa/en/p/ivar-1-section-shelves-pine-s59248320/
10338421,"BAGGANÄS - Knob, 20 mm",Bookcases & shelving units,634,27.0,60,,open storage that keeps books and decor in sight and in order,"storage, small-room, decoration",Cabinets & cupboards; Chests of drawers & drawer units,H Preutz/A Fredriksson,https://www.ikea.com/sa/en/p/bagganaes-knob-stainless-steel-10338421/
335885,SKÅDIS - Connector for ALGOT,Bookcases & shelving units,141,6.0,60,,open storage that keeps books and decor in sight and in order,"storage, small-room, decoration",Cabinets & cupboards; Chests of drawers & drawer units,Eva Lilja Löwenhielm,https://www.ikea.com/sa/en/p/skadis-connector-for-algot-white-00335885/
70391038,"HAVSTA - Shelving unit with plinth, 61x37x212 cm",Bookcases & shelving units,16332,695.0,60,,open storage that keeps books and decor in sight and in order,"storage, small-room, decoration",Cabinets & cupboards; Chests of drawers & drawer units,IKEA of Sweden,https://www.ikea.com/sa/en/p/havsta-shelving-unit-with-plinth-dark-brown-70391038/
10334611,"EKET - Underframe, 70x35x10 cm",Bookcases & shelving units,1762,75.0,60,,open storage that keeps books and decor in sight and in order,"storage, small-room, decoration",Cabinets & cupboards; Chests of drawers & drawer units,Jon Karlsson,https://www.ikea.com/sa/en/p/eket-underframe-birch-10334611/
89272709,"BROR - Shelving unit with cabinets, 170x40x190 cm",Bookcases & shelving units,40185,1710.0,60,,open storage that keeps books and decor in sight and in order,"storage, small-room, decoration",Cabinets & cupboards; Chests of drawers & drawer units,IKEA of Sweden,https://www.ikea.com/sa/en/p/bror-shelving-unit-with-cabinets-black-s89272709/
9177626,"BILLY - Bookcase, 40x28x237 cm",Bookcases & shelving units,7168,305.0,60,,open storage that keeps books and decor in sight and in order,"storage, small-room, decoration",Cabinets & cupboards; Chests of drawers & drawer units,Gillis Lundgren/IKEA of Sweden,https://www.ikea.com/sa/en/p/billy-bookcase-brown-ash-veneer-s09177626/
19266603,"BESTÅ - TV bench with doors, 120x42x74 cm",Bookcases & shelving units,21385,910.0,60,,open storage that keeps books and decor in sight and in order,"storage, small-room, decoration",Cabinets & cupboards; Chests of drawers & drawer units,IKEA of Sweden,https://www.ikea.com/sa/en/p/besta-tv-bench-with-doors-grey-stained-walnut-effect-vassviken-stubbarp-white-s19266603/
29248208,"IVAR - 4 sections/shelves/cabinet, 344x30x226 cm",Bookcases & shelving units,53462,2275.0,60,,open storage that keeps books and decor in sight and in order,"storage, small-room, decoration",Cabinets & cupboards; Chests of drawers & drawer units,Sarah Fager/IKEA of Sweden,https://www.ikea.com/sa/en/p/ivar-4-sections-shelves-cabinet-pine-white-s29248208/
80344923,"EKET - Cabinet with 2 drawers, 70x35x35 cm",Bookcases & shelving units,8812,375.0,60,,open storage that keeps books and decor in sight and in order,"storage, small-room, decoration",Cabinets & cupboards; Chests of drawers & drawer units,Jon Karlsson,https://www.ikea.com/sa/en/p/eket-cabinet-with-2-drawers-dark-grey-80344923/
49189203,"EKET - Cabinet combination with feet, 105x35x72 cm",Bookcases & shelving units,12102,515.0,60,,open storage that keeps books and decor in sight and in order,"storage, small-room, decoration",Cabinets & cupboards; Chests of drawers & drawer units,IKEA of Sweden/Jon Karlsson,https://www.ikea.com/sa/en/p/eket-cabinet-combination-with-feet-white-s49189203/
99297144,"JONAXEL - Frame with mesh baskets, 50x51x70 cm",Bookcases & shelving units,3995,170.0,60,,open storage that keeps books and decor in sight and in order,"storage, small-room, decoration",Cabinets & cupboards; Chests of drawers & drawer units,IKEA of Sweden,https://www.ikea.com/sa/en/p/jonaxel-frame-with-mesh-baskets-s99297144/
10293597,NANNARP - Leg,Bookcases & shelving units,940,40.0,60,,open storage that keeps books and decor in sight and in order,"storage, small-room, decoration",Cabinets & cupboards; Chests of drawers & drawer units,Carl Öjerstam,https://www.ikea.com/sa/en/p/nannarp-leg-black-10293597/
40347508,"ENERYDA - Knob, 27 mm",Bookcases & shelving units,517,22.0,60,,open storage that keeps books and decor in sight and in order,"storage, small-room, decoration",Cabinets & cupboards; Chests of drawers & drawer units,Francis Cayouette,https://www.ikea.com/sa/en/p/eneryda-knob-brass-colour-40347508/
80334617,EKET - Connection fittings,Bookcases & shelving units,282,12.0,60,,open storage that keeps books and decor in sight and in order,"storage, small-room, decoration",Cabinets & cupboards; Chests of drawers & drawer units,IKEA of Sweden,https://www.ikea.com/sa/en/p/eket-connection-fittings-80334617/
39231603,"BESTÅ - Wall-mounted cabinet combination, 180x42x64 cm",Bookcases & shelving units,18682,795.0,60,,open storage that keeps books and decor in sight and in order,"storage, small-room, decoration",Cabinets & cupboards; Chests of drawers & drawer units,IKEA of Sweden,https://www.ikea.com/sa/en/p/besta-wall-mounted-cabinet-combination-black-brown-lappviken-black-brown-s39231603/
60443622,"BESTÅ - Top panel, 120x42 cm",Bookcases & shelving units,3525,150.0,60,,open storage that keeps books and decor in sight and in order,"storage, small-room, decoration",Cabinets & cupboards; Chests of drawers & drawer units,IKEA of Sweden,https://www.ikea.com/sa/en/p/besta-top-panel-concrete-effect-light-grey-60443622/
69287373,"BILLY / MORLIDEN - Bookcase with glass door, 40x30x106 cm",Bookcases & shelving units,7402,315.0,60,,open storage that keeps books and decor in sight and in order,"storage, small-room, decoration",Cabinets & cupboards; Chests of drawers & drawer units,IKEA of Sweden/Gillis Lundgren,https://www.ikea.com/sa/en/p/billy-morliden-bookcase-with-glass-door-black-brown-glass-s69287373/
99248554,"IVAR - 2 sec/storage unit w foldable table, 134x30-104x226 cm",Bookcases & shelving units,23970,1020.0,60,,open storage that keeps books and decor in sight and in order,"storage, small-room, decoration",Cabinets & cupboards; Chests of drawers & drawer units,IKEA of Sweden,https://www.ikea.com/sa/en/p/ivar-2-sec-storage-unit-w-foldable-table-s99248554/
29278262,"KALLAX - Shelving unit with 6 inserts, 112x147 cm",Bookcases & shelving units,17508,745.0,60,,open storage that keeps books and decor in sight and in order,"storage, small-room, decoration",Cabinets & cupboards; Chests of drawers & drawer units,Tord Björklund,https://www.ikea.com/sa/en/p/kallax-shelving-unit-with-6-inserts-white-s29278262/
79286636,"EKET - Cabinet combination with legs, 210x35x210 cm",Bookcases & shelving units,47470,2020.0,60,,open storage that keeps books and decor in sight and in order,"storage, small-room, decoration",Cabinets & cupboards; Chests of drawers & drawer units,IKEA of Sweden/Jon Karlsson,https://www.ikea.com/sa/en/p/eket-cabinet-combination-with-legs-white-white-stained-oak-effect-light-grey-dark-grey-s79286636/
10434187,"ALGOT - Bracket, 38 cm",Bookcases & shelving units,212,9.0,60,,open storage that keeps books and decor in sight and in order,"storage, small-room, decoration",Cabinets & cupboards; Chests of drawers & drawer units,Francis Cayouette,https://www.ikea.com/sa/en/p/algot-bracket-black-10434187/
60409294,"KOLBJÖRN - Shelving unit in/outdoor, 80x81 cm",Bookcases & shelving units,5288,225.0,60,,open storage that keeps books and decor in sight and in order,"storage, small-room, decoration",Cabinets & cupboards; Chests of drawers & drawer units,IKEA of Sweden,https://www.ikea.com/sa/en/p/kolbjoern-shelving-unit-in-outdoor-beige-60409294/
30284846,"BESTÅ - Suspension rail, 60 cm",Bookcases & shelving units,588,25.0,60,,open storage that keeps books and decor in sight and in order,"storage, small-room, decoration",Cabinets & cupboards; Chests of drawers & drawer units,IKEA of Sweden,https://www.ikea.com/sa/en/p/besta-suspension-rail-silver-colour-30284846/
19297138,"JONAXEL - Frame with wire baskets, 50x51x104 cm",Bookcases & shelving units,4700,200.0,60,,open storage that keeps books and decor in sight and in order,"storage, small-room, decoration",Cabinets & cupboards; Chests of drawers & drawer units,IKEA of Sweden,https://www.ikea.com/sa/en/p/jonaxel-frame-with-wire-baskets-s19297138/
50373709,"EKET - Cabinet, 35x35x35 cm",Bookcases & shelving units,1856,79.0,60,,open storage that keeps books and decor in sight and in order,"storage, small-room, decoration",Cabinets & cupboards; Chests of drawers & drawer units,Jon Karlsson,https://www.ikea.com/sa/en/p/eket-cabinet-golden-brown-50373709/
79094213,"ALGOT - Wall upright/shelves, 46x41x197 cm",Bookcases & shelving units,6373,271.2,60,,open storage that keeps books and decor in sight and in order,"storage, small-room, decoration",Cabinets & cupboards; Chests of drawers & drawer units,Francis Cayouette,https://www.ikea.com/sa/en/p/algot-wall-upright-shelves-white-s79094213/
89030584,"KALLAX - Shelving unit with 4 inserts, 147x147 cm",Bookcases & shelving units,13042,555.0,60,,open storage that keeps books and decor in sight and in order,"storage, small-room, decoration",Cabinets & cupboards; Chests of drawers & drawer units,Tord Björklund/IKEA of Sweden,https://www.ikea.com/sa/en/p/kallax-shelving-unit-with-4-inserts-white-s89030584/
344941,"EKET - Cabinet w door and 2 shelves, 35x25x70 cm",Bookcases & shelving units,4112,175.0,60,,open storage that keeps books and decor in sight and in order,"storage, small-room, decoration",Cabinets & cupboards; Chests of drawers & drawer units,Jon Karlsson,https://www.ikea.com/sa/en/p/eket-cabinet-w-door-and-2-shelves-dark-grey-00344941/
10318159,"IVAR - Shelf, 42x30 cm",Bookcases & shelving units,588,25.0,60,,open storage that keeps books and decor in sight and in order,"storage, small-room, decoration",Cabinets & cupboards; Chests of drawers & drawer units,IKEA of Sweden,https://www.ikea.com/sa/en/p/ivar-shelf-pine-10318159/
40452617,"BROR - Shelf, 84x39 cm",Bookcases & shelving units,1998,85.0,60,,open storage that keeps books and decor in sight and in order,"storage, small-room, decoration",Cabinets & cupboards; Chests of drawers & drawer units,IKEA of Sweden,https://www.ikea.com/sa/en/p/bror-shelf-white-40452617/
49311492,"JONAXEL - Frame with clothes rail, 50x51x104 cm",Bookcases & shelving units,2232,95.0,60,,open storage that keeps books and decor in sight and in order,"storage, small-room, decoration",Cabinets & cupboards; Chests of drawers & drawer units,IKEA of Sweden,https://www.ikea.com/sa/en/p/jonaxel-frame-with-clothes-rail-s49311492/
59276266,"BESTÅ - TV bench with drawers, 180x42x74 cm",Bookcases & shelving units,32430,1380.0,60,,open storage that keeps books and decor in sight and in order,"storage, small-room, decoration",Cabinets & cupboards; Chests of drawers & drawer units,Carl Öjerstam/Marcus Arvonen/IKEA of Sweden,https://www.ikea.com/sa/en/p/besta-tv-bench-with-drawers-grey-stained-walnut-effect-lappviken-stallarp-grey-stained-walnut-eff-clear-glass-s59276266/
19286272,"EKET - Wall-mounted shelving unit w 4 comp, 70x35x70 cm",Bookcases & shelving units,5992,255.0,60,,open storage that keeps books and decor in sight and in order,"storage, small-room, decoration",Cabinets & cupboards; Chests of drawers & drawer units,IKEA of Sweden/Jon Karlsson,https://www.ikea.com/sa/en/p/eket-wall-mounted-shelving-unit-w-4-comp-red-s19286272/
90334612,"EKET - Underframe, 35x25x10 cm",Bookcases & shelving units,1058,45.0,60,,open storage that keeps books and decor in sight and in order,"storage, small-room, decoration",Cabinets & cupboards; Chests of drawers & drawer units,Jon Karlsson,https://www.ikea.com/sa/en/p/eket-underframe-birch-90334612/
30269129,"BESTÅ BURS - TV bench, 180x41x49 cm",Bookcases & shelving units,28082,1195.0,60,,open storage that keeps books and decor in sight and in order,"storage, small-room, decoration",Cabinets & cupboards; Chests of drawers & drawer units,Mikael Warnhammar,https://www.ikea.com/sa/en/p/besta-burs-tv-bench-high-gloss-white-30269129/
286677,"HEJNE - Post, 171 cm 2 pack",Bookcases & shelving units,822,35.0,60,,open storage that keeps books and decor in sight and in order,"storage, small-room, decoration",Cabinets & cupboards; Chests of drawers & drawer units,IKEA of Sweden,https://www.ikea.com/sa/en/p/hejne-post-softwood-00286677/
323359,"BILLY - Height extension unit, 40x28x35 cm",Bookcases & shelving units,1880,80.0,60,,open storage that keeps books and decor in sight and in order,"storage, small-room, decoration",Cabinets & cupboards; Chests of drawers & drawer units,IKEA of Sweden,https://www.ikea.com/sa/en/p/billy-height-extension-unit-brown-ash-veneer-00323359/
60293566,STUBBARP - Leg,Bookcases & shelving units,822,35.0,60,,open storage that keeps books and decor in sight and in order,"storage, small-room, decoration",Cabinets & cupboards; Chests of drawers & drawer units,IKEA of Sweden,https://www.ikea.com/sa/en/p/stubbarp-leg-black-brown-60293566/
50347503,"ENERYDA - Knob, 20 mm",Bookcases & shelving units,400,17.0,60,,open storage that keeps books and decor in sight and in order,"storage, small-room, decoration",Cabinets & cupboards; Chests of drawers & drawer units,Francis Cayouette,https://www.ikea.com/sa/en/p/eneryda-knob-chrome-plated-50347503/
80294503,"BESTÅ - TV bench, 120x40x38 cm",Bookcases & shelving units,8812,375.0,60,,open storage that keeps books and decor in sight and in order,"storage, small-room, decoration",Cabinets & cupboards; Chests of drawers & drawer units,"802.945.03 It’s easy to keep the cables from your TV and other devices out of sight but close at hand, as there are several cable outlets at the back of the TV bench.You can choose to stand the TV bench on the floor or mount it on the wall to free up floor space.If you want to organise inside you can complement with BESTÅ interior fittings.Steady also on uneven floors, thanks to the adjustable feet.This furniture must be fixed to the wall with the enclosed wall fastener.This TV bench can take a max load of 50 kg on the top.Different wall materials require different types of fixing devices. Use fixing devices suitable for the walls in your home, sold separately.May be completed with STALLARP, STUBBARP or NANNARP legs. This TV bench requires 4 legs and 1 BESTÅ supporting leg.May be completed with SULARP legs. This TV bench requires 2 legs and 1 BESTÅ supporting leg.",https://www.ikea.com/sa/en/p/besta-tv-bench-white-80294503/
39272641,"BROR - Shelving unit, 65x40x110 cm",Bookcases & shelving units,8108,345.0,60,,open storage that keeps books and decor in sight and in order,"storage, small-room, decoration",Cabinets & cupboards; Chests of drawers & drawer units,IKEA of Sweden,https://www.ikea.com/sa/en/p/bror-shelving-unit-black-s39272641/
10265293,"BILLY - Extra shelf, 36x26 cm",Bookcases & shelving units,705,30.0,60,,open storage that keeps books and decor in sight and in order,"storage, small-room, decoration",Cabinets & cupboards; Chests of drawers & drawer units,IKEA of Sweden,https://www.ikea.com/sa/en/p/billy-extra-shelf-white-10265293/
20245959,"BESTÅ - Frame, 60x20x64 cm",Bookcases & shelving units,2585,110.0,60,,open storage that keeps books and decor in sight and in order,"storage, small-room, decoration",Cabinets & cupboards; Chests of drawers & drawer units,IKEA of Sweden,https://www.ikea.com/sa/en/p/besta-frame-black-brown-20245959/
60334312,"BILLSBRO - Handle, 320 mm",Bookcases & shelving units,822,35.0,60,,open storage that keeps books and decor in sight and in order,"storage, small-room, decoration",Cabinets & cupboards; Chests of drawers & drawer units,H Preutz/A Fredriksson,https://www.ikea.com/sa/en/p/billsbro-handle-white-60334312/
9248544,"IVAR - 4 sections/shelves, 344x30x226 cm",Bookcases & shelving units,27142,1155.0,60,,open storage that keeps books and decor in sight and in order,"storage, small-room, decoration",Cabinets & cupboards; Chests of drawers & drawer units,IKEA of Sweden,https://www.ikea.com/sa/en/p/ivar-4-sections-shelves-pine-s09248544/
10364293,"OLAUS - Cover for shelf, 92 cm",Bookcases & shelving units,682,29.0,60,,open storage that keeps books and decor in sight and in order,"storage, small-room, decoration",Cabinets & cupboards; Chests of drawers & drawer units,IKEA of Sweden,https://www.ikea.com/sa/en/p/olaus-cover-for-shelf-10364293/
60371762,"HEMNES - Bookcase, 49x197 cm",Bookcases & shelving units,13066,556.0,60,,open storage that keeps books and decor in sight and in order,"storage, small-room, decoration",Cabinets & cupboards; Chests of drawers & drawer units,Carina Bengs,https://www.ikea.com/sa/en/p/hemnes-bookcase-black-brown-60371762/
296351,"SELSVIKEN - Drawer front, 60x26 cm",Bookcases & shelving units,1410,60.0,60,,open storage that keeps books and decor in sight and in order,"storage, small-room, decoration",Cabinets & cupboards; Chests of drawers & drawer units,IKEA of Sweden,https://www.ikea.com/sa/en/p/selsviken-drawer-front-patterned-high-gloss-brown-00296351/
19020480,"BILLY / MORLIDEN - Bookcase, 80x30x202 cm",Bookcases & shelving units,16332,695.0,60,,open storage that keeps books and decor in sight and in order,"storage, small-room, decoration",Cabinets & cupboards; Chests of drawers & drawer units,Gillis Lundgren/IKEA of Sweden,https://www.ikea.com/sa/en/p/billy-morliden-bookcase-black-brown-s19020480/
49133616,"KALLAX - Desk combination, 147x147x159 cm",Bookcases & shelving units,17742,755.0,60,,open storage that keeps books and decor in sight and in order,"storage, small-room, decoration",Cabinets & cupboards; Chests of drawers & drawer units,Tord Björklund/IKEA of Sweden,https://www.ikea.com/sa/en/p/kallax-desk-combination-white-blue-s49133616/
79294542,"VITTSJÖ - Storage combination, 200x36x175 cm",Bookcases & shelving units,15040,640.0,60,,open storage that keeps books and decor in sight and in order,"storage, small-room, decoration",Cabinets & cupboards; Chests of drawers & drawer units,Johan Kroon,https://www.ikea.com/sa/en/p/vittsjoe-storage-combination-black-brown-glass-s79294542/
10334319,"BILLSBRO - Handle, 720 mm",Bookcases & shelving units,1292,55.0,60,,open storage that keeps books and decor in sight and in order,"storage, small-room, decoration",Cabinets & cupboards; Chests of drawers & drawer units,H Preutz/A Fredriksson,https://www.ikea.com/sa/en/p/billsbro-handle-white-10334319/
10443629,"GLASSVIK - Glass door, 60x38 cm",Bookcases & shelving units,4112,175.0,60,,open storage that keeps books and decor in sight and in order,"storage, small-room, decoration",Cabinets & cupboards; Chests of drawers & drawer units,IKEA of Sweden,https://www.ikea.com/sa/en/p/glassvik-glass-door-dark-red-brown-clear-glass-10443629/
29287445,"BILLY / OXBERG - Bookcase with glass door, 40x30x237 cm",Bookcases & shelving units,11750,500.0,60,,open storage that keeps books and decor in sight and in order,"storage, small-room, decoration",Cabinets & cupboards; Chests of drawers & drawer units,IKEA of Sweden,https://www.ikea.com/sa/en/p/billy-oxberg-bookcase-with-glass-door-white-glass-s29287445/
49203355,"BESTÅ - TV storage combination/glass doors, 240x40x230 cm",Bookcases & shelving units,59561,2534.5,60,,open storage that keeps books and decor in sight and in order,"storage, small-room, decoration",Cabinets & cupboards; Chests of drawers & drawer units,IKEA of Sweden,https://www.ikea.com/sa/en/p/besta-tv-storage-combination-glass-doors-black-brown-lappviken-light-grey-clear-glass-s49203355/
20365188,"GALANT - Shelf unit, 80x120 cm",Bookcases & shelving units,13512,575.0,60,,open storage that keeps books and decor in sight and in order,"storage, small-room, decoration",Cabinets & cupboards; Chests of drawers & drawer units,K Malmvall/E Lilja Löwenhielm,https://www.ikea.com/sa/en/p/galant-shelf-unit-white-stained-oak-veneer-20365188/
40364060,"LAPPVIKEN - Door, 60x64 cm",Bookcases & shelving units,905,38.5,60,,open storage that keeps books and decor in sight and in order,"storage, small-room, decoration",Cabinets & cupboards; Chests of drawers & drawer units,IKEA of Sweden,https://www.ikea.com/sa/en/p/lappviken-door-light-grey-40364060/
70340044,"EKET - Foot, adjustable",Bookcases & shelving units,352,15.0,60,,open storage that keeps books and decor in sight and in order,"storage, small-room, decoration",Cabinets & cupboards; Chests of drawers & drawer units,IKEA of Sweden,https://www.ikea.com/sa/en/p/eket-foot-adjustable-metal-70340044/
79189150,"EKET - Wall-mounted cabinet combination, 175x35x210 cm",Bookcases & shelving units,24534,1044.0,60,,open storage that keeps books and decor in sight and in order,"storage, small-room, decoration",Cabinets & cupboards; Chests of drawers & drawer units,IKEA of Sweden/Jon Karlsson,https://www.ikea.com/sa/en/p/eket-wall-mounted-cabinet-combination-dark-grey-s79189150/
30294987,"SKUBB - Storage case, 69x55x19 cm",Bookcases & shelving units,1152,49.0,60,,open storage that keeps books and decor in sight and in order,"storage, small-room, decoration",Cabinets & cupboards; Chests of drawers & drawer units,IKEA of Sweden,https://www.ikea.com/sa/en/p/skubb-storage-case-black-30294987/
70294508,"BESTÅ - TV bench, 180x40x38 cm",Bookcases & shelving units,11162,475.0,60,,open storage that keeps books and decor in sight and in order,"storage, small-room, decoration",Cabinets & cupboards; Chests of drawers & drawer units,"702.945.08 It’s easy to keep the cables from your TV and other devices out of sight but close at hand, as there are several cable outlets at the back of the TV bench.You can choose to stand the TV bench on the floor or mount it on the wall to free up floor space.If you want to organise inside you can complement with BESTÅ interior fittings.Steady also on uneven floors, thanks to the adjustable feet.This furniture must be fixed to the wall with the enclosed wall fastener.This TV bench can take a max load of 50 kg on the top.Different wall materials require different types of fixing devices. Use fixing devices suitable for the walls in your home, sold separately.May be completed with STALLARP, STUBBARP or NANNARP legs. This TV bench requires 4 legs and 2 BESTÅ supporting legs.May be completed with SULARP legs. This TV bench requires 2 legs and 2 BESTÅ supporting legs.",https://www.ikea.com/sa/en/p/besta-tv-bench-black-brown-70294508/
39303968,"BROR - Shelving unit, 85x55x190 cm",Bookcases & shelving units,13278,565.0,60,,open storage that keeps books and decor in sight and in order,"storage, small-room, decoration",Cabinets & cupboards; Chests of drawers & drawer units,IKEA of Sweden,https://www.ikea.com/sa/en/p/bror-shelving-unit-white-s39303968/
49285817,"EKET - Wall-mounted shelving unit, 35x35x35 cm",Bookcases & shelving units,2209,94.0,60,,open storage that keeps books and decor in sight and in order,"storage, small-room, decoration",Cabinets & cupboards; Chests of drawers & drawer units,Jon Karlsson/IKEA of Sweden,https://www.ikea.com/sa/en/p/eket-wall-mounted-shelving-unit-white-s49285817/
60322861,"SVALNÄS - Shelf, 81x25 cm",Bookcases & shelving units,2350,100.0,60,,open storage that keeps books and decor in sight and in order,"storage, small-room, decoration",Cabinets & cupboards; Chests of drawers & drawer units,Jon Karlsson,https://www.ikea.com/sa/en/p/svalnaes-shelf-bamboo-60322861/
10218536,"ALGOT - Wall upright, 84 cm",Bookcases & shelving units,470,20.0,60,,open storage that keeps books and decor in sight and in order,"storage, small-room, decoration",Cabinets & cupboards; Chests of drawers & drawer units,Francis Cayouette,https://www.ikea.com/sa/en/p/algot-wall-upright-white-10218536/
10333287,"BROR - Post, 190 cm",Bookcases & shelving units,2468,105.0,60,,open storage that keeps books and decor in sight and in order,"storage, small-room, decoration",Cabinets & cupboards; Chests of drawers & drawer units,IKEA of Sweden,https://www.ikea.com/sa/en/p/bror-post-black-10333287/
70443626,"NOTVIKEN - Door/drawer front, 60x38 cm",Bookcases & shelving units,2350,100.0,60,,open storage that keeps books and decor in sight and in order,"storage, small-room, decoration",Cabinets & cupboards; Chests of drawers & drawer units,704.436.26 The front may be used as a door or as a drawer front.You can choose to mount the door on the right or left side.The doors keep your belongings hidden and free from dust.To be completed with BESTÅ hinges if used as door. Sold separately.To be completed with BESTÅ drawer frame 60x25x40 cm and BESTÅ drawer runner if used as drawer front. Sold separately.May be completed with knobs or handles. Sold separately.Drill template for marking of hole positions for handles or knobs is sold separately.,https://www.ikea.com/sa/en/p/notviken-door-drawer-front-blue-70443626/
30323367,"OXBERG - Glass door, 40x192 cm",Bookcases & shelving units,4700,200.0,60,,open storage that keeps books and decor in sight and in order,"storage, small-room, decoration",Cabinets & cupboards; Chests of drawers & drawer units,K Hagberg/M Hagberg,https://www.ikea.com/sa/en/p/oxberg-glass-door-brown-ash-veneer-30323367/
40299885,"BESTÅ - TV bench, 120x40x64 cm",Bookcases & shelving units,11162,475.0,60,,open storage that keeps books and decor in sight and in order,"storage, small-room, decoration",Cabinets & cupboards; Chests of drawers & drawer units,"402.998.85 It’s easy to keep the cables from your TV and other devices out of sight but close at hand, as there are several cable outlets at the back of the TV bench.If you want to organise inside you can complement with BESTÅ interior fittings.Steady also on uneven floors, thanks to the adjustable feet.For safety reasons this TV bench shall not be hung on the wall.The TV bench must be fixed to the wall with the included wall fastener.This TV bench can take a max load of 50 kg on the top.Different wall materials require different types of fixing devices. Use fixing devices suitable for the walls in your home, sold separately.May be completed with STALLARP, STUBBARP or NANNARP legs. This TV bench requires 4 legs and 1 BESTÅ supporting leg.May be completed with SULARP legs. This TV bench requires 2 legs and 1 BESTÅ supporting leg.",https://www.ikea.com/sa/en/p/besta-tv-bench-black-brown-40299885/
40348715,"BESTÅ - Drawer runner, soft-closing",Bookcases & shelving units,588,25.0,60,,open storage that keeps books and decor in sight and in order,"storage, small-room, decoration",Cabinets & cupboards; Chests of drawers & drawer units,IKEA of Sweden,https://www.ikea.com/sa/en/p/besta-drawer-runner-soft-closing-40348715/
80322855,"BERGHALLA - Handle, 56 mm",Bookcases & shelving units,517,22.0,60,,open storage that keeps books and decor in sight and in order,"storage, small-room, decoration",Cabinets & cupboards; Chests of drawers & drawer units,H Preutz/A Fredriksson,https://www.ikea.com/sa/en/p/berghalla-handle-white-80322855/
9017831,"BILLY / MORLIDEN - Bookcase, 200x30x106 cm",Bookcases & shelving units,21738,925.0,60,,open storage that keeps books and decor in sight and in order,"storage, small-room, decoration",Cabinets & cupboards; Chests of drawers & drawer units,IKEA of Sweden/Gillis Lundgren,https://www.ikea.com/sa/en/p/billy-morliden-bookcase-white-s09017831/
10422325,"IVAR - Clothes rail, 83x50 cm",Bookcases & shelving units,1058,45.0,60,,open storage that keeps books and decor in sight and in order,"storage, small-room, decoration",Cabinets & cupboards; Chests of drawers & drawer units,IKEA of Sweden,https://www.ikea.com/sa/en/p/ivar-clothes-rail-10422325/
19282924,"BESTÅ - Storage combination w glass doors, 120x40x128 cm",Bookcases & shelving units,36895,1570.0,60,,open storage that keeps books and decor in sight and in order,"storage, small-room, decoration",Cabinets & cupboards; Chests of drawers & drawer units,Marcus Arvonen/IKEA of Sweden,https://www.ikea.com/sa/en/p/besta-storage-combination-w-glass-doors-grey-stained-walnut-effect-vassviken-white-clear-glass-s19282924/
30338415,"BAGGANÄS - Knob, 13 mm",Bookcases & shelving units,517,22.0,60,,open storage that keeps books and decor in sight and in order,"storage, small-room, decoration",Cabinets & cupboards; Chests of drawers & drawer units,H Preutz/A Fredriksson,https://www.ikea.com/sa/en/p/bagganaes-knob-black-30338415/
99217755,"BILLY / OXBERG - Bookcase, 80x30x237 cm",Bookcases & shelving units,23382,995.0,60,,open storage that keeps books and decor in sight and in order,"storage, small-room, decoration",Cabinets & cupboards; Chests of drawers & drawer units,Gillis Lundgren/IKEA of Sweden,https://www.ikea.com/sa/en/p/billy-oxberg-bookcase-black-brown-s99217755/
69184431,"SVALNÄS - Wall-mounted shelf combination, 86x25x176 cm",Bookcases & shelving units,10575,450.0,60,,open storage that keeps books and decor in sight and in order,"storage, small-room, decoration",Cabinets & cupboards; Chests of drawers & drawer units,Jon Karlsson,https://www.ikea.com/sa/en/p/svalnaes-wall-mounted-shelf-combination-bamboo-s69184431/
408297,"BOTTNA - Display shelf, 36x32 cm",Bookcases & shelving units,1058,45.0,60,,open storage that keeps books and decor in sight and in order,"storage, small-room, decoration",Cabinets & cupboards; Chests of drawers & drawer units,K Hagberg/M Hagberg,https://www.ikea.com/sa/en/p/bottna-display-shelf-light-beige-00408297/
40390766,SULARP - Leg,Bookcases & shelving units,1069,45.5,60,,open storage that keeps books and decor in sight and in order,"storage, small-room, decoration",Cabinets & cupboards; Chests of drawers & drawer units,Carl Öjerstam,https://www.ikea.com/sa/en/p/sularp-leg-chrome-plated-40390766/
80419961,JONAXEL - 2 legs and 2 castors,Bookcases & shelving units,588,25.0,60,,open storage that keeps books and decor in sight and in order,"storage, small-room, decoration",Cabinets & cupboards; Chests of drawers & drawer units,IKEA of Sweden,https://www.ikea.com/sa/en/p/jonaxel-2-legs-and-2-castors-white-80419961/
79276246,"ALGOT - Wall upright/shelves/rod, 132x41x199 cm",Bookcases & shelving units,10082,429.0,60,,open storage that keeps books and decor in sight and in order,"storage, small-room, decoration",Cabinets & cupboards; Chests of drawers & drawer units,Francis Cayouette,https://www.ikea.com/sa/en/p/algot-wall-upright-shelves-rod-white-s79276246/
20452618,"BROR - Shelf, 84x54 cm",Bookcases & shelving units,2232,95.0,60,,open storage that keeps books and decor in sight and in order,"storage, small-room, decoration",Cabinets & cupboards; Chests of drawers & drawer units,IKEA of Sweden,https://www.ikea.com/sa/en/p/bror-shelf-white-20452618/
39291748,"HYLLIS - Shelving units with covers, 180x27x74-140 cm",Bookcases & shelving units,4371,186.0,60,,open storage that keeps books and decor in sight and in order,"storage, small-room, decoration",Cabinets & cupboards; Chests of drawers & drawer units,IKEA of Sweden,https://www.ikea.com/sa/en/p/hyllis-shelving-units-with-covers-transparent-s39291748/
89277113,"BILLY / BOTTNA - Bookcase with display shelf, 80x28x106 cm",Bookcases & shelving units,5758,245.0,60,,open storage that keeps books and decor in sight and in order,"storage, small-room, decoration",Cabinets & cupboards; Chests of drawers & drawer units,Gillis Lundgren/K Hagberg/M Hagberg,https://www.ikea.com/sa/en/p/billy-bottna-bookcase-with-display-shelf-white-beige-s89277113/
19030592,"KALLAX - Shelving unit with 8 inserts, 147x147 cm",Bookcases & shelving units,14452,615.0,60,,open storage that keeps books and decor in sight and in order,"storage, small-room, decoration",Cabinets & cupboards; Chests of drawers & drawer units,IKEA of Sweden/Tord Björklund,https://www.ikea.com/sa/en/p/kallax-shelving-unit-with-8-inserts-black-brown-s19030592/
29280731,"BILLY / OXBERG - Bookcase with panel/glass doors, 160x30x202 cm",Bookcases & shelving units,31255,1330.0,60,,open storage that keeps books and decor in sight and in order,"storage, small-room, decoration",Cabinets & cupboards; Chests of drawers & drawer units,Gillis Lundgren/K Hagberg/M Hagberg,https://www.ikea.com/sa/en/p/billy-oxberg-bookcase-with-panel-glass-doors-brown-ash-veneer-s29280731/
59204420,"BESTÅ / EKET - Cabinet combination for TV, 180x40x170 cm",Bookcases & shelving units,34522,1469.0,60,,open storage that keeps books and decor in sight and in order,"storage, small-room, decoration",Cabinets & cupboards; Chests of drawers & drawer units,Jon Karlsson/IKEA of Sweden,https://www.ikea.com/sa/en/p/besta-eket-cabinet-combination-for-tv-white-grey-stained-walnut-effect-s59204420/
89020472,"BILLY - Bookcase, 120x28x237 cm",Bookcases & shelving units,21502,915.0,60,,open storage that keeps books and decor in sight and in order,"storage, small-room, decoration",Cabinets & cupboards; Chests of drawers & drawer units,Gillis Lundgren/IKEA of Sweden,https://www.ikea.com/sa/en/p/billy-bookcase-black-brown-s89020472/
19194649,"BESTÅ - TV storage combination/glass doors, 300x40x230 cm",Bookcases & shelving units,100110,4260.0,60,,open storage that keeps books and decor in sight and in order,"storage, small-room, decoration",Cabinets & cupboards; Chests of drawers & drawer units,IKEA of Sweden,https://www.ikea.com/sa/en/p/besta-tv-storage-combination-glass-doors-black-brown-selsviken-high-gloss-black-smoked-glass-s19194649/
19903834,"ALGOT - Wall upright/shelves/drying rack, 132x61x197 cm",Bookcases & shelving units,7097,302.0,60,,open storage that keeps books and decor in sight and in order,"storage, small-room, decoration",Cabinets & cupboards; Chests of drawers & drawer units,Francis Cayouette,https://www.ikea.com/sa/en/p/algot-wall-upright-shelves-drying-rack-white-s19903834/
39323990,"JONAXEL - Frame/mesh baskets/shelving units, 99x51x173 cm",Bookcases & shelving units,15510,660.0,60,,open storage that keeps books and decor in sight and in order,"storage, small-room, decoration",Cabinets & cupboards; Chests of drawers & drawer units,IKEA of Sweden,https://www.ikea.com/sa/en/p/jonaxel-frame-mesh-baskets-shelving-units-s39323990/
29277352,"ALGOT - Wall upright/shelves, 66x41/61x197 cm",Bookcases & shelving units,4315,183.6,60,,open storage that keeps books and decor in sight and in order,"storage, small-room, decoration",Cabinets & cupboards; Chests of drawers & drawer units,Francis Cayouette,https://www.ikea.com/sa/en/p/algot-wall-upright-shelves-s29277352/
70347516,"ENERYDA - Handle, 112 mm",Bookcases & shelving units,822,35.0,60,,open storage that keeps books and decor in sight and in order,"storage, small-room, decoration",Cabinets & cupboards; Chests of drawers & drawer units,Francis Cayouette,https://www.ikea.com/sa/en/p/eneryda-handle-black-70347516/
29248374,"IVAR - 3 sections/shelves, 259x30x179 cm",Bookcases & shelving units,18682,795.0,60,,open storage that keeps books and decor in sight and in order,"storage, small-room, decoration",Cabinets & cupboards; Chests of drawers & drawer units,IKEA of Sweden,https://www.ikea.com/sa/en/p/ivar-3-sections-shelves-pine-s29248374/
59277119,"BILLY / BOTTNA - Bookcase with display shelf, 40x28x202 cm",Bookcases & shelving units,5522,235.0,60,,open storage that keeps books and decor in sight and in order,"storage, small-room, decoration",Cabinets & cupboards; Chests of drawers & drawer units,K Hagberg/M Hagberg,https://www.ikea.com/sa/en/p/billy-bottna-bookcase-with-display-shelf-white-beige-s59277119/
89303956,"BROR - Shelving unit, 85x40x190 cm",Bookcases & shelving units,12102,515.0,60,,open storage that keeps books and decor in sight and in order,"storage, small-room, decoration",Cabinets & cupboards; Chests of drawers & drawer units,IKEA of Sweden,https://www.ikea.com/sa/en/p/bror-shelving-unit-white-s89303956/
347505,"ENERYDA - Knob, 35 mm",Bookcases & shelving units,822,35.0,60,,open storage that keeps books and decor in sight and in order,"storage, small-room, decoration",Cabinets & cupboards; Chests of drawers & drawer units,Francis Cayouette,https://www.ikea.com/sa/en/p/eneryda-knob-black-00347505/
10245846,"BESTÅ - Frame, 120x40x64 cm",Bookcases & shelving units,5288,225.0,60,,open storage that keeps books and decor in sight and in order,"storage, small-room, decoration",Cabinets & cupboards; Chests of drawers & drawer units,IKEA of Sweden,https://www.ikea.com/sa/en/p/besta-frame-white-10245846/
348717,"BESTÅ - Drawer runner, push-open",Bookcases & shelving units,588,25.0,60,,open storage that keeps books and decor in sight and in order,"storage, small-room, decoration",Cabinets & cupboards; Chests of drawers & drawer units,IKEA of Sweden,https://www.ikea.com/sa/en/p/besta-drawer-runner-push-open-00348717/
40295302,"BESTÅ - Top panel for TV, 120x40 cm",Bookcases & shelving units,2350,100.0,60,,open storage that keeps books and decor in sight and in order,"storage, small-room, decoration",Cabinets & cupboards; Chests of drawers & drawer units,IKEA of Sweden,https://www.ikea.com/sa/en/p/besta-top-panel-for-tv-glass-white-40295302/
49248325,"IVAR - 2 sections/shelves, 134x50x179 cm",Bookcases & shelving units,14382,612.0,60,,open storage that keeps books and decor in sight and in order,"storage, small-room, decoration",Cabinets & cupboards; Chests of drawers & drawer units,IKEA of Sweden,https://www.ikea.com/sa/en/p/ivar-2-sections-shelves-pine-s49248325/
59297438,"JONAXEL - Frame with wire baskets/castors, 25x51x73 cm",Bookcases & shelving units,3290,140.0,60,,open storage that keeps books and decor in sight and in order,"storage, small-room, decoration",Cabinets & cupboards; Chests of drawers & drawer units,IKEA of Sweden,https://www.ikea.com/sa/en/p/jonaxel-frame-with-wire-baskets-castors-s59297438/
9248351,"IVAR - 2 sections/shelves, 174x50x124 cm",Bookcases & shelving units,13912,592.0,60,,open storage that keeps books and decor in sight and in order,"storage, small-room, decoration",Cabinets & cupboards; Chests of drawers & drawer units,IKEA of Sweden,https://www.ikea.com/sa/en/p/ivar-2-sections-shelves-pine-s09248351/
9305068,"BESTÅ - Storage combination with doors, 120x42x202 cm",Bookcases & shelving units,32665,1390.0,60,,open storage that keeps books and decor in sight and in order,"storage, small-room, decoration",Cabinets & cupboards; Chests of drawers & drawer units,IKEA of Sweden,https://www.ikea.com/sa/en/p/besta-storage-combination-with-doors-white-kallviken-stubbarp-concrete-effect-s09305068/
19231152,"HEMNES - Bookcase, 229x197 cm",Bookcases & shelving units,55131,2346.0,60,,open storage that keeps books and decor in sight and in order,"storage, small-room, decoration",Cabinets & cupboards; Chests of drawers & drawer units,Carina Bengs,https://www.ikea.com/sa/en/p/hemnes-bookcase-black-brown-s19231152/
29287370,"BILLY / MORLIDEN - Bookcase with glass-doors, 80x30x106 cm",Bookcases & shelving units,9752,415.0,60,,open storage that keeps books and decor in sight and in order,"storage, small-room, decoration",Cabinets & cupboards; Chests of drawers & drawer units,Gillis Lundgren/IKEA of Sweden,https://www.ikea.com/sa/en/p/billy-morliden-bookcase-with-glass-doors-white-glass-s29287370/
30333842,"BROR - Shelf, 84x54 cm",Bookcases & shelving units,2232,95.0,60,,open storage that keeps books and decor in sight and in order,"storage, small-room, decoration",Cabinets & cupboards; Chests of drawers & drawer units,IKEA of Sweden,https://www.ikea.com/sa/en/p/bror-shelf-black-30333842/
39283003,"BROR - Shelving unit with cabinet, 85x40x190 cm",Bookcases & shelving units,20092,855.0,60,,open storage that keeps books and decor in sight and in order,"storage, small-room, decoration",Cabinets & cupboards; Chests of drawers & drawer units,IKEA of Sweden,https://www.ikea.com/sa/en/p/bror-shelving-unit-with-cabinet-black-s39283003/
69248348,"IVAR - 2 sections/shelves, 174x30x124 cm",Bookcases & shelving units,8225,350.0,60,,open storage that keeps books and decor in sight and in order,"storage, small-room, decoration",Cabinets & cupboards; Chests of drawers & drawer units,IKEA of Sweden,https://www.ikea.com/sa/en/p/ivar-2-sections-shelves-pine-s69248348/
9297657,"JONAXEL - Shelving unit with clothes rail, 99x51x173 cm",Bookcases & shelving units,9165,390.0,60,,open storage that keeps books and decor in sight and in order,"storage, small-room, decoration",Cabinets & cupboards; Chests of drawers & drawer units,IKEA of Sweden,https://www.ikea.com/sa/en/p/jonaxel-shelving-unit-with-clothes-rail-s09297657/
49280749,"BILLY / OXBERG - Bookcase w height extension ut/drs, 160x30x237 cm",Bookcases & shelving units,42065,1790.0,60,,open storage that keeps books and decor in sight and in order,"storage, small-room, decoration",Cabinets & cupboards; Chests of drawers & drawer units,IKEA of Sweden/Gillis Lundgren,https://www.ikea.com/sa/en/p/billy-oxberg-bookcase-w-height-extension-ut-drs-black-brown-s49280749/
49297660,"JONAXEL - Frame/wire baskets/clothes rails, 99x51x173 cm",Bookcases & shelving units,11515,490.0,60,,open storage that keeps books and decor in sight and in order,"storage, small-room, decoration",Cabinets & cupboards; Chests of drawers & drawer units,IKEA of Sweden,https://www.ikea.com/sa/en/p/jonaxel-frame-wire-baskets-clothes-rails-s49297660/
49298594,"BESTÅ - TV bench, 180x42x39 cm",Bookcases & shelving units,23265,990.0,60,,open storage that keeps books and decor in sight and in order,"storage, small-room, decoration",Cabinets & cupboards; Chests of drawers & drawer units,IKEA of Sweden,https://www.ikea.com/sa/en/p/besta-tv-bench-black-brown-selsviken-high-gloss-dark-red-brown-s49298594/
59177624,"BILLY / OXBERG - Bookcase, 120x30x237 cm",Bookcases & shelving units,40772,1735.0,60,,open storage that keeps books and decor in sight and in order,"storage, small-room, decoration",Cabinets & cupboards; Chests of drawers & drawer units,Gillis Lundgren/K Hagberg/M Hagberg/IKEA of Sweden,https://www.ikea.com/sa/en/p/billy-oxberg-bookcase-brown-ash-veneer-s59177624/
60441581,"NOTVIKEN - Drawer front, 60x26 cm",Bookcases & shelving units,1410,60.0,60,,open storage that keeps books and decor in sight and in order,"storage, small-room, decoration",Cabinets & cupboards; Chests of drawers & drawer units,"604.415.81 Drawers make it easy to keep your things organised.To be completed with BESTÅ drawer frame 60X15X40 cm and BESTÅ drawer runner, sold separately.May be completed with knobs or handles. Sold separately.Drill template for marking of hole positions for handles or knobs is sold separately.",https://www.ikea.com/sa/en/p/notviken-drawer-front-grey-green-60441581/
79297526,"BESTÅ - TV bench with doors and drawers, 240x42x74 cm",Bookcases & shelving units,38070,1620.0,60,,open storage that keeps books and decor in sight and in order,"storage, small-room, decoration",Cabinets & cupboards; Chests of drawers & drawer units,Marcus Arvonen/IKEA of Sweden,https://www.ikea.com/sa/en/p/besta-tv-bench-with-doors-and-drawers-black-brown-hanviken-stubbarp-black-brown-s79297526/
99020481,"BILLY / OXBERG - Bookcase, 160x30x202 cm",Bookcases & shelving units,36895,1570.0,60,,open storage that keeps books and decor in sight and in order,"storage, small-room, decoration",Cabinets & cupboards; Chests of drawers & drawer units,Gillis Lundgren,https://www.ikea.com/sa/en/p/billy-oxberg-bookcase-black-brown-s99020481/
99046443,"LIATORP - Storage combination, 276x214 cm",Bookcases & shelving units,80722,3435.0,60,,open storage that keeps books and decor in sight and in order,"storage, small-room, decoration",Cabinets & cupboards; Chests of drawers & drawer units,Carina Bengs,https://www.ikea.com/sa/en/p/liatorp-storage-combination-white-s99046443/
60333850,"BROR - Trolley, 85x55 cm",Bookcases & shelving units,11632,495.0,60,,open storage that keeps books and decor in sight and in order,"storage, small-room, decoration",Cabinets & cupboards; Chests of drawers & drawer units,IKEA of Sweden,https://www.ikea.com/sa/en/p/bror-trolley-black-pine-plywood-60333850/
70265247,"MÖLLARP - Handle, 106 mm",Bookcases & shelving units,400,17.0,60,,open storage that keeps books and decor in sight and in order,"storage, small-room, decoration",Cabinets & cupboards; Chests of drawers & drawer units,K Hagberg/M Hagberg,https://www.ikea.com/sa/en/p/moellarp-handle-black-70265247/
39272655,"BROR - Shelving unit, 85x55x110 cm",Bookcases & shelving units,8812,375.0,60,,open storage that keeps books and decor in sight and in order,"storage, small-room, decoration",Cabinets & cupboards; Chests of drawers & drawer units,IKEA of Sweden,https://www.ikea.com/sa/en/p/bror-shelving-unit-black-s39272655/
80339790,"HACKÅS - Knob, 15 mm",Bookcases & shelving units,400,17.0,60,,open storage that keeps books and decor in sight and in order,"storage, small-room, decoration",Cabinets & cupboards; Chests of drawers & drawer units,J Löfgren/J Pettersson,https://www.ikea.com/sa/en/p/hackas-knob-anthracite-80339790/
30342479,"HACKÅS - Handle, 100 mm",Bookcases & shelving units,752,32.0,60,,open storage that keeps books and decor in sight and in order,"storage, small-room, decoration",Cabinets & cupboards; Chests of drawers & drawer units,J Löfgren/J Pettersson,https://www.ikea.com/sa/en/p/hackas-handle-anthracite-30342479/
40401859,ALGOT - Pull-out rail for baskets,Bookcases & shelving units,235,10.0,60,,open storage that keeps books and decor in sight and in order,"storage, small-room, decoration",Cabinets & cupboards; Chests of drawers & drawer units,Francis Cayouette,https://www.ikea.com/sa/en/p/algot-pull-out-rail-for-baskets-white-40401859/
30247378,"BESTÅ - Frame, 60x40x38 cm",Bookcases & shelving units,2938,125.0,60,,open storage that keeps books and decor in sight and in order,"storage, small-room, decoration",Cabinets & cupboards; Chests of drawers & drawer units,IKEA of Sweden,https://www.ikea.com/sa/en/p/besta-frame-grey-stained-walnut-effect-30247378/
80247371,"BESTÅ - Frame, 60x40x192 cm",Bookcases & shelving units,5288,225.0,60,,open storage that keeps books and decor in sight and in order,"storage, small-room, decoration",Cabinets & cupboards; Chests of drawers & drawer units,IKEA of Sweden,https://www.ikea.com/sa/en/p/besta-frame-grey-stained-walnut-effect-80247371/
73755709,"IVAR - Side unit, 30x124 cm",Bookcases & shelving units,1058,45.0,60,,open storage that keeps books and decor in sight and in order,"storage, small-room, decoration",Cabinets & cupboards; Chests of drawers & drawer units,IKEA of Sweden,https://www.ikea.com/sa/en/p/ivar-side-unit-73755709/
99031408,"HEJNE - 3 sections/shelves, 230x50x171 cm",Bookcases & shelving units,17272,735.0,60,,open storage that keeps books and decor in sight and in order,"storage, small-room, decoration",Cabinets & cupboards; Chests of drawers & drawer units,IKEA of Sweden,https://www.ikea.com/sa/en/p/hejne-3-sections-shelves-softwood-s99031408/
20245964,"BESTÅ - Frame, 60x40x64 cm",Bookcases & shelving units,3172,135.0,60,,open storage that keeps books and decor in sight and in order,"storage, small-room, decoration",Cabinets & cupboards; Chests of drawers & drawer units,IKEA of Sweden,https://www.ikea.com/sa/en/p/besta-frame-black-brown-20245964/
29221765,"SVALNÄS - Wall-mounted storage combination, 86x35x176 cm",Bookcases & shelving units,15510,660.0,60,,open storage that keeps books and decor in sight and in order,"storage, small-room, decoration",Cabinets & cupboards; Chests of drawers & drawer units,Jon Karlsson,https://www.ikea.com/sa/en/p/svalnaes-wall-mounted-storage-combination-bamboo-s29221765/
39017486,"KALLAX - Shelving unit with 4 inserts, 147x147 cm",Bookcases & shelving units,16332,695.0,60,,open storage that keeps books and decor in sight and in order,"storage, small-room, decoration",Cabinets & cupboards; Chests of drawers & drawer units,Tord Björklund,https://www.ikea.com/sa/en/p/kallax-shelving-unit-with-4-inserts-white-s39017486/
59291634,"KOLBJÖRN - Shelving unit with 2 cabinets, 171x37 cm",Bookcases & shelving units,26790,1140.0,60,,open storage that keeps books and decor in sight and in order,"storage, small-room, decoration",Cabinets & cupboards; Chests of drawers & drawer units,IKEA of Sweden,https://www.ikea.com/sa/en/p/kolbjoern-shelving-unit-with-2-cabinets-beige-s59291634/
9302908,"IVAR - Shelving unit w shelves/rails/cover, 89x50x179 cm",Bookcases & shelving units,13818,588.0,60,,open storage that keeps books and decor in sight and in order,"storage, small-room, decoration",Cabinets & cupboards; Chests of drawers & drawer units,IKEA of Sweden,https://www.ikea.com/sa/en/p/ivar-shelving-unit-w-shelves-rails-cover-beige-s09302908/
30236153,"ORRNÄS - Knob, 17 mm",Bookcases & shelving units,400,17.0,60,,open storage that keeps books and decor in sight and in order,"storage, small-room, decoration",Cabinets & cupboards; Chests of drawers & drawer units,IKEA of Sweden,https://www.ikea.com/sa/en/p/orrnaes-knob-stainless-steel-colour-stainless-steel-30236153/
40419958,"JONAXEL - Frame, 50x51x70 cm",Bookcases & shelving units,1645,70.0,60,,open storage that keeps books and decor in sight and in order,"storage, small-room, decoration",Cabinets & cupboards; Chests of drawers & drawer units,IKEA of Sweden,https://www.ikea.com/sa/en/p/jonaxel-frame-white-40419958/
89280747,"BILLY / OXBERG - Bookcase with panel/glass doors, 160x30x202 cm",Bookcases & shelving units,34780,1480.0,60,,open storage that keeps books and decor in sight and in order,"storage, small-room, decoration",Cabinets & cupboards; Chests of drawers & drawer units,Gillis Lundgren/K Hagberg/M Hagberg,https://www.ikea.com/sa/en/p/billy-oxberg-bookcase-with-panel-glass-doors-brown-ash-veneer-glass-s89280747/
9287979,"IVAR - Shelving unit with clothes rail, 174x50x179 cm",Bookcases & shelving units,14946,636.0,60,,open storage that keeps books and decor in sight and in order,"storage, small-room, decoration",Cabinets & cupboards; Chests of drawers & drawer units,IKEA of Sweden,https://www.ikea.com/sa/en/p/ivar-shelving-unit-with-clothes-rail-s09287979/
351248,"BESTÅ - Drawer frame, 60x25x40 cm",Bookcases & shelving units,1762,75.0,60,,open storage that keeps books and decor in sight and in order,"storage, small-room, decoration",Cabinets & cupboards; Chests of drawers & drawer units,IKEA of Sweden,https://www.ikea.com/sa/en/p/besta-drawer-frame-black-brown-00351248/
10343328,"VEBERÖD - Shelving unit, 45x181 cm",Bookcases & shelving units,15158,645.0,60,,open storage that keeps books and decor in sight and in order,"storage, small-room, decoration",Cabinets & cupboards; Chests of drawers & drawer units,Gustav Carlberg,https://www.ikea.com/sa/en/p/veberoed-shelving-unit-natural-10343328/
59287340,"BILLY - Bookcase w hght ext ut/pnl/glss drs, 80x30x237 cm",Bookcases & shelving units,25498,1085.0,60,,open storage that keeps books and decor in sight and in order,"storage, small-room, decoration",Cabinets & cupboards; Chests of drawers & drawer units,Gillis Lundgren/IKEA of Sweden/K Hagberg/M Hagberg,https://www.ikea.com/sa/en/p/billy-bookcase-w-hght-ext-ut-pnl-glss-drs-brown-ash-veneer-s59287340/
9251348,"IVAR - 4 sections/shelves, 179x50x179 cm",Bookcases & shelving units,26720,1137.0,60,,open storage that keeps books and decor in sight and in order,"storage, small-room, decoration",Cabinets & cupboards; Chests of drawers & drawer units,IKEA of Sweden,https://www.ikea.com/sa/en/p/ivar-4-sections-shelves-pine-s09251348/
9301131,"BESTÅ - Storage combination w glass doors, 60x42x193 cm",Bookcases & shelving units,27025,1150.0,60,,open storage that keeps books and decor in sight and in order,"storage, small-room, decoration",Cabinets & cupboards; Chests of drawers & drawer units,IKEA of Sweden,https://www.ikea.com/sa/en/p/besta-storage-combination-w-glass-doors-grey-stained-walnut-effect-selsviken-high-gloss-white-frosted-glass-s09301131/
29286728,"EKET - Cabinet combination with legs, 210x35x210 cm",Bookcases & shelving units,43005,1830.0,60,,open storage that keeps books and decor in sight and in order,"storage, small-room, decoration",Cabinets & cupboards; Chests of drawers & drawer units,IKEA of Sweden/Jon Karlsson,https://www.ikea.com/sa/en/p/eket-cabinet-combination-with-legs-multicolour-1-s29286728/
40422324,"IVAR - Cover, 81x172 cm",Bookcases & shelving units,3172,135.0,60,,open storage that keeps books and decor in sight and in order,"storage, small-room, decoration",Cabinets & cupboards; Chests of drawers & drawer units,IKEA of Sweden,https://www.ikea.com/sa/en/p/ivar-cover-beige-40422324/
49275088,"HAVSTA - Shelving unit with plinth, 81x37x134 cm",Bookcases & shelving units,14688,625.0,60,,open storage that keeps books and decor in sight and in order,"storage, small-room, decoration",Cabinets & cupboards; Chests of drawers & drawer units,IKEA of Sweden,https://www.ikea.com/sa/en/p/havsta-shelving-unit-with-plinth-grey-s49275088/
59184441,"SVALNÄS - Wall-mounted storage combination, 297x35x176 cm",Bookcases & shelving units,61218,2605.0,60,,open storage that keeps books and decor in sight and in order,"storage, small-room, decoration",Cabinets & cupboards; Chests of drawers & drawer units,Jon Karlsson,https://www.ikea.com/sa/en/p/svalnaes-wall-mounted-storage-combination-bamboo-white-s59184441/
59203128,"BESTÅ - TV storage combination/glass doors, 180x40x192 cm",Bookcases & shelving units,42876,1824.5,60,,open storage that keeps books and decor in sight and in order,"storage, small-room, decoration",Cabinets & cupboards; Chests of drawers & drawer units,IKEA of Sweden,https://www.ikea.com/sa/en/p/besta-tv-storage-combination-glass-doors-white-lappviken-light-grey-clear-glass-s59203128/
69903836,"ALGOT - Wall upright/drying rack, 66x41x197 cm",Bookcases & shelving units,3055,130.0,60,,open storage that keeps books and decor in sight and in order,"storage, small-room, decoration",Cabinets & cupboards; Chests of drawers & drawer units,Francis Cayouette,https://www.ikea.com/sa/en/p/algot-wall-upright-drying-rack-white-s69903836/
70299879,"BESTÅ - TV bench, 180x40x64 cm",Bookcases & shelving units,13982,595.0,60,,open storage that keeps books and decor in sight and in order,"storage, small-room, decoration",Cabinets & cupboards; Chests of drawers & drawer units,"702.998.79 It’s easy to keep the cables from your TV and other devices out of sight but close at hand, as there are several cable outlets at the back of the TV bench.If you want to organise inside you can complement with BESTÅ interior fittings.Steady also on uneven floors, thanks to the adjustable feet.For safety reasons this TV bench shall not be hung on the wall.This furniture must be fixed to the wall with the enclosed wall fastener.This TV bench can take a max load of 50 kg on the top.Different wall materials require different types of fixing devices. Use fixing devices suitable for the walls in your home, sold separately.May be completed with STALLARP, STUBBARP or NANNARP legs. This TV bench requires 4 legs and 2 BESTÅ supporting legs.May be completed with SULARP legs. This TV bench requires 2 legs and 2 BESTÅ supporting legs.",https://www.ikea.com/sa/en/p/besta-tv-bench-white-70299879/
89299129,"BESTÅ - TV storage combination/glass doors, 240x42x128 cm",Bookcases & shelving units,38658,1645.0,60,,open storage that keeps books and decor in sight and in order,"storage, small-room, decoration",Cabinets & cupboards; Chests of drawers & drawer units,IKEA of Sweden,https://www.ikea.com/sa/en/p/besta-tv-storage-combination-glass-doors-black-brown-selsviken-dark-red-brown-clear-glass-s89299129/
89311466,"JONAXEL - Frame/mesh baskets/clothes rails, 142-178x51x173 cm",Bookcases & shelving units,19505,830.0,60,,open storage that keeps books and decor in sight and in order,"storage, small-room, decoration",Cabinets & cupboards; Chests of drawers & drawer units,IKEA of Sweden,https://www.ikea.com/sa/en/p/jonaxel-frame-mesh-baskets-clothes-rails-s89311466/
338407,"BAGGANÄS - Handle, 143 mm",Bookcases & shelving units,822,35.0,60,,open storage that keeps books and decor in sight and in order,"storage, small-room, decoration",Cabinets & cupboards; Chests of drawers & drawer units,H Preutz/A Fredriksson,https://www.ikea.com/sa/en/p/bagganaes-handle-brass-colour-00338407/
99291646,"KOLBJÖRN - Shelving unit in/outdoor, 80x35x162 cm",Bookcases & shelving units,10575,450.0,60,,open storage that keeps books and decor in sight and in order,"storage, small-room, decoration",Cabinets & cupboards; Chests of drawers & drawer units,IKEA of Sweden,https://www.ikea.com/sa/en/p/kolbjoern-shelving-unit-in-outdoor-s99291646/
9297134,"JONAXEL - Frame with wire baskets, 50x51x70 cm",Bookcases & shelving units,3525,150.0,60,,open storage that keeps books and decor in sight and in order,"storage, small-room, decoration",Cabinets & cupboards; Chests of drawers & drawer units,IKEA of Sweden,https://www.ikea.com/sa/en/p/jonaxel-frame-with-wire-baskets-s09297134/
20291630,"SELSVIKEN - Door/drawer front, 60x38 cm",Bookcases & shelving units,2938,125.0,60,,open storage that keeps books and decor in sight and in order,"storage, small-room, decoration",Cabinets & cupboards; Chests of drawers & drawer units,IKEA of Sweden,https://www.ikea.com/sa/en/p/selsviken-door-drawer-front-high-gloss-white-20291630/
80261258,BESTÅ - Soft closing/push-open hinge,Bookcases & shelving units,588,25.0,60,,open storage that keeps books and decor in sight and in order,"storage, small-room, decoration",Cabinets & cupboards; Chests of drawers & drawer units,"802.612.58 You can choose to use either the soft-closing or push-open function.With the push-opener you don’t need knobs or handles and can open the door with a light push.With the soft-closing function your doors close silently and softly. Knobs and handles are sold separately.If you choose the soft closing function for your BESTÅ, we recommend complementing the fronts with knobs/handles to make the drawers/cabinets more convenient to open.",https://www.ikea.com/sa/en/p/besta-soft-closing-push-open-hinge-80261258/
340047,"EKET - Suspension rail, 35 cm",Bookcases & shelving units,352,15.0,60,,open storage that keeps books and decor in sight and in order,"storage, small-room, decoration",Cabinets & cupboards; Chests of drawers & drawer units,IKEA of Sweden,https://www.ikea.com/sa/en/p/eket-suspension-rail-00340047/
70323600,"BILLSBRO - Handle, 120 mm",Bookcases & shelving units,446,19.0,60,,open storage that keeps books and decor in sight and in order,"storage, small-room, decoration",Cabinets & cupboards; Chests of drawers & drawer units,H Preutz/A Fredriksson,https://www.ikea.com/sa/en/p/billsbro-handle-stainless-steel-colour-70323600/
50342478,"HACKÅS - Handle, 300 mm",Bookcases & shelving units,1175,50.0,60,,open storage that keeps books and decor in sight and in order,"storage, small-room, decoration",Cabinets & cupboards; Chests of drawers & drawer units,J Löfgren/J Pettersson,https://www.ikea.com/sa/en/p/hackas-handle-anthracite-50342478/
10291678,"LAPPVIKEN - Drawer front, 60x26 cm",Bookcases & shelving units,1058,45.0,60,,open storage that keeps books and decor in sight and in order,"storage, small-room, decoration",Cabinets & cupboards; Chests of drawers & drawer units,IKEA of Sweden,https://www.ikea.com/sa/en/p/lappviken-drawer-front-white-10291678/
40351246,"BESTÅ - Drawer frame, 60x15x40 cm",Bookcases & shelving units,1410,60.0,60,,open storage that keeps books and decor in sight and in order,"storage, small-room, decoration",Cabinets & cupboards; Chests of drawers & drawer units,IKEA of Sweden,https://www.ikea.com/sa/en/p/besta-drawer-frame-black-brown-40351246/
295530,"BESTÅ - Glass shelf, 56x16 cm",Bookcases & shelving units,588,25.0,60,,open storage that keeps books and decor in sight and in order,"storage, small-room, decoration",Cabinets & cupboards; Chests of drawers & drawer units,IKEA of Sweden,https://www.ikea.com/sa/en/p/besta-glass-shelf-glass-00295530/
30291682,"LAPPVIKEN - Door/drawer front, 60x38 cm",Bookcases & shelving units,1058,45.0,60,,open storage that keeps books and decor in sight and in order,"storage, small-room, decoration",Cabinets & cupboards; Chests of drawers & drawer units,IKEA of Sweden,https://www.ikea.com/sa/en/p/lappviken-door-drawer-front-grey-stained-walnut-effect-30291682/
70370352,"MOSSARYD - Drop handle, 49 mm",Bookcases & shelving units,682,29.0,60,,open storage that keeps books and decor in sight and in order,"storage, small-room, decoration",Cabinets & cupboards; Chests of drawers & drawer units,Francis Cayouette,https://www.ikea.com/sa/en/p/mossaryd-drop-handle-stainless-steel-colour-70370352/
10452614,"BROR - Post, 190 cm",Bookcases & shelving units,2115,90.0,60,,open storage that keeps books and decor in sight and in order,"storage, small-room, decoration",Cabinets & cupboards; Chests of drawers & drawer units,IKEA of Sweden,https://www.ikea.com/sa/en/p/bror-post-white-10452614/
19278328,"KALLAX - Shelving unit with 4 inserts, 147x147 cm",Bookcases & shelving units,17508,745.0,60,,open storage that keeps books and decor in sight and in order,"storage, small-room, decoration",Cabinets & cupboards; Chests of drawers & drawer units,Tord Björklund,https://www.ikea.com/sa/en/p/kallax-shelving-unit-with-4-inserts-white-s19278328/
40310208,"IVAR - Bottle rack, 83x30 cm",Bookcases & shelving units,1058,45.0,60,,open storage that keeps books and decor in sight and in order,"storage, small-room, decoration",Cabinets & cupboards; Chests of drawers & drawer units,Sarah Fager,https://www.ikea.com/sa/en/p/ivar-bottle-rack-grey-40310208/
50300015,"BROR - Cabinet with 2 doors, 76x40x66 cm",Bookcases & shelving units,11632,495.0,60,,open storage that keeps books and decor in sight and in order,"storage, small-room, decoration",Cabinets & cupboards; Chests of drawers & drawer units,IKEA of Sweden,https://www.ikea.com/sa/en/p/bror-cabinet-with-2-doors-black-50300015/
40263853,"BILLY - Height extension unit, 80x28x35 cm",Bookcases & shelving units,2350,100.0,60,,open storage that keeps books and decor in sight and in order,"storage, small-room, decoration",Cabinets & cupboards; Chests of drawers & drawer units,IKEA of Sweden,https://www.ikea.com/sa/en/p/billy-height-extension-unit-white-40263853/
90291698,"LAXVIKEN - Door, 60x64 cm",Bookcases & shelving units,4112,175.0,60,,open storage that keeps books and decor in sight and in order,"storage, small-room, decoration",Cabinets & cupboards; Chests of drawers & drawer units,IKEA of Sweden,https://www.ikea.com/sa/en/p/laxviken-door-white-90291698/
9278338,"KALLAX - Shelving unit with 10 inserts, 182x182 cm",Bookcases & shelving units,31725,1350.0,60,,open storage that keeps books and decor in sight and in order,"storage, small-room, decoration",Cabinets & cupboards; Chests of drawers & drawer units,Tord Björklund/IKEA of Sweden,https://www.ikea.com/sa/en/p/kallax-shelving-unit-with-10-inserts-white-s09278338/
29287997,"IVAR - Shelving unit with cover, 89x50x179 cm",Bookcases & shelving units,15839,674.0,60,,open storage that keeps books and decor in sight and in order,"storage, small-room, decoration",Cabinets & cupboards; Chests of drawers & drawer units,IKEA of Sweden,https://www.ikea.com/sa/en/p/ivar-shelving-unit-with-cover-s29287997/
69248560,"IVAR - 2 sec/storage unit w foldable table, 175x30-104x179 cm",Bookcases & shelving units,25498,1085.0,60,,open storage that keeps books and decor in sight and in order,"storage, small-room, decoration",Cabinets & cupboards; Chests of drawers & drawer units,IKEA of Sweden,https://www.ikea.com/sa/en/p/ivar-2-sec-storage-unit-w-foldable-table-pine-s69248560/
90422326,"IVAR - Wire shelf, 83x50 cm",Bookcases & shelving units,1058,45.0,60,,open storage that keeps books and decor in sight and in order,"storage, small-room, decoration",Cabinets & cupboards; Chests of drawers & drawer units,IKEA of Sweden,https://www.ikea.com/sa/en/p/ivar-wire-shelf-90422326/
414255,"VASSVIKEN - Door, 60x64 cm",Bookcases & shelving units,3525,150.0,60,,open storage that keeps books and decor in sight and in order,"storage, small-room, decoration",Cabinets & cupboards; Chests of drawers & drawer units,IKEA of Sweden,https://www.ikea.com/sa/en/p/vassviken-door-white-00414255/
9188842,"EKET - Wall-mounted cabinet combination, 105x35x120 cm",Bookcases & shelving units,9729,414.0,60,,open storage that keeps books and decor in sight and in order,"storage, small-room, decoration",Cabinets & cupboards; Chests of drawers & drawer units,IKEA of Sweden/Jon Karlsson,https://www.ikea.com/sa/en/p/eket-wall-mounted-cabinet-combination-white-s09188842/
9192518,"BESTÅ - TV storage combination/glass doors, 240x40x230 cm",Bookcases & shelving units,63685,2710.0,60,,open storage that keeps books and decor in sight and in order,"storage, small-room, decoration",Cabinets & cupboards; Chests of drawers & drawer units,IKEA of Sweden/Marcus Arvonen,https://www.ikea.com/sa/en/p/besta-tv-storage-combination-glass-doors-lappviken-sindvik-black-brown-clear-glass-s09192518/
9303960,"BROR - Shelving unit, 254x40x110 cm",Bookcases & shelving units,24322,1035.0,60,,open storage that keeps books and decor in sight and in order,"storage, small-room, decoration",Cabinets & cupboards; Chests of drawers & drawer units,IKEA of Sweden,https://www.ikea.com/sa/en/p/bror-shelving-unit-white-s09303960/
19191896,"BESTÅ - TV storage combination/glass doors, 300x20/40x211 cm",Bookcases & shelving units,68855,2930.0,60,,open storage that keeps books and decor in sight and in order,"storage, small-room, decoration",Cabinets & cupboards; Chests of drawers & drawer units,IKEA of Sweden,https://www.ikea.com/sa/en/p/besta-tv-storage-combination-glass-doors-black-brown-selsviken-high-gloss-black-smoked-glass-s19191896/
19275136,"HAVSTA - Storage combination, 142x47x212 cm",Bookcases & shelving units,52522,2235.0,60,,open storage that keeps books and decor in sight and in order,"storage, small-room, decoration",Cabinets & cupboards; Chests of drawers & drawer units,IKEA of Sweden,https://www.ikea.com/sa/en/p/havsta-storage-combination-dark-brown-s19275136/
19297685,"JONAXEL - Frame/mesh baskets/shelving units, 148x51x173 cm",Bookcases & shelving units,23265,990.0,60,,open storage that keeps books and decor in sight and in order,"storage, small-room, decoration",Cabinets & cupboards; Chests of drawers & drawer units,IKEA of Sweden,https://www.ikea.com/sa/en/p/jonaxel-frame-mesh-baskets-shelving-units-s19297685/
19309725,"ALGOT - Wall upright/shelves, 189x41x85 cm",Bookcases & shelving units,10763,458.0,60,,open storage that keeps books and decor in sight and in order,"storage, small-room, decoration",Cabinets & cupboards; Chests of drawers & drawer units,Francis Cayouette,https://www.ikea.com/sa/en/p/algot-wall-upright-shelves-black-s19309725/
19930205,"ALGOT - Wall upright/shelves, 132x41x199 cm",Bookcases & shelving units,9729,414.0,60,,open storage that keeps books and decor in sight and in order,"storage, small-room, decoration",Cabinets & cupboards; Chests of drawers & drawer units,Francis Cayouette,https://www.ikea.com/sa/en/p/algot-wall-upright-shelves-white-s19930205/
39248359,"IVAR - 2 sections/shelves/cabinet, 174x30x179 cm",Bookcases & shelving units,23500,1000.0,60,,open storage that keeps books and decor in sight and in order,"storage, small-room, decoration",Cabinets & cupboards; Chests of drawers & drawer units,IKEA of Sweden,https://www.ikea.com/sa/en/p/ivar-2-sections-shelves-cabinet-pine-s39248359/
39311256,"JONAXEL - Frame/mesh baskts/clths rl/shlv uts, 173x51x173 cm",Bookcases & shelving units,17508,745.0,60,,open storage that keeps books and decor in sight and in order,"storage, small-room, decoration",Cabinets & cupboards; Chests of drawers & drawer units,IKEA of Sweden,https://www.ikea.com/sa/en/p/jonaxel-frame-mesh-baskts-clths-rl-shlv-uts-s39311256/
39903833,"ALGOT - Wall upright/shelves/drying rack, 66x61x197 cm",Bookcases & shelving units,3163,134.6,60,,open storage that keeps books and decor in sight and in order,"storage, small-room, decoration",Cabinets & cupboards; Chests of drawers & drawer units,Francis Cayouette,https://www.ikea.com/sa/en/p/algot-wall-upright-shelves-drying-rack-white-s39903833/
59279043,"OLAUS - 2 shelf sections, 211x36x94 cm",Bookcases & shelving units,9071,386.0,60,,open storage that keeps books and decor in sight and in order,"storage, small-room, decoration",Cabinets & cupboards; Chests of drawers & drawer units,IKEA of Sweden,https://www.ikea.com/sa/en/p/olaus-2-shelf-sections-s59279043/
69248211,"IVAR - 3 sections/cabinet/shelves, 259x30x226 cm",Bookcases & shelving units,43945,1870.0,60,,open storage that keeps books and decor in sight and in order,"storage, small-room, decoration",Cabinets & cupboards; Chests of drawers & drawer units,Sarah Fager/IKEA of Sweden,https://www.ikea.com/sa/en/p/ivar-3-sections-cabinet-shelves-pine-white-s69248211/
69294566,"VITTSJÖ - TV storage combination, 300x36x175 cm",Bookcases & shelving units,24322,1035.0,60,,open storage that keeps books and decor in sight and in order,"storage, small-room, decoration",Cabinets & cupboards; Chests of drawers & drawer units,Johan Kroon,https://www.ikea.com/sa/en/p/vittsjoe-tv-storage-combination-black-brown-glass-s69294566/
89285467,"ALGOT - Shelving unit, 127x41x85 cm",Bookcases & shelving units,7544,321.0,60,,open storage that keeps books and decor in sight and in order,"storage, small-room, decoration",Cabinets & cupboards; Chests of drawers & drawer units,Francis Cayouette,https://www.ikea.com/sa/en/p/algot-shelving-unit-black-s89285467/
90349005,"EKET - Underframe, 70x25x10 cm",Bookcases & shelving units,1762,75.0,60,,open storage that keeps books and decor in sight and in order,"storage, small-room, decoration",Cabinets & cupboards; Chests of drawers & drawer units,Jon Karlsson,https://www.ikea.com/sa/en/p/eket-underframe-birch-90349005/
60323592,"BILLSBRO - Handle, 40 mm",Bookcases & shelving units,352,15.0,60,,open storage that keeps books and decor in sight and in order,"storage, small-room, decoration",Cabinets & cupboards; Chests of drawers & drawer units,H Preutz/A Fredriksson,https://www.ikea.com/sa/en/p/billsbro-handle-stainless-steel-colour-60323592/
20273141,"HISHULT - Knob, 23 mm",Bookcases & shelving units,400,17.0,60,,open storage that keeps books and decor in sight and in order,"storage, small-room, decoration",Cabinets & cupboards; Chests of drawers & drawer units,K Hagberg/M Hagberg,https://www.ikea.com/sa/en/p/hishult-knob-porcelain-white-20273141/
50334303,"BILLSBRO - Handle, 120 mm",Bookcases & shelving units,588,25.0,60,,open storage that keeps books and decor in sight and in order,"storage, small-room, decoration",Cabinets & cupboards; Chests of drawers & drawer units,H Preutz/A Fredriksson,https://www.ikea.com/sa/en/p/billsbro-handle-white-50334303/
30373164,"KLACKBERG - Knob, 35 mm",Bookcases & shelving units,822,35.0,60,,open storage that keeps books and decor in sight and in order,"storage, small-room, decoration",Cabinets & cupboards; Chests of drawers & drawer units,Charlie Styrbjörn,https://www.ikea.com/sa/en/p/klackberg-knob-silver-colour-30373164/
49303958,"BROR - Shelving unit, 254x40x190 cm",Bookcases & shelving units,36308,1545.0,60,,open storage that keeps books and decor in sight and in order,"storage, small-room, decoration",Cabinets & cupboards; Chests of drawers & drawer units,IKEA of Sweden,https://www.ikea.com/sa/en/p/bror-shelving-unit-white-s49303958/
50295306,"BESTÅ - Top panel for TV, 180x40 cm",Bookcases & shelving units,3525,150.0,60,,open storage that keeps books and decor in sight and in order,"storage, small-room, decoration",Cabinets & cupboards; Chests of drawers & drawer units,IKEA of Sweden,https://www.ikea.com/sa/en/p/besta-top-panel-for-tv-glass-white-50295306/
50275596,"OXBERG - Door, 40x97 cm",Bookcases & shelving units,2350,100.0,60,,open storage that keeps books and decor in sight and in order,"storage, small-room, decoration",Cabinets & cupboards; Chests of drawers & drawer units,502.755.96 Adjustable hinges allow you to adjust the door horizontally and vertically.Behind the panel doors you can keep your belongings hidden and free from dust.Hinges included.Knobs included.1 door will fit BILLY bookcase 40 cm and 2 doors will fit BILLY bookcase 80 cm.Can be used on the corner unit only if the shelf next to it has no doors.The door does not fit bookcases purchased in the spring of 2014 or earlier.,https://www.ikea.com/sa/en/p/oxberg-door-white-50275596/
90333938,"EKET - Cabinet w door and 1 shelf, 35x35x70 cm",Bookcases & shelving units,5875,250.0,60,,open storage that keeps books and decor in sight and in order,"storage, small-room, decoration",Cabinets & cupboards; Chests of drawers & drawer units,Jon Karlsson,https://www.ikea.com/sa/en/p/eket-cabinet-w-door-and-1-shelf-white-90333938/
10373495,"BEKANT - Shelving unit, 121x134 cm",Bookcases & shelving units,35132,1495.0,60,,open storage that keeps books and decor in sight and in order,"storage, small-room, decoration",Cabinets & cupboards; Chests of drawers & drawer units,Eva Lilja Löwenhielm,https://www.ikea.com/sa/en/p/bekant-shelving-unit-black-10373495/
29308645,"JONAXEL - Frame/w bskts/clths rl/shlv uts, 198x51x173 cm",Bookcases & shelving units,20798,885.0,60,,open storage that keeps books and decor in sight and in order,"storage, small-room, decoration",Cabinets & cupboards; Chests of drawers & drawer units,IKEA of Sweden,https://www.ikea.com/sa/en/p/jonaxel-frame-w-bskts-clths-rl-shlv-uts-s29308645/
80291632,"SELSVIKEN - Door, 60x64 cm",Bookcases & shelving units,3525,150.0,60,,open storage that keeps books and decor in sight and in order,"storage, small-room, decoration",Cabinets & cupboards; Chests of drawers & drawer units,IKEA of Sweden,https://www.ikea.com/sa/en/p/selsviken-door-high-gloss-white-80291632/
90347515,"ENERYDA - Cup handle, 89 mm",Bookcases & shelving units,822,35.0,60,,open storage that keeps books and decor in sight and in order,"storage, small-room, decoration",Cabinets & cupboards; Chests of drawers & drawer units,Francis Cayouette,https://www.ikea.com/sa/en/p/eneryda-cup-handle-brass-colour-90347515/
40348895,"ÖSTERNÄS - Leather handle, 153 mm",Bookcases & shelving units,1645,70.0,60,,open storage that keeps books and decor in sight and in order,"storage, small-room, decoration",Cabinets & cupboards; Chests of drawers & drawer units,H Preutz/A Fredriksson,https://www.ikea.com/sa/en/p/oesternaes-leather-handle-tanned-leather-40348895/
80385348,"IVAR - Drawer, 39x30x14 cm",Bookcases & shelving units,1762,75.0,60,,open storage that keeps books and decor in sight and in order,"storage, small-room, decoration",Cabinets & cupboards; Chests of drawers & drawer units,Sarah Fager,https://www.ikea.com/sa/en/p/ivar-drawer-white-80385348/
275674,"OXBERG - Panel/glass door, 40x192 cm",Bookcases & shelving units,5758,245.0,60,,open storage that keeps books and decor in sight and in order,"storage, small-room, decoration",Cabinets & cupboards; Chests of drawers & drawer units,002.756.74 Adjustable hinges allow you to adjust the door horizontally and vertically.Panel/glass doors provide dust-free storage and let you hide or display things according to your needs.Hinges included.Knobs included.Handle with care! A damaged edge or scratched surface can cause the glass to suddenly crack and/or break. Avoid collisions from the side - this is where the glass is most vulnerable.1 door will fit BILLY bookcase 40 cm and 2 doors will fit BILLY bookcase 80 cm.Can be used on the corner unit only if the shelf next to it has no doors.The door does not fit bookcases purchased in the spring of 2014 or earlier.,https://www.ikea.com/sa/en/p/oxberg-panel-glass-door-black-brown-00275674/
9285683,"IVAR - Shelving unit with shelves/rails, 174x50x179 cm",Bookcases & shelving units,17061,726.0,60,,open storage that keeps books and decor in sight and in order,"storage, small-room, decoration",Cabinets & cupboards; Chests of drawers & drawer units,IKEA of Sweden,https://www.ikea.com/sa/en/p/ivar-shelving-unit-with-shelves-rails-pine-s09285683/
9288021,"IVAR - Shelving unit with shelves/rails, 174x50x124-179 cm",Bookcases & shelving units,13230,563.0,60,,open storage that keeps books and decor in sight and in order,"storage, small-room, decoration",Cabinets & cupboards; Chests of drawers & drawer units,IKEA of Sweden,https://www.ikea.com/sa/en/p/ivar-shelving-unit-with-shelves-rails-pine-s09288021/
10388661,"HAVSTA - Plinth, 81x37x12 cm",Bookcases & shelving units,1880,80.0,60,,open storage that keeps books and decor in sight and in order,"storage, small-room, decoration",Cabinets & cupboards; Chests of drawers & drawer units,IKEA of Sweden,https://www.ikea.com/sa/en/p/havsta-plinth-white-10388661/
49903842,"ALGOT - Wall upright/shelves, 66x61x197 cm",Bookcases & shelving units,5443,231.6,60,,open storage that keeps books and decor in sight and in order,"storage, small-room, decoration",Cabinets & cupboards; Chests of drawers & drawer units,Francis Cayouette,https://www.ikea.com/sa/en/p/algot-wall-upright-shelves-white-s49903842/
50334317,"BILLSBRO - Handle, 520 mm",Bookcases & shelving units,1058,45.0,60,,open storage that keeps books and decor in sight and in order,"storage, small-room, decoration",Cabinets & cupboards; Chests of drawers & drawer units,H Preutz/A Fredriksson,https://www.ikea.com/sa/en/p/billsbro-handle-white-50334317/
69017475,"KALLAX - Shelving unit with 8 inserts, 147x147 cm",Bookcases & shelving units,21032,895.0,60,,open storage that keeps books and decor in sight and in order,"storage, small-room, decoration",Cabinets & cupboards; Chests of drawers & drawer units,Tord Björklund,https://www.ikea.com/sa/en/p/kallax-shelving-unit-with-8-inserts-white-s69017475/
70348894,"BJÄRRED - Handle, 175 mm",Bookcases & shelving units,1152,49.0,60,,open storage that keeps books and decor in sight and in order,"storage, small-room, decoration",Cabinets & cupboards; Chests of drawers & drawer units,H Preutz/A Fredriksson,https://www.ikea.com/sa/en/p/bjaerred-handle-stainless-steel-black-leather-70348894/
79320758,"SVALNÄS - Wall-mounted workspace combination, 213x35x176 cm",Bookcases & shelving units,43005,1830.0,60,,open storage that keeps books and decor in sight and in order,"storage, small-room, decoration",Cabinets & cupboards; Chests of drawers & drawer units,Jon Karlsson,https://www.ikea.com/sa/en/p/svalnaes-wall-mounted-workspace-combination-bamboo-white-s79320758/
89248535,"IVAR - 3 sections/shelves, 259x50x226 cm",Bookcases & shelving units,25498,1085.0,60,,open storage that keeps books and decor in sight and in order,"storage, small-room, decoration",Cabinets & cupboards; Chests of drawers & drawer units,IKEA of Sweden,https://www.ikea.com/sa/en/p/ivar-3-sections-shelves-pine-s89248535/
9903820,"ALGOT - Wall upright/shelves/rod, 66x41x197 cm",Bookcases & shelving units,5499,234.0,60,,open storage that keeps books and decor in sight and in order,"storage, small-room, decoration",Cabinets & cupboards; Chests of drawers & drawer units,Francis Cayouette,https://www.ikea.com/sa/en/p/algot-wall-upright-shelves-rod-white-s09903820/
10323599,"BILLSBRO - Handle, 2220 mm",Bookcases & shelving units,1622,69.0,60,,open storage that keeps books and decor in sight and in order,"storage, small-room, decoration",Cabinets & cupboards; Chests of drawers & drawer units,H Preutz/A Fredriksson,https://www.ikea.com/sa/en/p/billsbro-handle-stainless-steel-colour-10323599/
19221087,"EKET - Cabinet combination with feet, 140x35x212 cm",Bookcases & shelving units,28623,1218.0,60,,open storage that keeps books and decor in sight and in order,"storage, small-room, decoration",Cabinets & cupboards; Chests of drawers & drawer units,IKEA of Sweden/Jon Karlsson,https://www.ikea.com/sa/en/p/eket-cabinet-combination-with-feet-white-light-grey-s19221087/
19277116,"BILLY / BOTTNA - Bookcase with display shelf, 80x28x202 cm",Bookcases & shelving units,7402,315.0,60,,open storage that keeps books and decor in sight and in order,"storage, small-room, decoration",Cabinets & cupboards; Chests of drawers & drawer units,Gillis Lundgren/K Hagberg/M Hagberg,https://www.ikea.com/sa/en/p/billy-bottna-bookcase-with-display-shelf-white-beige-s19277116/
20330599,"UPPLEVA - Bracket for TV, swivel, 37-55 """,Bookcases & shelving units,4676,199.0,60,,open storage that keeps books and decor in sight and in order,"storage, small-room, decoration",Cabinets & cupboards; Chests of drawers & drawer units,"203.305.99 The TV-bracket can be angled for change of viewing position, and easy access to cables and connections.The TV bracket has integrated cable management so you can easily gather and conceal wires for a neater TV solution.UPPLEVA TV-brackets are VESA-compatibleFits most 37-55"" flat screen TVs.Fits MOSTORP, MALSJÖ and BESTÅ TV benches.",https://www.ikea.com/sa/en/p/uppleva-bracket-for-tv-swivel-light-grey-20330599/
29275715,BROR - Storage w shelves/cabinet/trolley,Bookcases & shelving units,50525,2150.0,60,,open storage that keeps books and decor in sight and in order,"storage, small-room, decoration",Cabinets & cupboards; Chests of drawers & drawer units,IKEA of Sweden,https://www.ikea.com/sa/en/p/bror-storage-w-shelves-cabinet-trolley-s29275715/
29286399,"EKET - Wall-mounted cabinet combination, 175x35x70 cm",Bookcases & shelving units,15534,661.0,60,,open storage that keeps books and decor in sight and in order,"storage, small-room, decoration",Cabinets & cupboards; Chests of drawers & drawer units,IKEA of Sweden/Jon Karlsson,https://www.ikea.com/sa/en/p/eket-wall-mounted-cabinet-combination-white-light-grey-dark-grey-s29286399/
29294554,"VITTSJÖ - Storage combination, 202x36x175 cm",Bookcases & shelving units,16332,695.0,60,,open storage that keeps books and decor in sight and in order,"storage, small-room, decoration",Cabinets & cupboards; Chests of drawers & drawer units,Johan Kroon,https://www.ikea.com/sa/en/p/vittsjoe-storage-combination-black-brown-glass-s29294554/
29912767,"ALGOT - Wall upright/shelves/rod, 190x40x84 cm",Bookcases & shelving units,12413,528.2,60,,open storage that keeps books and decor in sight and in order,"storage, small-room, decoration",Cabinets & cupboards; Chests of drawers & drawer units,Francis Cayouette,https://www.ikea.com/sa/en/p/algot-wall-upright-shelves-rod-white-s29912767/
30323598,"BILLSBRO - Handle, 1880 mm",Bookcases & shelving units,1152,49.0,60,,open storage that keeps books and decor in sight and in order,"storage, small-room, decoration",Cabinets & cupboards; Chests of drawers & drawer units,H Preutz/A Fredriksson,https://www.ikea.com/sa/en/p/billsbro-handle-stainless-steel-colour-30323598/
40226790,"UPPLEVA - Wall bracket for TV, tilt/swivel, 19-32 """,Bookcases & shelving units,3408,145.0,60,,open storage that keeps books and decor in sight and in order,"storage, small-room, decoration",Cabinets & cupboards; Chests of drawers & drawer units,IKEA of Sweden,https://www.ikea.com/sa/en/p/uppleva-wall-bracket-for-tv-tilt-swivel-40226790/
49017749,"ALGOT - Wall upright/shelves, 190x41x87 cm",Bookcases & shelving units,11144,474.2,60,,open storage that keeps books and decor in sight and in order,"storage, small-room, decoration",Cabinets & cupboards; Chests of drawers & drawer units,Francis Cayouette,https://www.ikea.com/sa/en/p/algot-wall-upright-shelves-white-s49017749/
40211595,"GALANT - Add-on unit, 160x80 cm",Bookcases & shelving units,16332,695.0,60,,open storage that keeps books and decor in sight and in order,"storage, small-room, decoration",Cabinets & cupboards; Chests of drawers & drawer units,K Malmvall/E Lilja Löwenhielm,https://www.ikea.com/sa/en/p/galant-add-on-unit-white-40211595/
49320774,"SVALNÄS - Wall-mounted workspace combination, 233x35x176 cm",Bookcases & shelving units,43240,1840.0,60,,open storage that keeps books and decor in sight and in order,"storage, small-room, decoration",Cabinets & cupboards; Chests of drawers & drawer units,Jon Karlsson,https://www.ikea.com/sa/en/p/svalnaes-wall-mounted-workspace-combination-bamboo-white-s49320774/
59276172,"ALGOT - Wall upright/shelves/rod, 132x41x199 cm",Bookcases & shelving units,11210,477.0,60,,open storage that keeps books and decor in sight and in order,"storage, small-room, decoration",Cabinets & cupboards; Chests of drawers & drawer units,Francis Cayouette,https://www.ikea.com/sa/en/p/algot-wall-upright-shelves-rod-white-s59276172/
59287986,"IVAR - Shelving unit w shelves/rails/cover, 89x50x179 cm",Bookcases & shelving units,11703,498.0,60,,open storage that keeps books and decor in sight and in order,"storage, small-room, decoration",Cabinets & cupboards; Chests of drawers & drawer units,IKEA of Sweden,https://www.ikea.com/sa/en/p/ivar-shelving-unit-w-shelves-rails-cover-s59287986/
60294797,"HANVIKEN - Drawer front, 60x26 cm",Bookcases & shelving units,1175,50.0,60,,open storage that keeps books and decor in sight and in order,"storage, small-room, decoration",Cabinets & cupboards; Chests of drawers & drawer units,Marcus Arvonen,https://www.ikea.com/sa/en/p/hanviken-drawer-front-black-brown-60294797/
79265926,"HAVSTA - Storage combination w glass doors, 203x47x212 cm",Bookcases & shelving units,70030,2980.0,60,,open storage that keeps books and decor in sight and in order,"storage, small-room, decoration",Cabinets & cupboards; Chests of drawers & drawer units,IKEA of Sweden,https://www.ikea.com/sa/en/p/havsta-storage-combination-w-glass-doors-white-s79265926/
79272677,"BROR - Shelving unit with cabinets, 161x40x133 cm",Bookcases & shelving units,31372,1335.0,60,,open storage that keeps books and decor in sight and in order,"storage, small-room, decoration",Cabinets & cupboards; Chests of drawers & drawer units,IKEA of Sweden,https://www.ikea.com/sa/en/p/bror-shelving-unit-with-cabinets-s79272677/
79303103,"ALGOT - Wall upright/shelves/drying rack, 132x61x197 cm",Bookcases & shelving units,9019,383.8,60,,open storage that keeps books and decor in sight and in order,"storage, small-room, decoration",Cabinets & cupboards; Chests of drawers & drawer units,Francis Cayouette,https://www.ikea.com/sa/en/p/algot-wall-upright-shelves-drying-rack-s79303103/
80414256,"VASSVIKEN - Door/drawer front, 60x38 cm",Bookcases & shelving units,2350,100.0,60,,open storage that keeps books and decor in sight and in order,"storage, small-room, decoration",Cabinets & cupboards; Chests of drawers & drawer units,IKEA of Sweden,https://www.ikea.com/sa/en/p/vassviken-door-drawer-front-white-80414256/
99221026,"EKET - Wall-mounted cabinet combination, 70x35x105 cm",Bookcases & shelving units,22983,978.0,60,,open storage that keeps books and decor in sight and in order,"storage, small-room, decoration",Cabinets & cupboards; Chests of drawers & drawer units,IKEA of Sweden/Jon Karlsson,https://www.ikea.com/sa/en/p/eket-wall-mounted-cabinet-combination-white-s99221026/
50357002,"KALLRÖR - Handle, 213 mm",Bookcases & shelving units,588,25.0,60,,open storage that keeps books and decor in sight and in order,"storage, small-room, decoration",Cabinets & cupboards; Chests of drawers & drawer units,IKEA of Sweden,https://www.ikea.com/sa/en/p/kallroer-handle-stainless-steel-50357002/
20334314,"BILLSBRO - Handle, 40 mm",Bookcases & shelving units,352,15.0,60,,open storage that keeps books and decor in sight and in order,"storage, small-room, decoration",Cabinets & cupboards; Chests of drawers & drawer units,H Preutz/A Fredriksson,https://www.ikea.com/sa/en/p/billsbro-handle-white-20334314/
49248354,"IVAR - 2 sections/shelves, 174x50x226 cm",Bookcases & shelving units,20633,878.0,60,,open storage that keeps books and decor in sight and in order,"storage, small-room, decoration",Cabinets & cupboards; Chests of drawers & drawer units,IKEA of Sweden,https://www.ikea.com/sa/en/p/ivar-2-sections-shelves-pine-s49248354/
20338411,"BAGGANÄS - Handle, 335 mm",Bookcases & shelving units,1175,50.0,60,,open storage that keeps books and decor in sight and in order,"storage, small-room, decoration",Cabinets & cupboards; Chests of drawers & drawer units,H Preutz/A Fredriksson,https://www.ikea.com/sa/en/p/bagganaes-handle-brass-colour-20338411/
19272699,"BROR - Shelving unit, 254x40x190 cm",Bookcases & shelving units,31372,1335.0,60,,open storage that keeps books and decor in sight and in order,"storage, small-room, decoration",Cabinets & cupboards; Chests of drawers & drawer units,IKEA of Sweden,https://www.ikea.com/sa/en/p/bror-shelving-unit-black-s19272699/
40104109,BILLY - Corner fittings,Bookcases & shelving units,470,20.0,60,,open storage that keeps books and decor in sight and in order,"storage, small-room, decoration",Cabinets & cupboards; Chests of drawers & drawer units,IKEA of Sweden,https://www.ikea.com/sa/en/p/billy-corner-fittings-galvanised-40104109/
90291858,"SINDVIK - Glass door, 60x64 cm",Bookcases & shelving units,3525,150.0,60,,open storage that keeps books and decor in sight and in order,"storage, small-room, decoration",Cabinets & cupboards; Chests of drawers & drawer units,Marcus Arvonen,https://www.ikea.com/sa/en/p/sindvik-glass-door-white-clear-glass-90291858/
10273090,"MÖLLARP - Knob, 14 mm",Bookcases & shelving units,282,12.0,60,,open storage that keeps books and decor in sight and in order,"storage, small-room, decoration",Cabinets & cupboards; Chests of drawers & drawer units,K Hagberg/M Hagberg,https://www.ikea.com/sa/en/p/moellarp-knob-black-10273090/
10364523,"KALLVIKEN - Door, 60x64 cm",Bookcases & shelving units,3995,170.0,60,,open storage that keeps books and decor in sight and in order,"storage, small-room, decoration",Cabinets & cupboards; Chests of drawers & drawer units,IKEA of Sweden,https://www.ikea.com/sa/en/p/kallviken-door-dark-grey-concrete-effect-10364523/
50425987,"KALLVIKEN - Door/drawer front, 60x38 cm",Bookcases & shelving units,3172,135.0,60,,open storage that keeps books and decor in sight and in order,"storage, small-room, decoration",Cabinets & cupboards; Chests of drawers & drawer units,IKEA of Sweden,https://www.ikea.com/sa/en/p/kallviken-door-drawer-front-dark-grey-concrete-effect-50425987/
30425988,"KALLVIKEN - Drawer front, 60x26 cm",Bookcases & shelving units,2232,95.0,60,,open storage that keeps books and decor in sight and in order,"storage, small-room, decoration",Cabinets & cupboards; Chests of drawers & drawer units,IKEA of Sweden,https://www.ikea.com/sa/en/p/kallviken-drawer-front-dark-grey-concrete-effect-30425988/
49282994,"BROR - Shelving unit, 85x40x190 cm",Bookcases & shelving units,12455,530.0,60,,open storage that keeps books and decor in sight and in order,"storage, small-room, decoration",Cabinets & cupboards; Chests of drawers & drawer units,IKEA of Sweden,https://www.ikea.com/sa/en/p/bror-shelving-unit-black-s49282994/
70318161,"IVAR - Shelf, 42x50 cm",Bookcases & shelving units,916,39.0,60,,open storage that keeps books and decor in sight and in order,"storage, small-room, decoration",Cabinets & cupboards; Chests of drawers & drawer units,IKEA of Sweden,https://www.ikea.com/sa/en/p/ivar-shelf-pine-70318161/
50370353,"MOSSARYD - Drop handle, 49 mm",Bookcases & shelving units,682,29.0,60,,open storage that keeps books and decor in sight and in order,"storage, small-room, decoration",Cabinets & cupboards; Chests of drawers & drawer units,Francis Cayouette,https://www.ikea.com/sa/en/p/mossaryd-drop-handle-black-50370353/
80340048,"EKET - Suspension rail, 70 cm",Bookcases & shelving units,470,20.0,60,,open storage that keeps books and decor in sight and in order,"storage, small-room, decoration",Cabinets & cupboards; Chests of drawers & drawer units,IKEA of Sweden,https://www.ikea.com/sa/en/p/eket-suspension-rail-80340048/
89283005,"BROR - Shelving unit with cabinets, 85x40x110 cm",Bookcases & shelving units,15745,670.0,60,,open storage that keeps books and decor in sight and in order,"storage, small-room, decoration",Cabinets & cupboards; Chests of drawers & drawer units,IKEA of Sweden,https://www.ikea.com/sa/en/p/bror-shelving-unit-with-cabinets-black-s89283005/
89294532,"VITTSJÖ - Storage combination, 200x36x175 cm",Bookcases & shelving units,18565,790.0,60,,open storage that keeps books and decor in sight and in order,"storage, small-room, decoration",Cabinets & cupboards; Chests of drawers & drawer units,Johan Kroon,https://www.ikea.com/sa/en/p/vittsjoe-storage-combination-black-brown-glass-s89294532/
20443624,"BESTÅ - Top panel, 180x42 cm",Bookcases & shelving units,5288,225.0,60,,open storage that keeps books and decor in sight and in order,"storage, small-room, decoration",Cabinets & cupboards; Chests of drawers & drawer units,IKEA of Sweden,https://www.ikea.com/sa/en/p/besta-top-panel-concrete-effect-light-grey-20443624/
69903799,"ALGOT - Wall upright/shelves, 46x41x197 cm",Bookcases & shelving units,4794,204.0,60,,open storage that keeps books and decor in sight and in order,"storage, small-room, decoration",Cabinets & cupboards; Chests of drawers & drawer units,Francis Cayouette,https://www.ikea.com/sa/en/p/algot-wall-upright-shelves-white-s69903799/
70428904,"EKET - Leg, 10 cm",Bookcases & shelving units,1762,75.0,60,,open storage that keeps books and decor in sight and in order,"storage, small-room, decoration",Cabinets & cupboards; Chests of drawers & drawer units,"704.289.04 Metal legs raise your EKET combination from the floor, giving a light airy look and making it easy to clean the floor underneath.Adjustable feet; stands steady also on an uneven floor.",https://www.ikea.com/sa/en/p/eket-leg-metal-70428904/
50275619,"OXBERG - Glass door, 40x35 cm",Bookcases & shelving units,1880,80.0,60,,open storage that keeps books and decor in sight and in order,"storage, small-room, decoration",Cabinets & cupboards; Chests of drawers & drawer units,502.756.19 Adjustable hinges allow you to adjust the door horizontally and vertically.Glass doors keep your favourite items free from dust but still visible.Hinges included.Knobs included.Handle with care! A damaged edge or scratched surface can cause the glass to suddenly crack and/or break. Avoid collisions from the side - this is where the glass is most vulnerable.Can be used on the corner unit only if the shelf next to it has no doors.,https://www.ikea.com/sa/en/p/oxberg-glass-door-white-50275619/
322897,"SVALNÄS - Cabinet with 2 doors, 61x35 cm",Bookcases & shelving units,7285,310.0,60,,open storage that keeps books and decor in sight and in order,"storage, small-room, decoration",Cabinets & cupboards; Chests of drawers & drawer units,Jon Karlsson,https://www.ikea.com/sa/en/p/svalnaes-cabinet-with-2-doors-bamboo-white-00322897/
333278,"BROR - Post, 110 cm",Bookcases & shelving units,2115,90.0,60,,open storage that keeps books and decor in sight and in order,"storage, small-room, decoration",Cabinets & cupboards; Chests of drawers & drawer units,IKEA of Sweden,https://www.ikea.com/sa/en/p/bror-post-black-00333278/
10353765,"KLIMPEN - Table leg with storage, 58x70 cm",Bookcases & shelving units,8108,345.0,60,,open storage that keeps books and decor in sight and in order,"storage, small-room, decoration",Cabinets & cupboards; Chests of drawers & drawer units,Tina Christensen,https://www.ikea.com/sa/en/p/klimpen-table-leg-with-storage-grey-light-grey-10353765/
294795,"HANVIKEN - Door/drawer front, 60x38 cm",Bookcases & shelving units,1762,75.0,60,,open storage that keeps books and decor in sight and in order,"storage, small-room, decoration",Cabinets & cupboards; Chests of drawers & drawer units,Marcus Arvonen,https://www.ikea.com/sa/en/p/hanviken-door-drawer-front-black-brown-00294795/
20390574,STALLARP - Leg,Bookcases & shelving units,1058,45.0,60,,open storage that keeps books and decor in sight and in order,"storage, small-room, decoration",Cabinets & cupboards; Chests of drawers & drawer units,Carl Öjerstam,https://www.ikea.com/sa/en/p/stallarp-leg-chrome-plated-20390574/
30357003,"KALLRÖR - Handle, 597 mm",Bookcases & shelving units,1058,45.0,60,,open storage that keeps books and decor in sight and in order,"storage, small-room, decoration",Cabinets & cupboards; Chests of drawers & drawer units,IKEA of Sweden,https://www.ikea.com/sa/en/p/kallroer-handle-stainless-steel-30357003/
40247368,"BESTÅ - Frame, 60x40x128 cm",Bookcases & shelving units,4582,195.0,60,,open storage that keeps books and decor in sight and in order,"storage, small-room, decoration",Cabinets & cupboards; Chests of drawers & drawer units,IKEA of Sweden,https://www.ikea.com/sa/en/p/besta-frame-grey-stained-walnut-effect-40247368/
70388639,"HAVSTA - Shelving unit, 81x35x123 cm",Bookcases & shelving units,12808,545.0,60,,open storage that keeps books and decor in sight and in order,"storage, small-room, decoration",Cabinets & cupboards; Chests of drawers & drawer units,IKEA of Sweden,https://www.ikea.com/sa/en/p/havsta-shelving-unit-white-70388639/
79184435,"SVALNÄS - Wall-mounted shelf combination, 66x25x176 cm",Bookcases & shelving units,9635,410.0,60,,open storage that keeps books and decor in sight and in order,"storage, small-room, decoration",Cabinets & cupboards; Chests of drawers & drawer units,Jon Karlsson,https://www.ikea.com/sa/en/p/svalnaes-wall-mounted-shelf-combination-bamboo-s79184435/
99303970,"BROR - Shelving unit, 254x55x190 cm",Bookcases & shelving units,30902,1315.0,60,,open storage that keeps books and decor in sight and in order,"storage, small-room, decoration",Cabinets & cupboards; Chests of drawers & drawer units,IKEA of Sweden,https://www.ikea.com/sa/en/p/bror-shelving-unit-white-s99303970/
80291854,"SINDVIK - Glass door, 60x38 cm",Bookcases & shelving units,2350,100.0,60,,open storage that keeps books and decor in sight and in order,"storage, small-room, decoration",Cabinets & cupboards; Chests of drawers & drawer units,Marcus Arvonen,https://www.ikea.com/sa/en/p/sindvik-glass-door-white-clear-glass-80291854/
39286558,"HYLLIS - Shelving units with covers, 180x27x74 cm",Bookcases & shelving units,3314,141.0,60,,open storage that keeps books and decor in sight and in order,"storage, small-room, decoration",Cabinets & cupboards; Chests of drawers & drawer units,IKEA of Sweden,https://www.ikea.com/sa/en/p/hyllis-shelving-units-with-covers-transparent-s39286558/
50434185,"ALGOT - Wall upright, 84 cm",Bookcases & shelving units,470,20.0,60,,open storage that keeps books and decor in sight and in order,"storage, small-room, decoration",Cabinets & cupboards; Chests of drawers & drawer units,Francis Cayouette,https://www.ikea.com/sa/en/p/algot-wall-upright-black-50434185/
69272649,"BROR - Shelving unit, 65x55x110 cm",Bookcases & shelving units,8812,375.0,60,,open storage that keeps books and decor in sight and in order,"storage, small-room, decoration",Cabinets & cupboards; Chests of drawers & drawer units,IKEA of Sweden,https://www.ikea.com/sa/en/p/bror-shelving-unit-black-s69272649/
80291665,"GLASSVIK - Glass door, 60x64 cm",Bookcases & shelving units,4582,195.0,60,,open storage that keeps books and decor in sight and in order,"storage, small-room, decoration",Cabinets & cupboards; Chests of drawers & drawer units,IKEA of Sweden,https://www.ikea.com/sa/en/p/glassvik-glass-door-white-frosted-glass-80291665/
60441562,"TIMMERVIKEN - Drawer front, 60x26 cm",Bookcases & shelving units,1410,60.0,60,,open storage that keeps books and decor in sight and in order,"storage, small-room, decoration",Cabinets & cupboards; Chests of drawers & drawer units,"604.415.62 Drawers make it easy to keep your things organised.To be completed with BESTÅ drawer frame 60X15X40 cm and BESTÅ drawer runner, sold separately.May be completed with knobs or handles. Sold separately.Drill template for marking of hole positions for handles or knobs is sold separately.",https://www.ikea.com/sa/en/p/timmerviken-drawer-front-black-60441562/
9300650,"BESTÅ - TV storage combination/glass doors, 300x42x193 cm",Bookcases & shelving units,61922,2635.0,60,,open storage that keeps books and decor in sight and in order,"storage, small-room, decoration",Cabinets & cupboards; Chests of drawers & drawer units,IKEA of Sweden,https://www.ikea.com/sa/en/p/besta-tv-storage-combination-glass-doors-black-brown-selsviken-high-gloss-black-smoked-glass-s09300650/
10441569,"STOCKVIKEN - Door, 60x64 cm",Bookcases & shelving units,4935,210.0,60,,open storage that keeps books and decor in sight and in order,"storage, small-room, decoration",Cabinets & cupboards; Chests of drawers & drawer units,104.415.69 You can choose to mount the door on the right or left side.To be completed with BESTÅ hinges.1 door requires 1 pack of hinges. Sold separately.May be completed with knobs or handles. Sold separately.Drill template for marking of hole positions for handles or knobs is sold separately.,https://www.ikea.com/sa/en/p/stockviken-door-anthracite-10441569/
19057483,"BESTÅ - Wall cabinet with 2 doors, 60x22x128 cm",Bookcases & shelving units,11280,480.0,60,,open storage that keeps books and decor in sight and in order,"storage, small-room, decoration",Cabinets & cupboards; Chests of drawers & drawer units,IKEA of Sweden,https://www.ikea.com/sa/en/p/besta-wall-cabinet-with-2-doors-lappviken-white-s19057483/
19276414,"ALGOT / SKÅDIS - Wall upright/shelves/rod, 132x41x199 cm",Bookcases & shelving units,14053,598.0,60,,open storage that keeps books and decor in sight and in order,"storage, small-room, decoration",Cabinets & cupboards; Chests of drawers & drawer units,Francis Cayouette/Eva Lilja Löwenhielm,https://www.ikea.com/sa/en/p/algot-skadis-wall-upright-shelves-rod-s19276414/
30452613,"BROR - Post, 110 cm",Bookcases & shelving units,2115,90.0,60,,open storage that keeps books and decor in sight and in order,"storage, small-room, decoration",Cabinets & cupboards; Chests of drawers & drawer units,IKEA of Sweden,https://www.ikea.com/sa/en/p/bror-post-white-30452613/
39184437,"SVALNÄS - Wall-mounted storage combination, 130x35x176 cm",Bookcases & shelving units,32782,1395.0,60,,open storage that keeps books and decor in sight and in order,"storage, small-room, decoration",Cabinets & cupboards; Chests of drawers & drawer units,Jon Karlsson,https://www.ikea.com/sa/en/p/svalnaes-wall-mounted-storage-combination-bamboo-white-s39184437/
39292026,"BILLY / MORLIDEN - Bookcase with glass-doors, 80x30x202 cm",Bookcases & shelving units,13982,595.0,60,,open storage that keeps books and decor in sight and in order,"storage, small-room, decoration",Cabinets & cupboards; Chests of drawers & drawer units,Gillis Lundgren/IKEA of Sweden,https://www.ikea.com/sa/en/p/billy-morliden-bookcase-with-glass-doors-brown-ash-veneer-glass-s39292026/
49133579,"IVAR - 1 section/bottle racks, 89x30x124 cm",Bookcases & shelving units,8578,365.0,60,,open storage that keeps books and decor in sight and in order,"storage, small-room, decoration",Cabinets & cupboards; Chests of drawers & drawer units,IKEA of Sweden/Sarah Fager,https://www.ikea.com/sa/en/p/ivar-1-section-bottle-racks-pine-grey-s49133579/
40206476,"GALANT - Add-on unit, 80x80 cm",Bookcases & shelving units,9282,395.0,60,,open storage that keeps books and decor in sight and in order,"storage, small-room, decoration",Cabinets & cupboards; Chests of drawers & drawer units,K Malmvall/E Lilja Löwenhielm,https://www.ikea.com/sa/en/p/galant-add-on-unit-white-40206476/
49221062,"EKET - Cabinet combination with feet, 210x35x180 cm",Bookcases & shelving units,29610,1260.0,60,,open storage that keeps books and decor in sight and in order,"storage, small-room, decoration",Cabinets & cupboards; Chests of drawers & drawer units,Jon Karlsson/IKEA of Sweden,https://www.ikea.com/sa/en/p/eket-cabinet-combination-with-feet-white-s49221062/
49272706,"BROR - Shelving unit, 234x55x190 cm",Bookcases & shelving units,31608,1345.0,60,,open storage that keeps books and decor in sight and in order,"storage, small-room, decoration",Cabinets & cupboards; Chests of drawers & drawer units,IKEA of Sweden,https://www.ikea.com/sa/en/p/bror-shelving-unit-black-s49272706/
49299032,"BESTÅ - TV bench, 180x42x48 cm",Bookcases & shelving units,28552,1215.0,60,,open storage that keeps books and decor in sight and in order,"storage, small-room, decoration",Cabinets & cupboards; Chests of drawers & drawer units,IKEA of Sweden/Carl Öjerstam,https://www.ikea.com/sa/en/p/besta-tv-bench-black-brown-selsviken-nannarp-high-gloss-dark-red-brown-s49299032/
49302874,"IVAR - Shelving unit w shelves/rails/cover, 89x50x179 cm",Bookcases & shelving units,10646,453.0,60,,open storage that keeps books and decor in sight and in order,"storage, small-room, decoration",Cabinets & cupboards; Chests of drawers & drawer units,IKEA of Sweden,https://www.ikea.com/sa/en/p/ivar-shelving-unit-w-shelves-rails-cover-s49302874/
50470512,"IVAR - Shelf, 83x30 cm",Bookcases & shelving units,5758,245.0,60,,open storage that keeps books and decor in sight and in order,"storage, small-room, decoration",Cabinets & cupboards; Chests of drawers & drawer units,IKEA of Sweden,https://www.ikea.com/sa/en/p/ivar-shelf-black-50470512/
59303477,"IVAR - Shelving unit w cabinets/drawers, 344x30x226 cm",Bookcases & shelving units,53462,2275.0,60,,open storage that keeps books and decor in sight and in order,"storage, small-room, decoration",Cabinets & cupboards; Chests of drawers & drawer units,IKEA of Sweden,https://www.ikea.com/sa/en/p/ivar-shelving-unit-w-cabinets-drawers-pine-red-s59303477/
60291845,"HANVIKEN - Door, 60x64 cm",Bookcases & shelving units,2350,100.0,60,,open storage that keeps books and decor in sight and in order,"storage, small-room, decoration",Cabinets & cupboards; Chests of drawers & drawer units,Marcus Arvonen,https://www.ikea.com/sa/en/p/hanviken-door-white-60291845/
60414257,"VASSVIKEN - Drawer front, 60x26 cm",Bookcases & shelving units,1762,75.0,60,,open storage that keeps books and decor in sight and in order,"storage, small-room, decoration",Cabinets & cupboards; Chests of drawers & drawer units,IKEA of Sweden,https://www.ikea.com/sa/en/p/vassviken-drawer-front-white-60414257/
69017833,"BILLY / MORLIDEN - Bookcase, 160x30x237 cm",Bookcases & shelving units,41595,1770.0,60,,open storage that keeps books and decor in sight and in order,"storage, small-room, decoration",Cabinets & cupboards; Chests of drawers & drawer units,IKEA of Sweden/Gillis Lundgren,https://www.ikea.com/sa/en/p/billy-morliden-bookcase-white-s69017833/
69239607,"ALGOT - Wall upright/shelves/rod, 132x41x197 cm",Bookcases & shelving units,8154,347.0,60,,open storage that keeps books and decor in sight and in order,"storage, small-room, decoration",Cabinets & cupboards; Chests of drawers & drawer units,Francis Cayouette,https://www.ikea.com/sa/en/p/algot-wall-upright-shelves-rod-s69239607/
69275718,"BROR - Shelving unit with cabinets, 170x40x110 cm",Bookcases & shelving units,31490,1340.0,60,,open storage that keeps books and decor in sight and in order,"storage, small-room, decoration",Cabinets & cupboards; Chests of drawers & drawer units,IKEA of Sweden,https://www.ikea.com/sa/en/p/bror-shelving-unit-with-cabinets-black-s69275718/
69288018,"IVAR - Shelving unit with shelves/rails, 259x50x179 cm",Bookcases & shelving units,24558,1045.0,60,,open storage that keeps books and decor in sight and in order,"storage, small-room, decoration",Cabinets & cupboards; Chests of drawers & drawer units,IKEA of Sweden,https://www.ikea.com/sa/en/p/ivar-shelving-unit-with-shelves-rails-pine-s69288018/
69304754,"IVAR - Shelving unit w tbl/cabinets/shlvs, 259x30-104x179 cm",Bookcases & shelving units,41008,1745.0,60,,open storage that keeps books and decor in sight and in order,"storage, small-room, decoration",Cabinets & cupboards; Chests of drawers & drawer units,IKEA of Sweden,https://www.ikea.com/sa/en/p/ivar-shelving-unit-w-tbl-cabinets-shlvs-pine-s69304754/
70348785,"SKÄRHAMN - Knob, 22 mm",Bookcases & shelving units,682,29.0,60,,open storage that keeps books and decor in sight and in order,"storage, small-room, decoration",Cabinets & cupboards; Chests of drawers & drawer units,Ebba Strandmark,https://www.ikea.com/sa/en/p/skaerhamn-knob-black-chrome-plated-70348785/
70470511,"IVAR - Side unit, 30x179 cm",Bookcases & shelving units,3408,145.0,60,,open storage that keeps books and decor in sight and in order,"storage, small-room, decoration",Cabinets & cupboards; Chests of drawers & drawer units,IKEA of Sweden,https://www.ikea.com/sa/en/p/ivar-side-unit-black-70470511/
70394471,"BOTTNA - Display shelf, 76x32 cm",Bookcases & shelving units,1528,65.0,60,,open storage that keeps books and decor in sight and in order,"storage, small-room, decoration",Cabinets & cupboards; Chests of drawers & drawer units,K Hagberg/M Hagberg,https://www.ikea.com/sa/en/p/bottna-display-shelf-light-beige-70394471/
89248371,"IVAR - 3 sections/shelves, 219x30x226 cm",Bookcases & shelving units,24558,1045.0,60,,open storage that keeps books and decor in sight and in order,"storage, small-room, decoration",Cabinets & cupboards; Chests of drawers & drawer units,IKEA of Sweden,https://www.ikea.com/sa/en/p/ivar-3-sections-shelves-pine-s89248371/
89287683,"IVAR - Shelving unit with clothes rail, 89x50x226 cm",Bookcases & shelving units,10058,428.0,60,,open storage that keeps books and decor in sight and in order,"storage, small-room, decoration",Cabinets & cupboards; Chests of drawers & drawer units,IKEA of Sweden,https://www.ikea.com/sa/en/p/ivar-shelving-unit-with-clothes-rail-s89287683/
89297663,"JONAXEL - Frame/w bskts/clths rl/shlv uts, 173x51x173 cm",Bookcases & shelving units,15745,670.0,60,,open storage that keeps books and decor in sight and in order,"storage, small-room, decoration",Cabinets & cupboards; Chests of drawers & drawer units,IKEA of Sweden,https://www.ikea.com/sa/en/p/jonaxel-frame-w-bskts-clths-rl-shlv-uts-s89297663/
89323723,"IVAR - Shelving unit w cabinets/drawers, 259x30x179 cm",Bookcases & shelving units,46530,1980.0,60,,open storage that keeps books and decor in sight and in order,"storage, small-room, decoration",Cabinets & cupboards; Chests of drawers & drawer units,IKEA of Sweden,https://www.ikea.com/sa/en/p/ivar-shelving-unit-w-cabinets-drawers-pine-red-s89323723/
90226797,"UPPLEVA - Wall bracket for TV, fixed, 37-55 """,Bookcases & shelving units,3408,145.0,60,,open storage that keeps books and decor in sight and in order,"storage, small-room, decoration",Cabinets & cupboards; Chests of drawers & drawer units,IKEA of Sweden,https://www.ikea.com/sa/en/p/uppleva-wall-bracket-for-tv-fixed-90226797/
90443625,"NOTVIKEN - Door, 60x64 cm",Bookcases & shelving units,2702,115.0,60,,open storage that keeps books and decor in sight and in order,"storage, small-room, decoration",Cabinets & cupboards; Chests of drawers & drawer units,904.436.25 The doors keep your belongings hidden and free from dust.You can choose to mount the door on the right or left side.To be completed with BESTÅ hinges.1 door requires 1 pack of hinges. Sold separately.May be completed with knobs or handles. Sold separately.Drill template for marking of hole positions for handles or knobs is sold separately.,https://www.ikea.com/sa/en/p/notviken-door-blue-90443625/
99248380,"IVAR - 3 sections/shelves/cabinet, 259x30x124 cm",Bookcases & shelving units,23265,990.0,60,,open storage that keeps books and decor in sight and in order,"storage, small-room, decoration",Cabinets & cupboards; Chests of drawers & drawer units,IKEA of Sweden,https://www.ikea.com/sa/en/p/ivar-3-sections-shelves-cabinet-pine-s99248380/
99288012,"IVAR - Shelving unit w shelves/drwrs/rail, 174x50x124 cm",Bookcases & shelving units,16873,718.0,60,,open storage that keeps books and decor in sight and in order,"storage, small-room, decoration",Cabinets & cupboards; Chests of drawers & drawer units,IKEA of Sweden/Sarah Fager,https://www.ikea.com/sa/en/p/ivar-shelving-unit-w-shelves-drwrs-rail-s99288012/
99315812,"IVAR - Shelving unit, 89x30x179 cm",Bookcases & shelving units,9282,395.0,60,,open storage that keeps books and decor in sight and in order,"storage, small-room, decoration",Cabinets & cupboards; Chests of drawers & drawer units,IKEA of Sweden,https://www.ikea.com/sa/en/p/ivar-shelving-unit-black-s99315812/
90265246,"HISHULT - Handle, 140 mm",Bookcases & shelving units,822,35.0,60,,open storage that keeps books and decor in sight and in order,"storage, small-room, decoration",Cabinets & cupboards; Chests of drawers & drawer units,K Hagberg/M Hagberg,https://www.ikea.com/sa/en/p/hishult-handle-porcelain-white-90265246/
70236151,"ORRNÄS - Handle, 170 mm",Bookcases & shelving units,682,29.0,60,,open storage that keeps books and decor in sight and in order,"storage, small-room, decoration",Cabinets & cupboards; Chests of drawers & drawer units,IKEA of Sweden,https://www.ikea.com/sa/en/p/orrnaes-handle-stainless-steel-colour-stainless-steel-70236151/
50323597,"BILLSBRO - Handle, 320 mm",Bookcases & shelving units,822,35.0,60,,open storage that keeps books and decor in sight and in order,"storage, small-room, decoration",Cabinets & cupboards; Chests of drawers & drawer units,H Preutz/A Fredriksson,https://www.ikea.com/sa/en/p/billsbro-handle-stainless-steel-colour-50323597/
29248345,"IVAR - 2 sections/shelves, 134x50x226 cm",Bookcases & shelving units,21291,906.0,60,,open storage that keeps books and decor in sight and in order,"storage, small-room, decoration",Cabinets & cupboards; Chests of drawers & drawer units,IKEA of Sweden,https://www.ikea.com/sa/en/p/ivar-2-sections-shelves-pine-s29248345/
70441566,"RIKSVIKEN - Door, 60x64 cm",Bookcases & shelving units,5288,225.0,60,,open storage that keeps books and decor in sight and in order,"storage, small-room, decoration",Cabinets & cupboards; Chests of drawers & drawer units,704.415.66 You can choose to mount the door on the right or left side.To be completed with BESTÅ hinges.1 door requires 1 pack of hinges. Sold separately.May be completed with knobs or handles. Sold separately.Drill template for marking of hole positions for handles or knobs is sold separately.,https://www.ikea.com/sa/en/p/riksviken-door-light-bronze-effect-70441566/
423721,"KALLAX - Insert with mirror door, 33x33 cm",Bookcases & shelving units,2350,100.0,60,,open storage that keeps books and decor in sight and in order,"storage, small-room, decoration",Cabinets & cupboards; Chests of drawers & drawer units,IKEA of Sweden,https://www.ikea.com/sa/en/p/kallax-insert-with-mirror-door-00423721/
10357004,"KALLRÖR - Handle, 405 mm",Bookcases & shelving units,822,35.0,60,,open storage that keeps books and decor in sight and in order,"storage, small-room, decoration",Cabinets & cupboards; Chests of drawers & drawer units,IKEA of Sweden,https://www.ikea.com/sa/en/p/kallroer-handle-stainless-steel-10357004/
19288006,"IVAR - Shelving unit with clothes rail, 174x50x226 cm",Bookcases & shelving units,17860,760.0,60,,open storage that keeps books and decor in sight and in order,"storage, small-room, decoration",Cabinets & cupboards; Chests of drawers & drawer units,IKEA of Sweden,https://www.ikea.com/sa/en/p/ivar-shelving-unit-with-clothes-rail-s19288006/
79248319,"IVAR - 2 sections/shelves, 134x30x179 cm",Bookcases & shelving units,10340,440.0,60,,open storage that keeps books and decor in sight and in order,"storage, small-room, decoration",Cabinets & cupboards; Chests of drawers & drawer units,IKEA of Sweden,https://www.ikea.com/sa/en/p/ivar-2-sections-shelves-pine-s79248319/
79320744,"SVALNÄS - Wall-mounted workspace combination, 150x35x176 cm",Bookcases & shelving units,29258,1245.0,60,,open storage that keeps books and decor in sight and in order,"storage, small-room, decoration",Cabinets & cupboards; Chests of drawers & drawer units,Jon Karlsson,https://www.ikea.com/sa/en/p/svalnaes-wall-mounted-workspace-combination-bamboo-white-s79320744/
89297677,"JONAXEL - Frame/wire baskets/top shelves, 148x51x104 cm",Bookcases & shelving units,13160,560.0,60,,open storage that keeps books and decor in sight and in order,"storage, small-room, decoration",Cabinets & cupboards; Chests of drawers & drawer units,IKEA of Sweden,https://www.ikea.com/sa/en/p/jonaxel-frame-wire-baskets-top-shelves-s89297677/
99303442,"IVAR - Shelving unit w cabinets/drawers, 219x30x226 cm",Bookcases & shelving units,28788,1225.0,60,,open storage that keeps books and decor in sight and in order,"storage, small-room, decoration",Cabinets & cupboards; Chests of drawers & drawer units,IKEA of Sweden,https://www.ikea.com/sa/en/p/ivar-shelving-unit-w-cabinets-drawers-pine-red-s99303442/
9291622,"KOLBJÖRN - Shelving unit with cabinet, 251x37x161 cm",Bookcases & shelving units,26908,1145.0,60,,open storage that keeps books and decor in sight and in order,"storage, small-room, decoration",Cabinets & cupboards; Chests of drawers & drawer units,IKEA of Sweden,https://www.ikea.com/sa/en/p/kolbjoern-shelving-unit-with-cabinet-beige-s09291622/
29184433,"SVALNÄS - Wall-mounted shelf combination, 193x25x176 cm",Bookcases & shelving units,38070,1620.0,60,,open storage that keeps books and decor in sight and in order,"storage, small-room, decoration",Cabinets & cupboards; Chests of drawers & drawer units,Jon Karlsson,https://www.ikea.com/sa/en/p/svalnaes-wall-mounted-shelf-combination-bamboo-s29184433/
29248538,"IVAR - 3 sections/shelves, 139x50x124-226 cm",Bookcases & shelving units,23806,1013.0,60,,open storage that keeps books and decor in sight and in order,"storage, small-room, decoration",Cabinets & cupboards; Chests of drawers & drawer units,IKEA of Sweden,https://www.ikea.com/sa/en/p/ivar-3-sections-shelves-pine-s29248538/
29285470,"ALGOT - 2 sections/shelves, 127x41x180 cm",Bookcases & shelving units,13042,555.0,60,,open storage that keeps books and decor in sight and in order,"storage, small-room, decoration",Cabinets & cupboards; Chests of drawers & drawer units,Francis Cayouette,https://www.ikea.com/sa/en/p/algot-2-sections-shelves-black-s29285470/
30441554,"TIMMERVIKEN - Door, 60x64 cm",Bookcases & shelving units,2702,115.0,60,,open storage that keeps books and decor in sight and in order,"storage, small-room, decoration",Cabinets & cupboards; Chests of drawers & drawer units,304.415.54 The door keeps your belongings hidden and free from dust.You can choose to mount the door on the right or left side.To be completed with BESTÅ hinges.1 door requires 1 pack of hinges. Sold separately.May be completed with knobs or handles. Sold separately.Drill template for marking of hole positions for handles or knobs is sold separately.,https://www.ikea.com/sa/en/p/timmerviken-door-black-30441554/
39230712,"BILLY - Bookcase combination/hght extension, 120x28x237 cm",Bookcases & shelving units,16450,700.0,60,,open storage that keeps books and decor in sight and in order,"storage, small-room, decoration",Cabinets & cupboards; Chests of drawers & drawer units,IKEA of Sweden/Gillis Lundgren,https://www.ikea.com/sa/en/p/billy-bookcase-combination-hght-extension-black-brown-s39230712/
39311789,"JONAXEL - Frame/mesh baskts/clths rl/shlv uts, 173x51x207 cm",Bookcases & shelving units,22325,950.0,60,,open storage that keeps books and decor in sight and in order,"storage, small-room, decoration",Cabinets & cupboards; Chests of drawers & drawer units,IKEA of Sweden,https://www.ikea.com/sa/en/p/jonaxel-frame-mesh-baskts-clths-rl-shlv-uts-s39311789/
49294548,"VITTSJÖ - Storage combination, 300x36x175 cm",Bookcases & shelving units,24322,1035.0,60,,open storage that keeps books and decor in sight and in order,"storage, small-room, decoration",Cabinets & cupboards; Chests of drawers & drawer units,Johan Kroon,https://www.ikea.com/sa/en/p/vittsjoe-storage-combination-black-brown-glass-s49294548/
59311463,"JONAXEL - Frame/mesh baskets/clothes rails, 148x51x207 cm",Bookcases & shelving units,22912,975.0,60,,open storage that keeps books and decor in sight and in order,"storage, small-room, decoration",Cabinets & cupboards; Chests of drawers & drawer units,IKEA of Sweden,https://www.ikea.com/sa/en/p/jonaxel-frame-mesh-baskets-clothes-rails-s59311463/
59385755,"BROR - Shelving unit, 85x55x110 cm",Bookcases & shelving units,8812,375.0,60,,open storage that keeps books and decor in sight and in order,"storage, small-room, decoration",Cabinets & cupboards; Chests of drawers & drawer units,IKEA of Sweden,https://www.ikea.com/sa/en/p/bror-shelving-unit-white-s59385755/
69248386,"IVAR - 3 sections/shelves, 259x30x179 cm",Bookcases & shelving units,26085,1110.0,60,,open storage that keeps books and decor in sight and in order,"storage, small-room, decoration",Cabinets & cupboards; Chests of drawers & drawer units,IKEA of Sweden,https://www.ikea.com/sa/en/p/ivar-3-sections-shelves-pine-s69248386/
69285473,"ALGOT / BROR - Shelving unit with cabinet, 162x41x162 cm",Bookcases & shelving units,30808,1311.0,60,,open storage that keeps books and decor in sight and in order,"storage, small-room, decoration",Cabinets & cupboards; Chests of drawers & drawer units,Francis Cayouette/IKEA of Sweden,https://www.ikea.com/sa/en/p/algot-bror-shelving-unit-with-cabinet-black-s69285473/
79272696,"BROR - Shelving unit, 234x55x110 cm",Bookcases & shelving units,26438,1125.0,60,,open storage that keeps books and decor in sight and in order,"storage, small-room, decoration",Cabinets & cupboards; Chests of drawers & drawer units,IKEA of Sweden,https://www.ikea.com/sa/en/p/bror-shelving-unit-black-s79272696/
79279457,ALGOT - Wall upright/shelves/drying rack,Bookcases & shelving units,9132,388.6,60,,open storage that keeps books and decor in sight and in order,"storage, small-room, decoration",Cabinets & cupboards; Chests of drawers & drawer units,Francis Cayouette,https://www.ikea.com/sa/en/p/algot-wall-upright-shelves-drying-rack-s79279457/
79303495,"IVAR - Shelving unit w cabinets/drawers, 134x30x179 cm",Bookcases & shelving units,21385,910.0,60,,open storage that keeps books and decor in sight and in order,"storage, small-room, decoration",Cabinets & cupboards; Chests of drawers & drawer units,IKEA of Sweden,https://www.ikea.com/sa/en/p/ivar-shelving-unit-w-cabinets-drawers-pine-red-s79303495/
79305102,"JONAXEL - Frame/wire baskets/clothes rails, 142-178x51x173 cm",Bookcases & shelving units,14805,630.0,60,,open storage that keeps books and decor in sight and in order,"storage, small-room, decoration",Cabinets & cupboards; Chests of drawers & drawer units,IKEA of Sweden,https://www.ikea.com/sa/en/p/jonaxel-frame-wire-baskets-clothes-rails-s79305102/
80441556,"TIMMERVIKEN - Door/drawer front, 60x38 cm",Bookcases & shelving units,2350,100.0,60,,open storage that keeps books and decor in sight and in order,"storage, small-room, decoration",Cabinets & cupboards; Chests of drawers & drawer units,804.415.56 The front may be used as a door or as a drawer front.You can choose to mount the door on the right or left side.The door keeps your belongings hidden and free from dust.To be completed with BESTÅ hinges if used as door. Sold separately.To be completed with BESTÅ drawer frame 60x25x40 cm and BESTÅ drawer runner if used as drawer front. Sold separately.May be completed with knobs or handles. Sold separately.Drill template for marking of hole positions for handles or knobs is sold separately.,https://www.ikea.com/sa/en/p/timmerviken-door-drawer-front-black-80441556/
80450353,"IVAR - Drawer, 39x30x14 cm",Bookcases & shelving units,1762,75.0,60,,open storage that keeps books and decor in sight and in order,"storage, small-room, decoration",Cabinets & cupboards; Chests of drawers & drawer units,IKEA of Sweden,https://www.ikea.com/sa/en/p/ivar-drawer-red-80450353/
89276590,"ALGOT - Wall upright/mesh baskets, 65x41x197 cm",Bookcases & shelving units,5758,245.0,60,,open storage that keeps books and decor in sight and in order,"storage, small-room, decoration",Cabinets & cupboards; Chests of drawers & drawer units,Francis Cayouette,https://www.ikea.com/sa/en/p/algot-wall-upright-mesh-baskets-white-s89276590/
89285518,"ALGOT - 3 sections/shelves, 189x41x170 cm",Bookcases & shelving units,13959,594.0,60,,open storage that keeps books and decor in sight and in order,"storage, small-room, decoration",Cabinets & cupboards; Chests of drawers & drawer units,Francis Cayouette,https://www.ikea.com/sa/en/p/algot-3-sections-shelves-black-s89285518/
99184439,"SVALNÄS - Wall-mounted storage combination, 193x35x176 cm",Bookcases & shelving units,48645,2070.0,60,,open storage that keeps books and decor in sight and in order,"storage, small-room, decoration",Cabinets & cupboards; Chests of drawers & drawer units,Jon Karlsson,https://www.ikea.com/sa/en/p/svalnaes-wall-mounted-storage-combination-bamboo-white-s99184439/
99297634,"JONAXEL - Frame/wire baskets/clothes rails, 142-178x51x173 cm",Bookcases & shelving units,17155,730.0,60,,open storage that keeps books and decor in sight and in order,"storage, small-room, decoration",Cabinets & cupboards; Chests of drawers & drawer units,IKEA of Sweden,https://www.ikea.com/sa/en/p/jonaxel-frame-wire-baskets-clothes-rails-s99297634/
99903788,"ALGOT - Wall upright/shelves, 86x41x197 cm",Bookcases & shelving units,6956,296.0,60,,open storage that keeps books and decor in sight and in order,"storage, small-room, decoration",Cabinets & cupboards; Chests of drawers & drawer units,Francis Cayouette,https://www.ikea.com/sa/en/p/algot-wall-upright-shelves-white-s99903788/
49300827,"BESTÅ - Storage combination w glass doors, 120x42x192 cm",Cabinets & cupboards,43475,1850.0,60,,closed storage that hides clutter and keeps rooms tidy,"storage, office, small-room",Bookcases & shelving units; Tables & desks,IKEA of Sweden,https://www.ikea.com/sa/en/p/besta-storage-combination-w-glass-doors-black-brown-selsviken-dark-red-brown-clear-glass-s49300827/
29297958,"BESTÅ - TV bench with drawers, 120x42x48 cm",Cabinets & cupboards,19270,820.0,60,,closed storage that hides clutter and keeps rooms tidy,"storage, office, small-room",Bookcases & shelving units; Tables & desks,Carl Öjerstam/IKEA of Sweden,https://www.ikea.com/sa/en/p/besta-tv-bench-with-drawers-black-brown-selsviken-stallarp-high-gloss-dark-red-brown-s29297958/
59286468,"EKET - Cabinet combination with legs, 70x35x80 cm",Cabinets & cupboards,7308,311.0,60,,closed storage that hides clutter and keeps rooms tidy,"storage, office, small-room",Bookcases & shelving units; Tables & desks,Jon Karlsson,https://www.ikea.com/sa/en/p/eket-cabinet-combination-with-legs-white-s59286468/
40383737,"LOMMARP - Cabinet with glass doors, 86x199 cm",Cabinets & cupboards,26226,1116.0,60,,closed storage that hides clutter and keeps rooms tidy,"storage, office, small-room",Bookcases & shelving units; Tables & desks,Francis Cayouette,https://www.ikea.com/sa/en/p/lommarp-cabinet-with-glass-doors-dark-blue-green-40383737/
10119206,"DETOLF - Glass-door cabinet, 43x163 cm",Cabinets & cupboards,6932,295.0,60,,closed storage that hides clutter and keeps rooms tidy,"storage, office, small-room",Bookcases & shelving units; Tables & desks,IKEA of Sweden,https://www.ikea.com/sa/en/p/detolf-glass-door-cabinet-black-brown-10119206/
30439565,"SYVDE - Cabinet with glass doors, 100x123 cm",Cabinets & cupboards,13982,595.0,60,,closed storage that hides clutter and keeps rooms tidy,"storage, office, small-room",Bookcases & shelving units; Tables & desks,IKEA of Sweden,https://www.ikea.com/sa/en/p/syvde-cabinet-with-glass-doors-white-30439565/
79286491,"EKET - Cabinet combination with feet, 70x25x107 cm",Cabinets & cupboards,8860,377.0,60,,closed storage that hides clutter and keeps rooms tidy,"storage, office, small-room",Bookcases & shelving units; Tables & desks,Jon Karlsson/IKEA of Sweden,https://www.ikea.com/sa/en/p/eket-cabinet-combination-with-feet-white-white-stained-oak-effect-s79286491/
59248867,"LIXHULT - Storage combination, 140x82 cm",Cabinets & cupboards,13630,580.0,60,,closed storage that hides clutter and keeps rooms tidy,"storage, office, small-room",Bookcases & shelving units; Tables & desks,Jon Karlsson,https://www.ikea.com/sa/en/p/lixhult-storage-combination-dark-blue-s59248867/
70328669,"LIXHULT - Cabinet, 60x35 cm",Cabinets & cupboards,4112,175.0,60,,closed storage that hides clutter and keeps rooms tidy,"storage, office, small-room",Bookcases & shelving units; Tables & desks,Jon Karlsson,https://www.ikea.com/sa/en/p/lixhult-cabinet-metal-grey-70328669/
69287392,"BILLY / OXBERG - Bookcase with door, 40x30x106 cm",Cabinets & cupboards,4582,195.0,60,,closed storage that hides clutter and keeps rooms tidy,"storage, office, small-room",Bookcases & shelving units; Tables & desks,Gillis Lundgren,https://www.ikea.com/sa/en/p/billy-oxberg-bookcase-with-door-white-s69287392/
50413507,"HEMNES - Glass-door cabinet with 3 drawers, 90x197 cm",Cabinets & cupboards,37482,1595.0,60,,closed storage that hides clutter and keeps rooms tidy,"storage, office, small-room",Bookcases & shelving units; Tables & desks,Carina Bengs,https://www.ikea.com/sa/en/p/hemnes-glass-door-cabinet-with-3-drawers-white-stain-light-brown-50413507/
19279177,"LIXHULT - Cabinet combination, 120x35x57 cm",Cabinets & cupboards,8225,350.0,60,,closed storage that hides clutter and keeps rooms tidy,"storage, office, small-room",Bookcases & shelving units; Tables & desks,Jon Karlsson,https://www.ikea.com/sa/en/p/lixhult-cabinet-combination-grey-s19279177/
40302289,"BRUSALI - High cabinet with door, 80x190 cm",Cabinets & cupboards,13982,595.0,60,,closed storage that hides clutter and keeps rooms tidy,"storage, office, small-room",Bookcases & shelving units; Tables & desks,IKEA of Sweden,https://www.ikea.com/sa/en/p/brusali-high-cabinet-with-door-brown-40302289/
50300666,"BRIMNES - Cabinet with doors, 78x95 cm",Cabinets & cupboards,10458,445.0,60,,closed storage that hides clutter and keeps rooms tidy,"storage, office, small-room",Bookcases & shelving units; Tables & desks,K Hagberg/M Hagberg,https://www.ikea.com/sa/en/p/brimnes-cabinet-with-doors-glass-white-50300666/
89279174,"LIXHULT - Wall-mounted cabinet combination, 50x25x50 cm",Cabinets & cupboards,8366,356.0,60,,closed storage that hides clutter and keeps rooms tidy,"storage, office, small-room",Bookcases & shelving units; Tables & desks,Jon Karlsson,https://www.ikea.com/sa/en/p/lixhult-wall-mounted-cabinet-combination-white-s89279174/
40300662,"BRIMNES - Cabinet with doors, 78x95 cm",Cabinets & cupboards,9282,395.0,60,,closed storage that hides clutter and keeps rooms tidy,"storage, office, small-room",Bookcases & shelving units; Tables & desks,K Hagberg/M Hagberg,https://www.ikea.com/sa/en/p/brimnes-cabinet-with-doors-white-40300662/
359739,ROTHULT - Smart lock,Cabinets & cupboards,2232,95.0,60,,closed storage that hides clutter and keeps rooms tidy,"storage, office, small-room",Bookcases & shelving units; Tables & desks,IKEA of Sweden,https://www.ikea.com/sa/en/p/rothult-smart-lock-white-00359739/
302291,"BRUSALI - Cabinet with doors, 80x93 cm",Cabinets & cupboards,8812,375.0,60,,closed storage that hides clutter and keeps rooms tidy,"storage, office, small-room",Bookcases & shelving units; Tables & desks,IKEA of Sweden,https://www.ikea.com/sa/en/p/brusali-cabinet-with-doors-brown-00302291/
40309257,"HEMNES - Sideboard, 157x88 cm",Cabinets & cupboards,32782,1395.0,60,,closed storage that hides clutter and keeps rooms tidy,"storage, office, small-room",Bookcases & shelving units; Tables & desks,Carina Bengs,https://www.ikea.com/sa/en/p/hemnes-sideboard-white-stain-40309257/
29248864,"LIXHULT - Storage combination, 130x117 cm",Cabinets & cupboards,15580,663.0,60,,closed storage that hides clutter and keeps rooms tidy,"storage, office, small-room",Bookcases & shelving units; Tables & desks,Jon Karlsson,https://www.ikea.com/sa/en/p/lixhult-storage-combination-dark-blue-red-orange-grey-dark-green-s29248864/
30439725,"LIATORP - Glass-door cabinet, 96x214 cm",Cabinets & cupboards,30432,1295.0,60,,closed storage that hides clutter and keeps rooms tidy,"storage, office, small-room",Bookcases & shelving units; Tables & desks,Carina Bengs,https://www.ikea.com/sa/en/p/liatorp-glass-door-cabinet-white-30439725/
19205884,"BESTÅ - Storage combination with doors, 120x40x192 cm",Cabinets & cupboards,43945,1870.0,60,,closed storage that hides clutter and keeps rooms tidy,"storage, office, small-room",Bookcases & shelving units; Tables & desks,IKEA of Sweden,https://www.ikea.com/sa/en/p/besta-storage-combination-with-doors-black-brown-kallviken-dark-grey-concrete-effect-s19205884/
70439728,"LIATORP - Sideboard, 145x87 cm",Cabinets & cupboards,31608,1345.0,60,,closed storage that hides clutter and keeps rooms tidy,"storage, office, small-room",Bookcases & shelving units; Tables & desks,Carina Bengs,https://www.ikea.com/sa/en/p/liatorp-sideboard-white-70439728/
30396429,"LIXHULT - Cabinet, 35x60 cm",Cabinets & cupboards,3408,145.0,60,,closed storage that hides clutter and keeps rooms tidy,"storage, office, small-room",Bookcases & shelving units; Tables & desks,Jon Karlsson,https://www.ikea.com/sa/en/p/lixhult-cabinet-metal-dark-blue-30396429/
10409871,"BRIMNES - Glass-door cabinet, 80x190 cm",Cabinets & cupboards,11186,476.0,60,,closed storage that hides clutter and keeps rooms tidy,"storage, office, small-room",Bookcases & shelving units; Tables & desks,K Hagberg/M Hagberg,https://www.ikea.com/sa/en/p/brimnes-glass-door-cabinet-black-10409871/
396416,"MILSBO - Glass-door cabinet, 73x175 cm",Cabinets & cupboards,23382,995.0,60,,closed storage that hides clutter and keeps rooms tidy,"storage, office, small-room",Bookcases & shelving units; Tables & desks,Jonas Hultqvist,https://www.ikea.com/sa/en/p/milsbo-glass-door-cabinet-white-00396416/
59275101,"HAVSTA - Cabinet with plinth, 81x37x134 cm",Cabinets & cupboards,21738,925.0,60,,closed storage that hides clutter and keeps rooms tidy,"storage, office, small-room",Bookcases & shelving units; Tables & desks,IKEA of Sweden,https://www.ikea.com/sa/en/p/havsta-cabinet-with-plinth-white-s59275101/
19028754,"LIATORP - Bookcase with glass-doors, 96x214 cm",Cabinets & cupboards,33958,1445.0,60,,closed storage that hides clutter and keeps rooms tidy,"storage, office, small-room",Bookcases & shelving units; Tables & desks,Carina Bengs,https://www.ikea.com/sa/en/p/liatorp-bookcase-with-glass-doors-white-s19028754/
79276388,"LIXHULT - Storage combination, 95x82 cm",Cabinets & cupboards,9612,409.0,60,,closed storage that hides clutter and keeps rooms tidy,"storage, office, small-room",Bookcases & shelving units; Tables & desks,Jon Karlsson,https://www.ikea.com/sa/en/p/lixhult-storage-combination-grey-white-dark-blue-s79276388/
10251451,"IKEA PS - Cabinet, 119x63 cm",Cabinets & cupboards,9988,425.0,60,,closed storage that hides clutter and keeps rooms tidy,"storage, office, small-room",Bookcases & shelving units; Tables & desks,Nicholai Wiig Hansen,https://www.ikea.com/sa/en/p/ikea-ps-cabinet-white-10251451/
49221038,"EKET - Cabinet combination with legs, 140x35x80 cm",Cabinets & cupboards,14570,620.0,60,,closed storage that hides clutter and keeps rooms tidy,"storage, office, small-room",Bookcases & shelving units; Tables & desks,Jon Karlsson,https://www.ikea.com/sa/en/p/eket-cabinet-combination-with-legs-white-s49221038/
363171,"FABRIKÖR - Glass-door cabinet, 81x113 cm",Cabinets & cupboards,14946,636.0,60,,closed storage that hides clutter and keeps rooms tidy,"storage, office, small-room",Bookcases & shelving units; Tables & desks,Nike Karlsson,https://www.ikea.com/sa/en/p/fabrikoer-glass-door-cabinet-black-blue-blue-00363171/
29301762,"BESTÅ - Storage combination with doors, 120x42x202 cm",Cabinets & cupboards,24558,1045.0,60,,closed storage that hides clutter and keeps rooms tidy,"storage, office, small-room",Bookcases & shelving units; Tables & desks,IKEA of Sweden,https://www.ikea.com/sa/en/p/besta-storage-combination-with-doors-white-lappviken-stubbarp-white-s29301762/
60342072,"REGISSÖR - Cabinet, 118x110 cm",Cabinets & cupboards,18706,796.0,60,,closed storage that hides clutter and keeps rooms tidy,"storage, office, small-room",Bookcases & shelving units; Tables & desks,K Hagberg/M Hagberg,https://www.ikea.com/sa/en/p/regissoer-cabinet-brown-60342072/
9276650,"BESTÅ - TV bench with doors, 120x42x74 cm",Cabinets & cupboards,23030,980.0,60,,closed storage that hides clutter and keeps rooms tidy,"storage, office, small-room",Bookcases & shelving units; Tables & desks,IKEA of Sweden,https://www.ikea.com/sa/en/p/besta-tv-bench-with-doors-grey-stained-walnut-effect-kallviken-stubbarp-dark-grey-concrete-effect-s09276650/
39287379,"BILLY / MORLIDEN - Bookcase with glass door, 40x30x106 cm",Cabinets & cupboards,5758,245.0,60,,closed storage that hides clutter and keeps rooms tidy,"storage, office, small-room",Bookcases & shelving units; Tables & desks,IKEA of Sweden/Gillis Lundgren,https://www.ikea.com/sa/en/p/billy-morliden-bookcase-with-glass-door-white-glass-s39287379/
79291355,"PLATSA - Storage combination, 80x42x301 cm",Cabinets & cupboards,29798,1268.0,60,,closed storage that hides clutter and keeps rooms tidy,"storage, office, small-room",Bookcases & shelving units; Tables & desks,IKEA of Sweden,https://www.ikea.com/sa/en/p/platsa-storage-combination-s79291355/
50328665,"LIXHULT - Cabinet, 25x25 cm",Cabinets & cupboards,2092,89.0,60,,closed storage that hides clutter and keeps rooms tidy,"storage, office, small-room",Bookcases & shelving units; Tables & desks,Jon Karlsson,https://www.ikea.com/sa/en/p/lixhult-cabinet-metal-white-50328665/
20396646,"HEMNES - High cabinet with glass door, 42x38x131 cm",Cabinets & cupboards,13982,595.0,60,,closed storage that hides clutter and keeps rooms tidy,"storage, office, small-room",Bookcases & shelving units; Tables & desks,IKEA of Sweden,https://www.ikea.com/sa/en/p/hemnes-high-cabinet-with-glass-door-white-20396646/
29302573,"BESTÅ - Storage combination with doors, 180x42x74 cm",Cabinets & cupboards,32900,1400.0,60,,closed storage that hides clutter and keeps rooms tidy,"storage, office, small-room",Bookcases & shelving units; Tables & desks,IKEA of Sweden,https://www.ikea.com/sa/en/p/besta-storage-combination-with-doors-black-brown-riksviken-stubbarp-light-bronze-effect-s29302573/
90421911,"BRYGGJA - Storage unit, 120x173 cm",Cabinets & cupboards,14030,597.0,60,,closed storage that hides clutter and keeps rooms tidy,"storage, office, small-room",Bookcases & shelving units; Tables & desks,Ola Wihlborg,https://www.ikea.com/sa/en/p/bryggja-storage-unit-dark-grey-90421911/
79281790,"BILLY / OXBERG - Bookcase with panel/glass doors, 120x30x202 cm",Cabinets & cupboards,21855,930.0,60,,closed storage that hides clutter and keeps rooms tidy,"storage, office, small-room",Bookcases & shelving units; Tables & desks,Gillis Lundgren,https://www.ikea.com/sa/en/p/billy-oxberg-bookcase-with-panel-glass-doors-white-glass-s79281790/
29279186,"LIXHULT - Cabinet combination, 120x35x92 cm",Cabinets & cupboards,16450,700.0,60,,closed storage that hides clutter and keeps rooms tidy,"storage, office, small-room",Bookcases & shelving units; Tables & desks,Jon Karlsson,https://www.ikea.com/sa/en/p/lixhult-cabinet-combination-grey-s29279186/
89161508,"LIXHULT - Storage combination, 25x25x50 cm",Cabinets & cupboards,4183,178.0,60,,closed storage that hides clutter and keeps rooms tidy,"storage, office, small-room",Bookcases & shelving units; Tables & desks,Jon Karlsson,https://www.ikea.com/sa/en/p/lixhult-storage-combination-white-white-s89161508/
29286931,"BEKANT - Storage unit with smart lock, 61x101 cm",Cabinets & cupboards,32642,1389.0,60,,closed storage that hides clutter and keeps rooms tidy,"storage, office, small-room",Bookcases & shelving units; Tables & desks,Eva Lilja Löwenhielm/IKEA of Sweden,https://www.ikea.com/sa/en/p/bekant-storage-unit-with-smart-lock-mesh-black-s29286931/
70341005,"ERIK - File cabinet, 41x104 cm",Cabinets & cupboards,13982,595.0,60,,closed storage that hides clutter and keeps rooms tidy,"storage, office, small-room",Bookcases & shelving units; Tables & desks,IKEA of Sweden,https://www.ikea.com/sa/en/p/erik-file-cabinet-white-70341005/
10295539,"BESTÅ - Shelf, 56x16 cm",Cabinets & cupboards,588,25.0,60,,closed storage that hides clutter and keeps rooms tidy,"storage, office, small-room",Bookcases & shelving units; Tables & desks,IKEA of Sweden,https://www.ikea.com/sa/en/p/besta-shelf-grey-stained-walnut-effect-10295539/
327772,"MALSJÖ - Sideboard basic unit, 145x92 cm",Cabinets & cupboards,49350,2100.0,60,,closed storage that hides clutter and keeps rooms tidy,"storage, office, small-room",Bookcases & shelving units; Tables & desks,Carina Bengs,https://www.ikea.com/sa/en/p/malsjoe-sideboard-basic-unit-black-stained-00327772/
50415196,"HAVSTA - Cabinet with plinth, 81x47x89 cm",Cabinets & cupboards,16332,695.0,60,,closed storage that hides clutter and keeps rooms tidy,"storage, office, small-room",Bookcases & shelving units; Tables & desks,IKEA of Sweden,https://www.ikea.com/sa/en/p/havsta-cabinet-with-plinth-grey-50415196/
9248855,"LIXHULT - Storage combination, 130x82 cm",Cabinets & cupboards,15110,643.0,60,,closed storage that hides clutter and keeps rooms tidy,"storage, office, small-room",Bookcases & shelving units; Tables & desks,Jon Karlsson,https://www.ikea.com/sa/en/p/lixhult-storage-combination-dark-blue-grey-white-pink-red-s09248855/
29285776,"GALANT - Storage combination w sliding doors, 320x120 cm",Cabinets & cupboards,124315,5290.0,60,,closed storage that hides clutter and keeps rooms tidy,"storage, office, small-room",Bookcases & shelving units; Tables & desks,K Malmvall/E Lilja Löwenhielm,https://www.ikea.com/sa/en/p/galant-storage-combination-w-sliding-doors-white-stained-oak-veneer-s29285776/
50365139,"GALANT - Cabinet with doors, 80x120 cm",Cabinets & cupboards,22208,945.0,60,,closed storage that hides clutter and keeps rooms tidy,"storage, office, small-room",Bookcases & shelving units; Tables & desks,Eva Lilja Löwenhielm,https://www.ikea.com/sa/en/p/galant-cabinet-with-doors-black-stained-ash-veneer-50365139/
49249396,"HÄLLAN - Storage combination with doors, 45x47x167 cm",Cabinets & cupboards,20562,875.0,60,,closed storage that hides clutter and keeps rooms tidy,"storage, office, small-room",Bookcases & shelving units; Tables & desks,Jon Karlsson,https://www.ikea.com/sa/en/p/haellan-storage-combination-with-doors-white-s49249396/
89249403,"HÄLLAN - Storage combination with doors, 45x47x167 cm",Cabinets & cupboards,16450,700.0,60,,closed storage that hides clutter and keeps rooms tidy,"storage, office, small-room",Bookcases & shelving units; Tables & desks,Jon Karlsson,https://www.ikea.com/sa/en/p/haellan-storage-combination-with-doors-white-s89249403/
245842,"BESTÅ - Frame, 60x40x192 cm",Cabinets & cupboards,5288,225.0,60,,closed storage that hides clutter and keeps rooms tidy,"storage, office, small-room",Bookcases & shelving units; Tables & desks,IKEA of Sweden,https://www.ikea.com/sa/en/p/besta-frame-white-00245842/
242278,"FABRIKÖR - Glass-door cabinet, 57x150 cm",Cabinets & cupboards,15886,676.0,60,,closed storage that hides clutter and keeps rooms tidy,"storage, office, small-room",Bookcases & shelving units; Tables & desks,Nike Karlsson,https://www.ikea.com/sa/en/p/fabrikoer-glass-door-cabinet-dark-grey-00242278/
29286573,"EKET - Cabinet combination with feet, 70x35x212 cm",Cabinets & cupboards,29328,1248.0,60,,closed storage that hides clutter and keeps rooms tidy,"storage, office, small-room",Bookcases & shelving units; Tables & desks,Jon Karlsson/IKEA of Sweden,https://www.ikea.com/sa/en/p/eket-cabinet-combination-with-feet-white-white-stained-oak-effect-s29286573/
30360977,"IDÅSEN - High cabinet with drawer and doors, 45x172 cm",Cabinets & cupboards,23382,995.0,60,,closed storage that hides clutter and keeps rooms tidy,"storage, office, small-room",Bookcases & shelving units; Tables & desks,Jon Karlsson,https://www.ikea.com/sa/en/p/idasen-high-cabinet-with-drawer-and-doors-blue-30360977/
69275110,"HAVSTA - Glass-door cabinet with plinth, 81x37x134 cm",Cabinets & cupboards,22912,975.0,60,,closed storage that hides clutter and keeps rooms tidy,"storage, office, small-room",Bookcases & shelving units; Tables & desks,IKEA of Sweden,https://www.ikea.com/sa/en/p/havsta-glass-door-cabinet-with-plinth-white-clear-glass-s69275110/
89161631,"LIXHULT - Storage combination, 95x92 cm",Cabinets & cupboards,11938,508.0,60,,closed storage that hides clutter and keeps rooms tidy,"storage, office, small-room",Bookcases & shelving units; Tables & desks,Jon Karlsson,https://www.ikea.com/sa/en/p/lixhult-storage-combination-grey-white-orange-red-s89161631/
19278234,"BRIMNES - Storage combination w glass doors, 160x35x190 cm",Cabinets & cupboards,22372,952.0,60,,closed storage that hides clutter and keeps rooms tidy,"storage, office, small-room",Bookcases & shelving units; Tables & desks,K Hagberg/M Hagberg,https://www.ikea.com/sa/en/p/brimnes-storage-combination-w-glass-doors-black-s19278234/
99266053,"HAVSTA - Storage combination w glass-doors, 162x37x134 cm",Cabinets & cupboards,44650,1900.0,60,,closed storage that hides clutter and keeps rooms tidy,"storage, office, small-room",Bookcases & shelving units; Tables & desks,IKEA of Sweden,https://www.ikea.com/sa/en/p/havsta-storage-combination-w-glass-doors-dark-brown-s99266053/
90433909,"MARKERAD - Glass-door cabinet, 80x80 cm",Cabinets & cupboards,14030,597.0,60,,closed storage that hides clutter and keeps rooms tidy,"storage, office, small-room",Bookcases & shelving units; Tables & desks,Virgil Abloh,https://www.ikea.com/sa/en/p/markerad-glass-door-cabinet-pine-90433909/
9290123,"EKET - Cabinet combination with feet, 35x35x107 cm",Cabinets & cupboards,8366,356.0,60,,closed storage that hides clutter and keeps rooms tidy,"storage, office, small-room",Bookcases & shelving units; Tables & desks,Jon Karlsson/IKEA of Sweden,https://www.ikea.com/sa/en/p/eket-cabinet-combination-with-feet-dark-grey-golden-brown-s09290123/
69285208,"GALANT - Storage combination w sliding doors, 320x200 cm",Cabinets & cupboards,152280,6480.0,60,,closed storage that hides clutter and keeps rooms tidy,"storage, office, small-room",Bookcases & shelving units; Tables & desks,K Malmvall/E Lilja Löwenhielm,https://www.ikea.com/sa/en/p/galant-storage-combination-w-sliding-doors-white-s69285208/
59249409,"HÄLLAN - Storage combination with doors, 45x47x142 cm",Cabinets & cupboards,15275,650.0,60,,closed storage that hides clutter and keeps rooms tidy,"storage, office, small-room",Bookcases & shelving units; Tables & desks,Jon Karlsson,https://www.ikea.com/sa/en/p/haellan-storage-combination-with-doors-white-s59249409/
70388620,"HAVSTA - Cabinet with plinth, 121x47x89 cm",Cabinets & cupboards,23382,995.0,60,,closed storage that hides clutter and keeps rooms tidy,"storage, office, small-room",Bookcases & shelving units; Tables & desks,IKEA of Sweden,https://www.ikea.com/sa/en/p/havsta-cabinet-with-plinth-white-70388620/
69301717,"BESTÅ - Wall-mounted cabinet combination, 180x42x64 cm",Cabinets & cupboards,30668,1305.0,60,,closed storage that hides clutter and keeps rooms tidy,"storage, office, small-room",Bookcases & shelving units; Tables & desks,IKEA of Sweden,https://www.ikea.com/sa/en/p/besta-wall-mounted-cabinet-combination-black-brown-riksviken-light-bronze-effect-s69301717/
30428915,"EKET - Cabinet with 2 drawers, 35x35x35 cm",Cabinets & cupboards,4582,195.0,60,,closed storage that hides clutter and keeps rooms tidy,"storage, office, small-room",Bookcases & shelving units; Tables & desks,"304.289.15 A simple unit can be enough storage for a limited space or the foundation for a larger storage solution if your needs change.You can choose to place the cabinet on the floor or mount it on the wall to free up floor space.You can create your own unique solution by freely combining cabinets of different sizes, with or without doors and drawers.The drawers have integrated push-openers, so you don’t need knobs or handles and can open the drawer with just a light push.Must be completed with EKET suspension rail if you choose to mount the frame on the wall. This frame requires 1 suspension rail, 35 cm long, sold separately.To be completed with feet, legs or plinth if you choose to place the cabinet on the floor. Sold separately.The max load for a wall-hung cabinet depends on the wall material.",https://www.ikea.com/sa/en/p/eket-cabinet-with-2-drawers-white-30428915/
49265999,"HAVSTA - Storage combination, 81x47x212 cm",Cabinets & cupboards,29140,1240.0,60,,closed storage that hides clutter and keeps rooms tidy,"storage, office, small-room",Bookcases & shelving units; Tables & desks,IKEA of Sweden,https://www.ikea.com/sa/en/p/havsta-storage-combination-white-s49265999/
9301664,"BESTÅ - TV storage combination/glass doors, 240x42x230 cm",Cabinets & cupboards,70030,2980.0,60,,closed storage that hides clutter and keeps rooms tidy,"storage, office, small-room",Bookcases & shelving units; Tables & desks,IKEA of Sweden/Marcus Arvonen,https://www.ikea.com/sa/en/p/besta-tv-storage-combination-glass-doors-black-brown-notviken-grey-green-clear-glass-s09301664/
30342078,"REGISSÖR - Glass-door cabinet, 118x203 cm",Cabinets & cupboards,31866,1356.0,60,,closed storage that hides clutter and keeps rooms tidy,"storage, office, small-room",Bookcases & shelving units; Tables & desks,K Hagberg/M Hagberg,https://www.ikea.com/sa/en/p/regissoer-glass-door-cabinet-white-30342078/
19057906,"BESTÅ - Wall cabinet with 2 doors, 60x22x128 cm",Cabinets & cupboards,11280,480.0,60,,closed storage that hides clutter and keeps rooms tidy,"storage, office, small-room",Bookcases & shelving units; Tables & desks,IKEA of Sweden,https://www.ikea.com/sa/en/p/besta-wall-cabinet-with-2-doors-lappviken-black-brown-s19057906/
40363621,"HÄLLAN - Cabinet, 45x75 cm",Cabinets & cupboards,7638,325.0,60,,closed storage that hides clutter and keeps rooms tidy,"storage, office, small-room",Bookcases & shelving units; Tables & desks,Jon Karlsson,https://www.ikea.com/sa/en/p/haellan-cabinet-white-40363621/
59301483,"BESTÅ - Storage combination w glass doors, 60x22x202 cm",Cabinets & cupboards,23970,1020.0,60,,closed storage that hides clutter and keeps rooms tidy,"storage, office, small-room",Bookcases & shelving units; Tables & desks,Marcus Arvonen/Carl Öjerstam/IKEA of Sweden,https://www.ikea.com/sa/en/p/besta-storage-combination-w-glass-doors-white-sindvik-stallarp-white-clear-glass-s59301483/
79248748,"LIXHULT - Storage combination, 60x92 cm",Cabinets & cupboards,8530,363.0,60,,closed storage that hides clutter and keeps rooms tidy,"storage, office, small-room",Bookcases & shelving units; Tables & desks,Jon Karlsson,https://www.ikea.com/sa/en/p/lixhult-storage-combination-grey-dark-green-pink-s79248748/
347510,"ENERYDA - Knob, 27 mm",Cabinets & cupboards,517,22.0,60,,closed storage that hides clutter and keeps rooms tidy,"storage, office, small-room",Bookcases & shelving units; Tables & desks,Francis Cayouette,https://www.ikea.com/sa/en/p/eneryda-knob-chrome-plated-00347510/
60247409,"BESTÅ - Frame, 60x20x38 cm",Cabinets & cupboards,2350,100.0,60,,closed storage that hides clutter and keeps rooms tidy,"storage, office, small-room",Bookcases & shelving units; Tables & desks,IKEA of Sweden,https://www.ikea.com/sa/en/p/besta-frame-grey-stained-walnut-effect-60247409/
29300852,"BESTÅ - Storage combination w glass doors, 60x42x193 cm",Cabinets & cupboards,22678,965.0,60,,closed storage that hides clutter and keeps rooms tidy,"storage, office, small-room",Bookcases & shelving units; Tables & desks,Marcus Arvonen/IKEA of Sweden,https://www.ikea.com/sa/en/p/besta-storage-combination-w-glass-doors-grey-stained-walnut-effect-lappviken-grey-stained-walnut-eff-clear-glass-s29300852/
90328668,"LIXHULT - Cabinet, 35x35 cm",Cabinets & cupboards,2326,99.0,60,,closed storage that hides clutter and keeps rooms tidy,"storage, office, small-room",Bookcases & shelving units; Tables & desks,Jon Karlsson,https://www.ikea.com/sa/en/p/lixhult-cabinet-metal-orange-90328668/
70443631,"SELSVIKEN - Door/drawer front, 60x38 cm",Cabinets & cupboards,2938,125.0,60,,closed storage that hides clutter and keeps rooms tidy,"storage, office, small-room",Bookcases & shelving units; Tables & desks,IKEA of Sweden,https://www.ikea.com/sa/en/p/selsviken-door-drawer-front-high-gloss-dark-red-brown-70443631/
60389192,"HAVSTA - Cabinet, 81x35x123 cm",Cabinets & cupboards,19858,845.0,60,,closed storage that hides clutter and keeps rooms tidy,"storage, office, small-room",Bookcases & shelving units; Tables & desks,IKEA of Sweden,https://www.ikea.com/sa/en/p/havsta-cabinet-white-60389192/
89265902,"HAVSTA - Storage combination, 162x37x134 cm",Cabinets & cupboards,36425,1550.0,60,,closed storage that hides clutter and keeps rooms tidy,"storage, office, small-room",Bookcases & shelving units; Tables & desks,IKEA of Sweden,https://www.ikea.com/sa/en/p/havsta-storage-combination-dark-brown-s89265902/
59228746,"BILLY / OXBERG - Bookcase, 160x30x202 cm",Cabinets & cupboards,32665,1390.0,60,,closed storage that hides clutter and keeps rooms tidy,"storage, office, small-room",Bookcases & shelving units; Tables & desks,Gillis Lundgren,https://www.ikea.com/sa/en/p/billy-oxberg-bookcase-black-brown-glass-s59228746/
70247376,"BESTÅ - Frame, 120x40x64 cm",Cabinets & cupboards,5288,225.0,60,,closed storage that hides clutter and keeps rooms tidy,"storage, office, small-room",Bookcases & shelving units; Tables & desks,IKEA of Sweden,https://www.ikea.com/sa/en/p/besta-frame-grey-stained-walnut-effect-70247376/
50363729,"HÄLLAN - Cabinet, 45x50 cm",Cabinets & cupboards,6462,275.0,60,,closed storage that hides clutter and keeps rooms tidy,"storage, office, small-room",Bookcases & shelving units; Tables & desks,Jon Karlsson,https://www.ikea.com/sa/en/p/haellan-cabinet-white-50363729/
415194,"HAVSTA - Glass-door cabinet, 121x35x123 cm",Cabinets & cupboards,30432,1295.0,60,,closed storage that hides clutter and keeps rooms tidy,"storage, office, small-room",Bookcases & shelving units; Tables & desks,IKEA of Sweden,https://www.ikea.com/sa/en/p/havsta-glass-door-cabinet-grey-00415194/
30365135,"GALANT - Cabinet with sliding doors, 160x120 cm",Cabinets & cupboards,59808,2545.0,60,,closed storage that hides clutter and keeps rooms tidy,"storage, office, small-room",Bookcases & shelving units; Tables & desks,K Malmvall/E Lilja Löwenhielm,https://www.ikea.com/sa/en/p/galant-cabinet-with-sliding-doors-white-30365135/
69208031,"BESTÅ - Storage combination with doors, 180x42x112 cm",Cabinets & cupboards,37612,1600.5,60,,closed storage that hides clutter and keeps rooms tidy,"storage, office, small-room",Bookcases & shelving units; Tables & desks,IKEA of Sweden,https://www.ikea.com/sa/en/p/besta-storage-combination-with-doors-black-brown-lappviken-light-grey-clear-glass-s69208031/
69248659,"LIXHULT - Storage combination, 25x75 cm",Cabinets & cupboards,6274,267.0,60,,closed storage that hides clutter and keeps rooms tidy,"storage, office, small-room",Bookcases & shelving units; Tables & desks,Jon Karlsson,https://www.ikea.com/sa/en/p/lixhult-storage-combination-white-pink-s69248659/
69282926,"BESTÅ - Storage combination w glass doors, 120x40x128 cm",Cabinets & cupboards,36895,1570.0,60,,closed storage that hides clutter and keeps rooms tidy,"storage, office, small-room",Bookcases & shelving units; Tables & desks,IKEA of Sweden/Marcus Arvonen,https://www.ikea.com/sa/en/p/besta-storage-combination-w-glass-doors-white-vassviken-white-clear-glass-s69282926/
50443627,"NOTVIKEN - Drawer front, 60x26 cm",Cabinets & cupboards,1410,60.0,60,,closed storage that hides clutter and keeps rooms tidy,"storage, office, small-room",Bookcases & shelving units; Tables & desks,"504.436.27 Drawers make it easy to keep your things organised.To be completed with BESTÅ drawer frame 60X15X40 cm and BESTÅ drawer runner, sold separately.May be completed with knobs or handles. Sold separately.Drill template for marking of hole positions for handles or knobs is sold separately.",https://www.ikea.com/sa/en/p/notviken-drawer-front-blue-50443627/
20347514,"ENERYDA - Handle, 112 mm",Cabinets & cupboards,822,35.0,60,,closed storage that hides clutter and keeps rooms tidy,"storage, office, small-room",Bookcases & shelving units; Tables & desks,Francis Cayouette,https://www.ikea.com/sa/en/p/eneryda-handle-brass-colour-20347514/
70247381,"BESTÅ - Frame, 60x40x64 cm",Cabinets & cupboards,3172,135.0,60,,closed storage that hides clutter and keeps rooms tidy,"storage, office, small-room",Bookcases & shelving units; Tables & desks,IKEA of Sweden,https://www.ikea.com/sa/en/p/besta-frame-grey-stained-walnut-effect-70247381/
29204431,"BESTÅ / EKET - Cabinet combination for TV, 180x40x170 cm",Cabinets & cupboards,34522,1469.0,60,,closed storage that hides clutter and keeps rooms tidy,"storage, office, small-room",Bookcases & shelving units; Tables & desks,IKEA of Sweden/Jon Karlsson,https://www.ikea.com/sa/en/p/besta-eket-cabinet-combination-for-tv-white-s29204431/
89307643,"EKET - Wall-mounted cabinet combination, 35x35x35 cm",Cabinets & cupboards,2679,114.0,60,,closed storage that hides clutter and keeps rooms tidy,"storage, office, small-room",Bookcases & shelving units; Tables & desks,IKEA of Sweden/Jon Karlsson,https://www.ikea.com/sa/en/p/eket-wall-mounted-cabinet-combination-white-s89307643/
99249520,"HÄLLAN - Storage combination with doors, 90x47x167 cm",Cabinets & cupboards,37012,1575.0,60,,closed storage that hides clutter and keeps rooms tidy,"storage, office, small-room",Bookcases & shelving units; Tables & desks,Jon Karlsson,https://www.ikea.com/sa/en/p/haellan-storage-combination-with-doors-white-s99249520/
19266033,"HAVSTA - Storage comb w sliding glass doors, 283x37x134 cm",Cabinets & cupboards,62158,2645.0,60,,closed storage that hides clutter and keeps rooms tidy,"storage, office, small-room",Bookcases & shelving units; Tables & desks,IKEA of Sweden,https://www.ikea.com/sa/en/p/havsta-storage-comb-w-sliding-glass-doors-white-s19266033/
10364066,"LAPPVIKEN - Door/drawer front, 60x38 cm",Cabinets & cupboards,740,31.5,60,,closed storage that hides clutter and keeps rooms tidy,"storage, office, small-room",Bookcases & shelving units; Tables & desks,IKEA of Sweden,https://www.ikea.com/sa/en/p/lappviken-door-drawer-front-light-grey-10364066/
49248858,"LIXHULT - Storage combination, 130x117 cm",Cabinets & cupboards,19764,841.0,60,,closed storage that hides clutter and keeps rooms tidy,"storage, office, small-room",Bookcases & shelving units; Tables & desks,Jon Karlsson,https://www.ikea.com/sa/en/p/lixhult-storage-combination-red-orange-grey-pink-white-blue-green-s49248858/
79282544,"BEKANT - Storage unit on castors, 61x101 cm",Cabinets & cupboards,31842,1355.0,60,,closed storage that hides clutter and keeps rooms tidy,"storage, office, small-room",Bookcases & shelving units; Tables & desks,Eva Lilja Löwenhielm,https://www.ikea.com/sa/en/p/bekant-storage-unit-on-castors-mesh-black-s79282544/
80360951,"IDÅSEN - Cabinet with sliding glass doors, 120x140 cm",Cabinets & cupboards,35132,1495.0,60,,closed storage that hides clutter and keeps rooms tidy,"storage, office, small-room",Bookcases & shelving units; Tables & desks,Jon Karlsson,https://www.ikea.com/sa/en/p/idasen-cabinet-with-sliding-glass-doors-beige-80360951/
49265975,"HAVSTA - Storage combination w glass-doors, 81x47x212 cm",Cabinets & cupboards,37365,1590.0,60,,closed storage that hides clutter and keeps rooms tidy,"storage, office, small-room",Bookcases & shelving units; Tables & desks,IKEA of Sweden,https://www.ikea.com/sa/en/p/havsta-storage-combination-w-glass-doors-dark-brown-s49265975/
79265950,"HAVSTA - Storage combination w glass doors, 162x37x134 cm",Cabinets & cupboards,45825,1950.0,60,,closed storage that hides clutter and keeps rooms tidy,"storage, office, small-room",Bookcases & shelving units; Tables & desks,IKEA of Sweden,https://www.ikea.com/sa/en/p/havsta-storage-combination-w-glass-doors-dark-brown-s79265950/
89248682,"LIXHULT - Storage combination, 70x117 cm",Cabinets & cupboards,9142,389.0,60,,closed storage that hides clutter and keeps rooms tidy,"storage, office, small-room",Bookcases & shelving units; Tables & desks,Jon Karlsson,https://www.ikea.com/sa/en/p/lixhult-storage-combination-dark-blue-red-orange-s89248682/
39299103,"BESTÅ - TV bench with drawers, 180x42x74 cm",Cabinets & cupboards,36425,1550.0,60,,closed storage that hides clutter and keeps rooms tidy,"storage, office, small-room",Bookcases & shelving units; Tables & desks,IKEA of Sweden/Carl Öjerstam,https://www.ikea.com/sa/en/p/besta-tv-bench-with-drawers-black-brown-selsviken-stallarp-high-gloss-dark-red-brown-s39299103/
59191026,"EKET - Cabinet combination with feet, 280x35x72 cm",Cabinets & cupboards,32688,1391.0,60,,closed storage that hides clutter and keeps rooms tidy,"storage, office, small-room",Bookcases & shelving units; Tables & desks,Jon Karlsson/IKEA of Sweden,https://www.ikea.com/sa/en/p/eket-cabinet-combination-with-feet-dark-grey-s59191026/
70296343,"SELSVIKEN - Door, 60x64 cm",Cabinets & cupboards,3525,150.0,60,,closed storage that hides clutter and keeps rooms tidy,"storage, office, small-room",Bookcases & shelving units; Tables & desks,IKEA of Sweden,https://www.ikea.com/sa/en/p/selsviken-door-patterned-high-gloss-brown-70296343/
89291312,"HÄLLAN - Storage combination with doors, 45x47x67 cm",Cabinets & cupboards,7638,325.0,60,,closed storage that hides clutter and keeps rooms tidy,"storage, office, small-room",Bookcases & shelving units; Tables & desks,Jon Karlsson,https://www.ikea.com/sa/en/p/haellan-storage-combination-with-doors-white-s89291312/
60347507,"ENERYDA - Knob, 35 mm",Cabinets & cupboards,822,35.0,60,,closed storage that hides clutter and keeps rooms tidy,"storage, office, small-room",Bookcases & shelving units; Tables & desks,Francis Cayouette,https://www.ikea.com/sa/en/p/eneryda-knob-brass-colour-60347507/
10351511,"BESTÅ - Drawer frame, 60x15x40 cm",Cabinets & cupboards,1410,60.0,60,,closed storage that hides clutter and keeps rooms tidy,"storage, office, small-room",Bookcases & shelving units; Tables & desks,IKEA of Sweden,https://www.ikea.com/sa/en/p/besta-drawer-frame-grey-stained-walnut-effect-10351511/
10299877,"BESTÅ - TV bench, 180x40x64 cm",Cabinets & cupboards,13982,595.0,60,,closed storage that hides clutter and keeps rooms tidy,"storage, office, small-room",Bookcases & shelving units; Tables & desks,"102.998.77 It’s easy to keep the cables from your TV and other devices out of sight but close at hand, as there are several cable outlets at the back of the TV bench.If you want to organise inside you can complement with BESTÅ interior fittings.Steady also on uneven floors, thanks to the adjustable feet.For safety reasons this TV bench shall not be hung on the wall.This furniture must be fixed to the wall with the enclosed wall fastener.This TV bench can take a max load of 50 kg on the top.Different wall materials require different types of fixing devices. Use fixing devices suitable for the walls in your home, sold separately.May be completed with STALLARP, STUBBARP or NANNARP legs. This TV bench requires 4 legs and 2 BESTÅ supporting legs.May be completed with SULARP legs. This TV bench requires 2 legs and 2 BESTÅ supporting legs.",https://www.ikea.com/sa/en/p/besta-tv-bench-grey-stained-walnut-effect-10299877/
99282538,"BEKANT - Storage unit on legs, 61x101 cm",Cabinets & cupboards,30409,1294.0,60,,closed storage that hides clutter and keeps rooms tidy,"storage, office, small-room",Bookcases & shelving units; Tables & desks,Eva Lilja Löwenhielm,https://www.ikea.com/sa/en/p/bekant-storage-unit-on-legs-mesh-black-s99282538/
30388636,"HAVSTA - Glass-door cabinet, 81x35x123 cm",Cabinets & cupboards,21032,895.0,60,,closed storage that hides clutter and keeps rooms tidy,"storage, office, small-room",Bookcases & shelving units; Tables & desks,IKEA of Sweden,https://www.ikea.com/sa/en/p/havsta-glass-door-cabinet-white-30388636/
40245840,"BESTÅ - Frame, 60x40x128 cm",Cabinets & cupboards,4582,195.0,60,,closed storage that hides clutter and keeps rooms tidy,"storage, office, small-room",Bookcases & shelving units; Tables & desks,IKEA of Sweden,https://www.ikea.com/sa/en/p/besta-frame-white-40245840/
9285070,"GALANT - Storage combination with drawers, 160x160 cm",Cabinets & cupboards,106690,4540.0,60,,closed storage that hides clutter and keeps rooms tidy,"storage, office, small-room",Bookcases & shelving units; Tables & desks,K Malmvall/E Lilja Löwenhielm,https://www.ikea.com/sa/en/p/galant-storage-combination-with-drawers-black-stained-ash-veneer-s09285070/
29248656,"LIXHULT - Storage combination, 35x70 cm",Cabinets & cupboards,4653,198.0,60,,closed storage that hides clutter and keeps rooms tidy,"storage, office, small-room",Bookcases & shelving units; Tables & desks,Jon Karlsson,https://www.ikea.com/sa/en/p/lixhult-storage-combination-dark-green-orange-s29248656/
29287214,"IDÅSEN - High cabinet with smart lock, 45x172 cm",Cabinets & cupboards,25615,1090.0,60,,closed storage that hides clutter and keeps rooms tidy,"storage, office, small-room",Bookcases & shelving units; Tables & desks,Jon Karlsson/IKEA of Sweden,https://www.ikea.com/sa/en/p/idasen-high-cabinet-with-smart-lock-beige-s29287214/
49265895,"HAVSTA - Storage comb w sliding glass doors, 242x47x212 cm",Cabinets & cupboards,107630,4580.0,60,,closed storage that hides clutter and keeps rooms tidy,"storage, office, small-room",Bookcases & shelving units; Tables & desks,IKEA of Sweden,https://www.ikea.com/sa/en/p/havsta-storage-comb-w-sliding-glass-doors-white-s49265895/
59279180,"LIXHULT - Cabinet combination, 95x35x92 cm",Cabinets & cupboards,11632,495.0,60,,closed storage that hides clutter and keeps rooms tidy,"storage, office, small-room",Bookcases & shelving units; Tables & desks,Jon Karlsson,https://www.ikea.com/sa/en/p/lixhult-cabinet-combination-grey-red-s59279180/
40296311,"SINDVIK - Glass door, 60x38 cm",Cabinets & cupboards,2938,125.0,60,,closed storage that hides clutter and keeps rooms tidy,"storage, office, small-room",Bookcases & shelving units; Tables & desks,Marcus Arvonen,https://www.ikea.com/sa/en/p/sindvik-glass-door-black-brown-clear-glass-40296311/
19291315,"HÄLLAN - Storage combination with doors, 45x47x92 cm",Cabinets & cupboards,8812,375.0,60,,closed storage that hides clutter and keeps rooms tidy,"storage, office, small-room",Bookcases & shelving units; Tables & desks,Jon Karlsson,https://www.ikea.com/sa/en/p/haellan-storage-combination-with-doors-white-s19291315/
19249406,"HÄLLAN - Storage combination with doors, 90x47x167 cm",Cabinets & cupboards,32900,1400.0,60,,closed storage that hides clutter and keeps rooms tidy,"storage, office, small-room",Bookcases & shelving units; Tables & desks,Jon Karlsson,https://www.ikea.com/sa/en/p/haellan-storage-combination-with-doors-white-s19249406/
69265984,"HAVSTA - Storage combination with doors, 81x47x212 cm",Cabinets & cupboards,36190,1540.0,60,,closed storage that hides clutter and keeps rooms tidy,"storage, office, small-room",Bookcases & shelving units; Tables & desks,IKEA of Sweden,https://www.ikea.com/sa/en/p/havsta-storage-combination-with-doors-dark-brown-s69265984/
69286806,"BEKANT - Storage unit with smart lock, 41x61 cm",Cabinets & cupboards,23500,1000.0,60,,closed storage that hides clutter and keeps rooms tidy,"storage, office, small-room",Bookcases & shelving units; Tables & desks,IKEA of Sweden/Eva Lilja Löwenhielm,https://www.ikea.com/sa/en/p/bekant-storage-unit-with-smart-lock-mesh-white-s69286806/
90338422,"BAGGANÄS - Knob, 21 mm",Cabinets & cupboards,634,27.0,60,,closed storage that hides clutter and keeps rooms tidy,"storage, office, small-room",Bookcases & shelving units; Tables & desks,H Preutz/A Fredriksson,https://www.ikea.com/sa/en/p/bagganaes-knob-stainless-steel-90338422/
9282528,"BEKANT - Storage unit on legs, 41x101 cm",Cabinets & cupboards,22184,944.0,60,,closed storage that hides clutter and keeps rooms tidy,"storage, office, small-room",Bookcases & shelving units; Tables & desks,Eva Lilja Löwenhielm,https://www.ikea.com/sa/en/p/bekant-storage-unit-on-legs-mesh-white-s09282528/
39276682,"HÄLLAN - Storage combination with doors, 135x47x192 cm",Cabinets & cupboards,65212,2775.0,60,,closed storage that hides clutter and keeps rooms tidy,"storage, office, small-room",Bookcases & shelving units; Tables & desks,Jon Karlsson,https://www.ikea.com/sa/en/p/haellan-storage-combination-with-doors-white-s39276682/
49280754,"BILLY / OXBERG - Bookcase w height extension ut/drs, 160x30x237 cm",Cabinets & cupboards,32195,1370.0,60,,closed storage that hides clutter and keeps rooms tidy,"storage, office, small-room",Bookcases & shelving units; Tables & desks,Gillis Lundgren/IKEA of Sweden,https://www.ikea.com/sa/en/p/billy-oxberg-bookcase-w-height-extension-ut-drs-white-s49280754/
99300702,"BESTÅ - TV storage combination/glass doors, 300x42x211 cm",Cabinets & cupboards,64155,2730.0,60,,closed storage that hides clutter and keeps rooms tidy,"storage, office, small-room",Bookcases & shelving units; Tables & desks,IKEA of Sweden/Marcus Arvonen,https://www.ikea.com/sa/en/p/besta-tv-storage-combination-glass-doors-black-brown-notviken-grey-green-clear-glass-s99300702/
20351515,"BESTÅ - Drawer frame, 60x25x40 cm",Cabinets & cupboards,1762,75.0,60,,closed storage that hides clutter and keeps rooms tidy,"storage, office, small-room",Bookcases & shelving units; Tables & desks,IKEA of Sweden,https://www.ikea.com/sa/en/p/besta-drawer-frame-grey-stained-walnut-effect-20351515/
10338416,"BAGGANÄS - Knob, 20 mm",Cabinets & cupboards,634,27.0,60,,closed storage that hides clutter and keeps rooms tidy,"storage, office, small-room",Bookcases & shelving units; Tables & desks,H Preutz/A Fredriksson,https://www.ikea.com/sa/en/p/bagganaes-knob-black-10338416/
296313,"SINDVIK - Glass door, 60x64 cm",Cabinets & cupboards,3525,150.0,60,,closed storage that hides clutter and keeps rooms tidy,"storage, office, small-room",Bookcases & shelving units; Tables & desks,Marcus Arvonen,https://www.ikea.com/sa/en/p/sindvik-glass-door-black-brown-clear-glass-00296313/
39297514,"BESTÅ - TV bench with doors and drawers, 240x42x74 cm",Cabinets & cupboards,34545,1470.0,60,,closed storage that hides clutter and keeps rooms tidy,"storage, office, small-room",Bookcases & shelving units; Tables & desks,IKEA of Sweden,https://www.ikea.com/sa/en/p/besta-tv-bench-with-doors-and-drawers-white-lappviken-stubbarp-white-s39297514/
60303481,"MALSJÖ - Glass-door cabinet, 103x48x141 cm",Cabinets & cupboards,35626,1516.0,60,,closed storage that hides clutter and keeps rooms tidy,"storage, office, small-room",Bookcases & shelving units; Tables & desks,Carina Bengs,https://www.ikea.com/sa/en/p/malsjoe-glass-door-cabinet-black-stained-black-stained-60303481/
79249328,"HÄLLAN - Storage combination with doors, 45x47x117 cm",Cabinets & cupboards,14100,600.0,60,,closed storage that hides clutter and keeps rooms tidy,"storage, office, small-room",Bookcases & shelving units; Tables & desks,Jon Karlsson,https://www.ikea.com/sa/en/p/haellan-storage-combination-with-doors-white-s79249328/
9248916,"LIXHULT - Storage combination, 95x127 cm",Cabinets & cupboards,16286,693.0,60,,closed storage that hides clutter and keeps rooms tidy,"storage, office, small-room",Bookcases & shelving units; Tables & desks,Jon Karlsson,https://www.ikea.com/sa/en/p/lixhult-storage-combination-grey-dark-green-red-orange-s09248916/
9265920,"HAVSTA - Storage combination w glass doors, 203x47x212 cm",Cabinets & cupboards,70030,2980.0,60,,closed storage that hides clutter and keeps rooms tidy,"storage, office, small-room",Bookcases & shelving units; Tables & desks,IKEA of Sweden,https://www.ikea.com/sa/en/p/havsta-storage-combination-w-glass-doors-dark-brown-s09265920/
70444348,"SELSVIKEN - Drawer front, 60x26 cm",Cabinets & cupboards,1410,60.0,60,,closed storage that hides clutter and keeps rooms tidy,"storage, office, small-room",Bookcases & shelving units; Tables & desks,IKEA of Sweden,https://www.ikea.com/sa/en/p/selsviken-drawer-front-high-gloss-dark-red-brown-70444348/
80295300,"BESTÅ - Top panel for TV, 120x40 cm",Cabinets & cupboards,2350,100.0,60,,closed storage that hides clutter and keeps rooms tidy,"storage, office, small-room",Bookcases & shelving units; Tables & desks,IKEA of Sweden,https://www.ikea.com/sa/en/p/besta-top-panel-for-tv-glass-black-80295300/
19194456,"BESTÅ - TV storage combination/glass doors, 180x40x192 cm",Cabinets & cupboards,54755,2330.0,60,,closed storage that hides clutter and keeps rooms tidy,"storage, office, small-room",Bookcases & shelving units; Tables & desks,IKEA of Sweden,https://www.ikea.com/sa/en/p/besta-tv-storage-combination-glass-doors-black-brown-selsviken-high-gloss-brown-smoked-glass-s19194456/
19275235,"HAVSTA - Storage comb w sliding glass doors, 243x47x212 cm",Cabinets & cupboards,86480,3680.0,60,,closed storage that hides clutter and keeps rooms tidy,"storage, office, small-room",Bookcases & shelving units; Tables & desks,IKEA of Sweden,https://www.ikea.com/sa/en/p/havsta-storage-comb-w-sliding-glass-doors-white-s19275235/
19286521,"EKET - Cabinet combination with feet, 70x35x212 cm",Cabinets & cupboards,26390,1123.0,60,,closed storage that hides clutter and keeps rooms tidy,"storage, office, small-room",Bookcases & shelving units; Tables & desks,IKEA of Sweden/Jon Karlsson,https://www.ikea.com/sa/en/p/eket-cabinet-combination-with-feet-white-golden-brown-dark-grey-s19286521/
39275116,"HAVSTA - Glass-door cabinet with plinth, 121x37x134 cm",Cabinets & cupboards,32782,1395.0,60,,closed storage that hides clutter and keeps rooms tidy,"storage, office, small-room",Bookcases & shelving units; Tables & desks,IKEA of Sweden,https://www.ikea.com/sa/en/p/havsta-glass-door-cabinet-with-plinth-grey-clear-glass-s39275116/
39286841,"BESTÅ / EKET - Cabinet combination for TV, 210x40x220 cm",Cabinets & cupboards,40396,1719.0,60,,closed storage that hides clutter and keeps rooms tidy,"storage, office, small-room",Bookcases & shelving units; Tables & desks,IKEA of Sweden/Jon Karlsson,https://www.ikea.com/sa/en/p/besta-eket-cabinet-combination-for-tv-white-light-grey-dark-grey-golden-brown-s39286841/
49194681,"BESTÅ - TV storage combination/glass doors, 300x40x230 cm",Cabinets & cupboards,78490,3340.0,60,,closed storage that hides clutter and keeps rooms tidy,"storage, office, small-room",Bookcases & shelving units; Tables & desks,Marcus Arvonen/IKEA of Sweden,https://www.ikea.com/sa/en/p/besta-tv-storage-combination-glass-doors-lappviken-sindvik-black-brown-clear-glass-s49194681/
59265965,"HAVSTA - Storage combination w glass-doors, 243x47x212 cm",Cabinets & cupboards,112095,4770.0,60,,closed storage that hides clutter and keeps rooms tidy,"storage, office, small-room",Bookcases & shelving units; Tables & desks,IKEA of Sweden,https://www.ikea.com/sa/en/p/havsta-storage-combination-w-glass-doors-dark-brown-s59265965/
79248668,"LIXHULT - Storage combination, 105x70 cm",Cabinets & cupboards,6980,297.0,60,,closed storage that hides clutter and keeps rooms tidy,"storage, office, small-room",Bookcases & shelving units; Tables & desks,Jon Karlsson,https://www.ikea.com/sa/en/p/lixhult-storage-combination-orange-dark-green-s79248668/
79286820,"BEKANT - Storage unit with smart lock, 41x101 cm",Cabinets & cupboards,24416,1039.0,60,,closed storage that hides clutter and keeps rooms tidy,"storage, office, small-room",Bookcases & shelving units; Tables & desks,IKEA of Sweden/Eva Lilja Löwenhielm,https://www.ikea.com/sa/en/p/bekant-storage-unit-with-smart-lock-mesh-white-s79286820/
79286896,"BEKANT - Storage unit with smart lock, 41x101 cm",Cabinets & cupboards,28200,1200.0,60,,closed storage that hides clutter and keeps rooms tidy,"storage, office, small-room",Bookcases & shelving units; Tables & desks,IKEA of Sweden/Eva Lilja Löwenhielm,https://www.ikea.com/sa/en/p/bekant-storage-unit-with-smart-lock-mesh-black-s79286896/
89217727,"BILLY / OXBERG - Bookcase, 120x30x237 cm",Cabinets & cupboards,40772,1735.0,60,,closed storage that hides clutter and keeps rooms tidy,"storage, office, small-room",Bookcases & shelving units; Tables & desks,IKEA of Sweden/Gillis Lundgren,https://www.ikea.com/sa/en/p/billy-oxberg-bookcase-black-brown-glass-s89217727/
89249399,"HÄLLAN - Storage combination with doors, 90x47x167 cm",Cabinets & cupboards,41125,1750.0,60,,closed storage that hides clutter and keeps rooms tidy,"storage, office, small-room",Bookcases & shelving units; Tables & desks,Jon Karlsson,https://www.ikea.com/sa/en/p/haellan-storage-combination-with-doors-white-s89249399/
30371056,"SKÄRHAMN - Knob, 30 mm",Cabinets & cupboards,916,39.0,60,,closed storage that hides clutter and keeps rooms tidy,"storage, office, small-room",Bookcases & shelving units; Tables & desks,Ebba Strandmark,https://www.ikea.com/sa/en/p/skaerhamn-knob-black-chrome-plated-30371056/
99234255,"HEMNES - Storage combination w doors/drawers, 188x197 cm",Cabinets & cupboards,62651,2666.0,60,,closed storage that hides clutter and keeps rooms tidy,"storage, office, small-room",Bookcases & shelving units; Tables & desks,Carina Bengs,https://www.ikea.com/sa/en/p/hemnes-storage-combination-w-doors-drawers-white-stained-clear-glass-s99234255/
9287192,"IDÅSEN - Cabinet with smart lock, 80x119 cm",Cabinets & cupboards,31608,1345.0,60,,closed storage that hides clutter and keeps rooms tidy,"storage, office, small-room",Bookcases & shelving units; Tables & desks,Jon Karlsson/IKEA of Sweden,https://www.ikea.com/sa/en/p/idasen-cabinet-with-smart-lock-beige-s09287192/
19285791,"GALANT - Storage combination, 160x120 cm",Cabinets & cupboards,35720,1520.0,60,,closed storage that hides clutter and keeps rooms tidy,"storage, office, small-room",Bookcases & shelving units; Tables & desks,Eva Lilja Löwenhielm/K Malmvall/E Lilja Löwenhielm,https://www.ikea.com/sa/en/p/galant-storage-combination-white-stained-oak-veneer-s19285791/
30338420,"BAGGANÄS - Knob, 13 mm",Cabinets & cupboards,517,22.0,60,,closed storage that hides clutter and keeps rooms tidy,"storage, office, small-room",Bookcases & shelving units; Tables & desks,H Preutz/A Fredriksson,https://www.ikea.com/sa/en/p/bagganaes-knob-stainless-steel-30338420/
30428901,"EKET - Glass door, 32x32 cm",Cabinets & cupboards,1058,45.0,60,,closed storage that hides clutter and keeps rooms tidy,"storage, office, small-room",Bookcases & shelving units; Tables & desks,304.289.01 Transforms a single open cube in the EKET series into a display case.Protects the things you love and minimises the need to dust.Tempered glass is more impact resistant than ordinary glass and the surface is easy to clean.Handle with care! A damaged edge or scratched surface can cause the glass to suddenly crack or break. Avoid bumps from the side - this is where the glass is most vulnerable.,https://www.ikea.com/sa/en/p/eket-glass-door-clear-glass-30428901/
30443628,"GLASSVIK - Glass door, 60x64 cm",Cabinets & cupboards,4582,195.0,60,,closed storage that hides clutter and keeps rooms tidy,"storage, office, small-room",Bookcases & shelving units; Tables & desks,IKEA of Sweden,https://www.ikea.com/sa/en/p/glassvik-glass-door-dark-red-brown-clear-glass-30443628/
49161609,"LIXHULT - Storage combination, 35x117 cm",Cabinets & cupboards,5734,244.0,60,,closed storage that hides clutter and keeps rooms tidy,"storage, office, small-room",Bookcases & shelving units; Tables & desks,Jon Karlsson,https://www.ikea.com/sa/en/p/lixhult-storage-combination-red-orange-s49161609/
69279189,"LIXHULT - Storage combination, 140x142 cm",Cabinets & cupboards,27260,1160.0,60,,closed storage that hides clutter and keeps rooms tidy,"storage, office, small-room",Bookcases & shelving units; Tables & desks,Jon Karlsson,https://www.ikea.com/sa/en/p/lixhult-storage-combination-dark-blue-s69279189/
9266024,"HAVSTA - Storage combination w glass-doors, 243x37x134 cm",Cabinets & cupboards,59338,2525.0,60,,closed storage that hides clutter and keeps rooms tidy,"storage, office, small-room",Bookcases & shelving units; Tables & desks,IKEA of Sweden,https://www.ikea.com/sa/en/p/havsta-storage-combination-w-glass-doors-dark-brown-s09266024/
10363632,"HÄLLAN - Pair of legs, 29 cm",Cabinets & cupboards,1175,50.0,60,,closed storage that hides clutter and keeps rooms tidy,"storage, office, small-room",Bookcases & shelving units; Tables & desks,Jon Karlsson,https://www.ikea.com/sa/en/p/haellan-pair-of-legs-white-10363632/
29286865,"BESTÅ / EKET - Cabinet combination for TV, 300x42x210 cm",Cabinets & cupboards,37083,1578.0,60,,closed storage that hides clutter and keeps rooms tidy,"storage, office, small-room",Bookcases & shelving units; Tables & desks,Jon Karlsson/IKEA of Sweden,https://www.ikea.com/sa/en/p/besta-eket-cabinet-combination-for-tv-white-light-grey-red-s29286865/
29336356,"EKET - Wall cabinet with glass door, 35x25x35 cm",Cabinets & cupboards,2938,125.0,60,,closed storage that hides clutter and keeps rooms tidy,"storage, office, small-room",Bookcases & shelving units; Tables & desks,IKEA of Sweden/Jon Karlsson,https://www.ikea.com/sa/en/p/eket-wall-cabinet-with-glass-door-white-s29336356/
29336380,"EKET - Wall-mounted storage combination, 105x35x70 cm",Cabinets & cupboards,9024,384.0,60,,closed storage that hides clutter and keeps rooms tidy,"storage, office, small-room",Bookcases & shelving units; Tables & desks,IKEA of Sweden/Jon Karlsson,https://www.ikea.com/sa/en/p/eket-wall-mounted-storage-combination-light-grey-white-s29336380/
30320726,"IDÅSEN - Cabinet with doors and drawers, 80x47x119 cm",Cabinets & cupboards,29375,1250.0,60,,closed storage that hides clutter and keeps rooms tidy,"storage, office, small-room",Bookcases & shelving units; Tables & desks,Jon Karlsson,https://www.ikea.com/sa/en/p/idasen-cabinet-with-doors-and-drawers-beige-30320726/
89248922,"LIXHULT - Storage combination, 180x163 cm",Cabinets & cupboards,23970,1020.0,60,,closed storage that hides clutter and keeps rooms tidy,"storage, office, small-room",Bookcases & shelving units; Tables & desks,Jon Karlsson,https://www.ikea.com/sa/en/p/lixhult-storage-combination-grey-dark-green-orange-s89248922/
99161598,"LIXHULT - Storage combination, 95x35 cm",Cabinets & cupboards,6744,287.0,60,,closed storage that hides clutter and keeps rooms tidy,"storage, office, small-room",Bookcases & shelving units; Tables & desks,Jon Karlsson,https://www.ikea.com/sa/en/p/lixhult-storage-combination-orange-white-s99161598/
99265911,"HAVSTA - Storage comb w sliding glass doors, 121x47x212 cm",Cabinets & cupboards,53815,2290.0,60,,closed storage that hides clutter and keeps rooms tidy,"storage, office, small-room",Bookcases & shelving units; Tables & desks,IKEA of Sweden,https://www.ikea.com/sa/en/p/havsta-storage-comb-w-sliding-glass-doors-dark-brown-s99265911/
90415199,"HAVSTA - Plinth, 121x37x12 cm",Cabinets & cupboards,2350,100.0,60,,closed storage that hides clutter and keeps rooms tidy,"storage, office, small-room",Bookcases & shelving units; Tables & desks,IKEA of Sweden,https://www.ikea.com/sa/en/p/havsta-plinth-grey-90415199/
99285117,"GALANT - Storage combination with drawers, 80x160 cm",Cabinets & cupboards,53345,2270.0,60,,closed storage that hides clutter and keeps rooms tidy,"storage, office, small-room",Bookcases & shelving units; Tables & desks,K Malmvall/E Lilja Löwenhielm,https://www.ikea.com/sa/en/p/galant-storage-combination-with-drawers-black-stained-ash-veneer-s99285117/
30303487,"MALSJÖ - Glass-door cabinet, 60x40x186 cm",Cabinets & cupboards,29986,1276.0,60,,closed storage that hides clutter and keeps rooms tidy,"storage, office, small-room",Bookcases & shelving units; Tables & desks,Carina Bengs,https://www.ikea.com/sa/en/p/malsjoe-glass-door-cabinet-black-stained-black-stained-30303487/
50294793,"HANVIKEN - Door, 60x64 cm",Cabinets & cupboards,2350,100.0,60,,closed storage that hides clutter and keeps rooms tidy,"storage, office, small-room",Bookcases & shelving units; Tables & desks,Marcus Arvonen,https://www.ikea.com/sa/en/p/hanviken-door-black-brown-50294793/
49329331,"BESTÅ - TV bench, 180x42x39 cm",Cabinets & cupboards,20915,890.0,60,,closed storage that hides clutter and keeps rooms tidy,"storage, office, small-room",Bookcases & shelving units; Tables & desks,IKEA of Sweden/Marcus Arvonen,https://www.ikea.com/sa/en/p/besta-tv-bench-black-brown-lappviken-black-brown-clear-glass-s49329331/
59336374,"EKET - Wall cabinet with glass door, 35x35x35 cm",Cabinets & cupboards,3266,139.0,60,,closed storage that hides clutter and keeps rooms tidy,"storage, office, small-room",Bookcases & shelving units; Tables & desks,IKEA of Sweden/Jon Karlsson,https://www.ikea.com/sa/en/p/eket-wall-cabinet-with-glass-door-white-s59336374/
79330639,"BESTÅ - TV storage combination/glass doors, 240x42x129 cm",Cabinets & cupboards,31725,1350.0,60,,closed storage that hides clutter and keeps rooms tidy,"storage, office, small-room",Bookcases & shelving units; Tables & desks,Marcus Arvonen/IKEA of Sweden,https://www.ikea.com/sa/en/p/besta-tv-storage-combination-glass-doors-white-hanviken-white-clear-glass-s79330639/
89286513,"BEKANT - Storage unit with smart lock, 41x61 cm",Cabinets & cupboards,22066,939.0,60,,closed storage that hides clutter and keeps rooms tidy,"storage, office, small-room",Bookcases & shelving units; Tables & desks,Eva Lilja Löwenhielm/IKEA of Sweden,https://www.ikea.com/sa/en/p/bekant-storage-unit-with-smart-lock-mesh-white-s89286513/
59286963,"BEKANT - Storage unit with smart lock, 61x101 cm",Cabinets & cupboards,31725,1350.0,60,,closed storage that hides clutter and keeps rooms tidy,"storage, office, small-room",Bookcases & shelving units; Tables & desks,IKEA of Sweden/Eva Lilja Löwenhielm,https://www.ikea.com/sa/en/p/bekant-storage-unit-with-smart-lock-mesh-white-s59286963/
69329387,"EKET - Wall cabinet with 2 drawers, 35x35x35 cm",Cabinets & cupboards,4935,210.0,60,,closed storage that hides clutter and keeps rooms tidy,"storage, office, small-room",Bookcases & shelving units; Tables & desks,IKEA of Sweden,https://www.ikea.com/sa/en/p/eket-wall-cabinet-with-2-drawers-white-s69329387/
79275138,"HAVSTA - Storage combination, 142x47x212 cm",Cabinets & cupboards,52522,2235.0,60,,closed storage that hides clutter and keeps rooms tidy,"storage, office, small-room",Bookcases & shelving units; Tables & desks,IKEA of Sweden,https://www.ikea.com/sa/en/p/havsta-storage-combination-white-s79275138/
9329390,"EKET - Wall-mounted cabinet combination, 175x35x70 cm",Cabinets & cupboards,18260,777.0,60,,closed storage that hides clutter and keeps rooms tidy,"storage, office, small-room",Bookcases & shelving units; Tables & desks,Jon Karlsson/IKEA of Sweden,https://www.ikea.com/sa/en/p/eket-wall-mounted-cabinet-combination-dark-grey-s09329390/
20441578,"NOTVIKEN - Door, 60x64 cm",Cabinets & cupboards,2702,115.0,60,,closed storage that hides clutter and keeps rooms tidy,"storage, office, small-room",Bookcases & shelving units; Tables & desks,204.415.78 The doors keep your belongings hidden and free from dust.You can choose to mount the door on the right or left side.To be completed with BESTÅ hinges.1 door requires 1 pack of hinges. Sold separately.May be completed with knobs or handles. Sold separately.Drill template for marking of hole positions for handles or knobs is sold separately.,https://www.ikea.com/sa/en/p/notviken-door-grey-green-20441578/
29282532,"BEKANT - Storage unit on castors, 41x101 cm",Cabinets & cupboards,25968,1105.0,60,,closed storage that hides clutter and keeps rooms tidy,"storage, office, small-room",Bookcases & shelving units; Tables & desks,Eva Lilja Löwenhielm,https://www.ikea.com/sa/en/p/bekant-storage-unit-on-castors-mesh-black-s29282532/
39285785,"GALANT - Storage combination, 320x120 cm",Cabinets & cupboards,73790,3140.0,60,,closed storage that hides clutter and keeps rooms tidy,"storage, office, small-room",Bookcases & shelving units; Tables & desks,Eva Lilja Löwenhielm/K Malmvall/E Lilja Löwenhielm,https://www.ikea.com/sa/en/p/galant-storage-combination-black-stained-ash-veneer-s39285785/
40291851,"HANVIKEN - Drawer front, 60x26 cm",Cabinets & cupboards,1175,50.0,60,,closed storage that hides clutter and keeps rooms tidy,"storage, office, small-room",Bookcases & shelving units; Tables & desks,Marcus Arvonen,https://www.ikea.com/sa/en/p/hanviken-drawer-front-white-40291851/
79285302,"GALANT - Storage combination w sliding doors, 160x200 cm",Cabinets & cupboards,76140,3240.0,60,,closed storage that hides clutter and keeps rooms tidy,"storage, office, small-room",Bookcases & shelving units; Tables & desks,K Malmvall/E Lilja Löwenhielm,https://www.ikea.com/sa/en/p/galant-storage-combination-w-sliding-doors-white-s79285302/
60428990,"NORRÅKER - Bench, 103 cm",Cafe furniture,6932,295.0,24,,compact tables and chairs for cafes and small dining spaces,"cafe, dining, small-room",Cafe furniture; Chairs,J Karlsson/N Karlsson,https://www.ikea.com/sa/en/p/norraker-bench-birch-60428990/
428974,"NORRÅKER - Stool, 45 cm",Cafe furniture,3408,145.0,24,,compact tables and chairs for cafes and small dining spaces,"cafe, dining, small-room",Cafe furniture; Chairs,J Karlsson/N Karlsson,https://www.ikea.com/sa/en/p/norraker-stool-birch-00428974/
30428982,"NORRÅKER - Table, 125x74 cm",Cafe furniture,14006,596.0,24,,compact tables and chairs for cafes and small dining spaces,"cafe, dining, small-room",Cafe furniture; Chairs,J Karlsson/N Karlsson,https://www.ikea.com/sa/en/p/norraker-table-birch-30428982/
89323921,"STENSELE - Table, 70x70 cm",Cafe furniture,10575,450.0,24,,compact tables and chairs for cafes and small dining spaces,"cafe, dining, small-room",Cafe furniture; Chairs,Maja Ganszyniec,https://www.ikea.com/sa/en/p/stensele-table-anthracite-anthracite-s89323921/
49288236,"STENSELE - Table, 70 cm",Cafe furniture,10575,450.0,24,,compact tables and chairs for cafes and small dining spaces,"cafe, dining, small-room",Cafe furniture; Chairs,Maja Ganszyniec,https://www.ikea.com/sa/en/p/stensele-table-light-grey-light-grey-s49288236/
90428984,"NORRÅKER - Table, 74x74 cm",Cafe furniture,9282,395.0,24,,compact tables and chairs for cafes and small dining spaces,"cafe, dining, small-room",Cafe furniture; Chairs,J Karlsson/N Karlsson,https://www.ikea.com/sa/en/p/norraker-table-birch-90428984/
40429014,"NORRÅKER - Bar table, 74x74 cm",Cafe furniture,11186,476.0,24,,compact tables and chairs for cafes and small dining spaces,"cafe, dining, small-room",Cafe furniture; Chairs,J Karlsson/N Karlsson,https://www.ikea.com/sa/en/p/norraker-bar-table-birch-40429014/
19304209,LEIFARNE - Chair with armrests,Cafe furniture,6462,275.0,24,,compact tables and chairs for cafes and small dining spaces,"cafe, dining, small-room",Cafe furniture; Chairs,Mia Lagerman,https://www.ikea.com/sa/en/p/leifarne-chair-with-armrests-dark-yellow-dietmar-chrome-plated-s19304209/
39297156,STENSELE / RÖNNINGE - Table and 2 chairs,Cafe furniture,26790,1140.0,24,,compact tables and chairs for cafes and small dining spaces,"cafe, dining, small-room",Cafe furniture; Chairs,Maja Ganszyniec,https://www.ikea.com/sa/en/p/stensele-roenninge-table-and-2-chairs-anthracite-anthracite-green-s39297156/
60246080,JANINGE - Chair,Cafe furniture,4230,180.0,24,,compact tables and chairs for cafes and small dining spaces,"cafe, dining, small-room",Cafe furniture; Chairs,John/Jonas/Petrus/Paul/Caroline,https://www.ikea.com/sa/en/p/janinge-chair-yellow-60246080/
10422504,RÖNNINGE - Chair,Cafe furniture,8108,345.0,24,,compact tables and chairs for cafes and small dining spaces,"cafe, dining, small-room",Cafe furniture; Chairs,Maja Ganszyniec,https://www.ikea.com/sa/en/p/roenninge-chair-birch-10422504/
417635,YNGVAR - Chair,Cafe furniture,9376,399.0,24,,compact tables and chairs for cafes and small dining spaces,"cafe, dining, small-room",Cafe furniture; Chairs,IKEA of Sweden,https://www.ikea.com/sa/en/p/yngvar-chair-red-00417635/
9297129,"STENSELE / RÖNNINGE - Table and 2 chairs, 70 cm",Cafe furniture,26790,1140.0,24,,compact tables and chairs for cafes and small dining spaces,"cafe, dining, small-room",Cafe furniture; Chairs,Maja Ganszyniec,https://www.ikea.com/sa/en/p/stensele-roenninge-table-and-2-chairs-light-grey-light-grey-birch-s09297129/
246078,JANINGE - Chair,Cafe furniture,5288,225.0,24,,compact tables and chairs for cafes and small dining spaces,"cafe, dining, small-room",Cafe furniture; Chairs,John/Jonas/Petrus/Paul/Caroline,https://www.ikea.com/sa/en/p/janinge-chair-white-00246078/
49259743,SVENBERTIL - Chair with armrests,Cafe furniture,6462,275.0,24,,compact tables and chairs for cafes and small dining spaces,"cafe, dining, small-room",Cafe furniture; Chairs,Mia Lagerman,https://www.ikea.com/sa/en/p/svenbertil-chair-with-armrests-white-dietmar-white-s49259743/
80417636,YNGVAR - Chair,Cafe furniture,9282,395.0,24,,compact tables and chairs for cafes and small dining spaces,"cafe, dining, small-room",Cafe furniture; Chairs,IKEA of Sweden,https://www.ikea.com/sa/en/p/yngvar-chair-anthracite-80417636/
59259752,LEIFARNE - Chair with armrests,Cafe furniture,6462,275.0,24,,compact tables and chairs for cafes and small dining spaces,"cafe, dining, small-room",Cafe furniture; Chairs,Mia Lagerman,https://www.ikea.com/sa/en/p/leifarne-chair-with-armrests-white-dietmar-white-s59259752/
80280515,JANINGE - Chair with armrests,Cafe furniture,5288,225.0,24,,compact tables and chairs for cafes and small dining spaces,"cafe, dining, small-room",Cafe furniture; Chairs,John/Jonas/Petrus/Paul/Caroline,https://www.ikea.com/sa/en/p/janinge-chair-with-armrests-white-80280515/
49011766,"MELLTORP / ADDE - Table and 2 chairs, 75 cm",Chairs,4206,179.0,60,,a supportive seat that keeps you comfortable while sitting,"long-hours, back-pain, dining, home-office",Tables & desks; Cafe furniture,Lisa Norinder/Marcus Arvonen,https://www.ikea.com/sa/en/p/melltorp-adde-table-and-2-chairs-white-s49011766/
10209202,"MALINDA - Chair cushion, 40/35x38x7 cm",Chairs,588,25.0,60,,a supportive seat that keeps you comfortable while sitting,"long-hours, back-pain, dining, home-office",Tables & desks; Cafe furniture,IKEA of Sweden,https://www.ikea.com/sa/en/p/malinda-chair-cushion-light-beige-10209202/
40455649,BINGSTA - Armchair,Chairs,13982,595.0,60,,a supportive seat that keeps you comfortable while sitting,"long-hours, back-pain, dining, home-office",Tables & desks; Cafe furniture,Elizabet Gutierrez,https://www.ikea.com/sa/en/p/bingsta-armchair-vissle-dark-yellow-kabusa-dark-yellow-40455649/
40472861,SKRUVSTA - Swivel chair,Chairs,12808,545.0,60,,a supportive seat that keeps you comfortable while sitting,"long-hours, back-pain, dining, home-office",Tables & desks; Cafe furniture,"404.728.61 Height adjustable armchair which you can swivel to the desired height.Slim lines, easy to place.You sit comfortably since the chair is adjustable in height.The safety castors have a pressure-sensitive brake mechanism that keeps the chair in place when you stand up, and releases automatically when you sit down.This product has been developed and tested for domestic use.",https://www.ikea.com/sa/en/p/skruvsta-swivel-chair-lingbo-multicolour-40472861/
79331865,LOBERGET / BLYSKÄR - Swivel chair,Chairs,3642,155.0,60,,a supportive seat that keeps you comfortable while sitting,"long-hours, back-pain, dining, home-office",Tables & desks; Cafe furniture,IKEA of Sweden/Carl Öjerstam,https://www.ikea.com/sa/en/p/loberget-blyskaer-swivel-chair-white-s79331865/
20456956,STRANDMON - Wing chair,Chairs,23382,995.0,60,,a supportive seat that keeps you comfortable while sitting,"long-hours, back-pain, dining, home-office",Tables & desks; Cafe furniture,IKEA of Sweden,https://www.ikea.com/sa/en/p/strandmon-wing-chair-vibberbo-black-beige-20456956/
20339420,RENBERGET - Swivel chair,Chairs,4112,175.0,60,,a supportive seat that keeps you comfortable while sitting,"long-hours, back-pain, dining, home-office",Tables & desks; Cafe furniture,IKEA of Sweden,https://www.ikea.com/sa/en/p/renberget-swivel-chair-bomstad-black-20339420/
79046260,SNILLE - Swivel chair,Chairs,2938,125.0,60,,a supportive seat that keeps you comfortable while sitting,"long-hours, back-pain, dining, home-office",Tables & desks; Cafe furniture,IKEA of Sweden,https://www.ikea.com/sa/en/p/snille-swivel-chair-white-s79046260/
50078464,PELLO - Armchair,Chairs,4582,195.0,60,,a supportive seat that keeps you comfortable while sitting,"long-hours, back-pain, dining, home-office",Tables & desks; Cafe furniture,IKEA of Sweden,https://www.ikea.com/sa/en/p/pello-armchair-holmby-natural-50078464/
90339412,MILLBERGET - Swivel chair,Chairs,8225,350.0,60,,a supportive seat that keeps you comfortable while sitting,"long-hours, back-pain, dining, home-office",Tables & desks; Cafe furniture,Ola Wihlborg,https://www.ikea.com/sa/en/p/millberget-swivel-chair-bomstad-black-90339412/
9221016,FANBYN - Chair with armrests,Chairs,6932,295.0,60,,a supportive seat that keeps you comfortable while sitting,"long-hours, back-pain, dining, home-office",Tables & desks; Cafe furniture,092.210.16 You sit comfortably thanks to the shaped back and armrests.Suitable for both indoor and outdoor use.,https://www.ikea.com/sa/en/p/fanbyn-chair-with-armrests-s09221016/
29208194,FLINTAN / NOMINELL - Office chair with armrests,Chairs,8695,370.0,60,,a supportive seat that keeps you comfortable while sitting,"long-hours, back-pain, dining, home-office",Tables & desks; Cafe furniture,Henrik Preutz/Olle Lundberg,https://www.ikea.com/sa/en/p/flintan-nominell-office-chair-with-armrests-black-s29208194/
59297184,EKOLSUND - Recliner,Chairs,32782,1395.0,60,,a supportive seat that keeps you comfortable while sitting,"long-hours, back-pain, dining, home-office",Tables & desks; Cafe furniture,Anna Palleschitz,https://www.ikea.com/sa/en/p/ekolsund-recliner-gunnared-light-brown-pink-s59297184/
50434312,NILSOVE - Chair with armrests,Chairs,9282,395.0,60,,a supportive seat that keeps you comfortable while sitting,"long-hours, back-pain, dining, home-office",Tables & desks; Cafe furniture,A Fredriksson/J Hultqvist/W Chong,https://www.ikea.com/sa/en/p/nilsove-chair-with-armrests-rattan-white-50434312/
50058376,AGEN - Chair,Chairs,5758,245.0,60,,a supportive seat that keeps you comfortable while sitting,"long-hours, back-pain, dining, home-office",Tables & desks; Cafe furniture,500.583.76 Rattan is a natural material which ages beautifully and develops its own unique character over time.Handwoven; each piece of furniture is unique.Stackable chair; saves space when not in use.Plastic feet; protect the furniture if in contact with a moist surface.May be completed with NORNA chair pad for enhanced seating comfort.,https://www.ikea.com/sa/en/p/agen-chair-rattan-bamboo-50058376/
10219178,ADDE - Chair,Chairs,940,40.0,60,,a supportive seat that keeps you comfortable while sitting,"long-hours, back-pain, dining, home-office",Tables & desks; Cafe furniture,Marcus Arvonen,https://www.ikea.com/sa/en/p/adde-chair-white-10219178/
69023612,SKÅLBERG / SPORREN - Swivel chair,Chairs,4465,190.0,60,,a supportive seat that keeps you comfortable while sitting,"long-hours, back-pain, dining, home-office",Tables & desks; Cafe furniture,IKEA of Sweden/Carl Öjerstam,https://www.ikea.com/sa/en/p/skalberg-sporren-swivel-chair-white-s69023612/
90184047,MARIUS - Stool,Chairs,588,25.0,60,,a supportive seat that keeps you comfortable while sitting,"long-hours, back-pain, dining, home-office",Tables & desks; Cafe furniture,Ola Wihlborg,https://www.ikea.com/sa/en/p/marius-stool-white-90184047/
20292776,MOLTE - Desk chair,Chairs,1622,69.0,60,,a supportive seat that keeps you comfortable while sitting,"long-hours, back-pain, dining, home-office",Tables & desks; Cafe furniture,Lycke von Schantz,https://www.ikea.com/sa/en/p/molte-desk-chair-grey-20292776/
60217799,GUNDE - Folding chair,Chairs,705,30.0,60,,a supportive seat that keeps you comfortable while sitting,"long-hours, back-pain, dining, home-office",Tables & desks; Cafe furniture,K Hagberg/M Hagberg,https://www.ikea.com/sa/en/p/gunde-folding-chair-white-60217799/
70441769,ÖRFJÄLL - Children's desk chair,Chairs,4582,195.0,60,,a supportive seat that keeps you comfortable while sitting,"long-hours, back-pain, dining, home-office",Tables & desks; Cafe furniture,S Holmbäck/U Nordentoft,https://www.ikea.com/sa/en/p/oerfjaell-childrens-desk-chair-white-vissle-pink-70441769/
10233532,NOLMYRA - Easy chair,Chairs,4112,175.0,60,,a supportive seat that keeps you comfortable while sitting,"long-hours, back-pain, dining, home-office",Tables & desks; Cafe furniture,Jooyeon Lee,https://www.ikea.com/sa/en/p/nolmyra-easy-chair-birch-veneer-grey-10233532/
9252786,LÅNGFJÄLL - Office chair with armrests,Chairs,16332,695.0,60,,a supportive seat that keeps you comfortable while sitting,"long-hours, back-pain, dining, home-office",Tables & desks; Cafe furniture,Eva Lilja Löwenhielm,https://www.ikea.com/sa/en/p/langfjaell-office-chair-with-armrests-gunnared-light-brown-pink-white-s09252786/
70392542,STRANDMON - Children's armchair,Chairs,11632,495.0,60,,a supportive seat that keeps you comfortable while sitting,"long-hours, back-pain, dining, home-office",Tables & desks; Cafe furniture,IKEA of Sweden,https://www.ikea.com/sa/en/p/strandmon-childrens-armchair-vissle-grey-70392542/
90320097,GRÖNADAL - Rocking-chair,Chairs,18682,795.0,60,,a supportive seat that keeps you comfortable while sitting,"long-hours, back-pain, dining, home-office",Tables & desks; Cafe furniture,Lisa Hilland,https://www.ikea.com/sa/en/p/groenadal-rocking-chair-grey-natural-90320097/
70103250,INGOLF - Chair,Chairs,4582,195.0,60,,a supportive seat that keeps you comfortable while sitting,"long-hours, back-pain, dining, home-office",Tables & desks; Cafe furniture,Carina Bengs,https://www.ikea.com/sa/en/p/ingolf-chair-white-70103250/
50341025,KARLJAN - Chair,Chairs,2938,125.0,60,,a supportive seat that keeps you comfortable while sitting,"long-hours, back-pain, dining, home-office",Tables & desks; Cafe furniture,Francis Cayouette,https://www.ikea.com/sa/en/p/karljan-chair-dark-grey-kabusa-dark-grey-50341025/
60308676,BLECKBERGET - Swivel chair,Chairs,5875,250.0,60,,a supportive seat that keeps you comfortable while sitting,"long-hours, back-pain, dining, home-office",Tables & desks; Cafe furniture,Francis Cayouette,https://www.ikea.com/sa/en/p/bleckberget-swivel-chair-idekulla-beige-60308676/
60344759,REMSTA - Armchair,Chairs,18682,795.0,60,,a supportive seat that keeps you comfortable while sitting,"long-hours, back-pain, dining, home-office",Tables & desks; Cafe furniture,IKEA of Sweden,https://www.ikea.com/sa/en/p/remsta-armchair-djuparp-dark-green-blue-green-blue-60344759/
39129342,STOCKSUND - Bench,Chairs,23382,995.0,60,,a supportive seat that keeps you comfortable while sitting,"long-hours, back-pain, dining, home-office",Tables & desks; Cafe furniture,Nike Karlsson,https://www.ikea.com/sa/en/p/stocksund-bench-ljungen-blue-black-wood-s39129342/
152282,INGOLF - Stool,Chairs,4112,175.0,60,,a supportive seat that keeps you comfortable while sitting,"long-hours, back-pain, dining, home-office",Tables & desks; Cafe furniture,Carina Bengs,https://www.ikea.com/sa/en/p/ingolf-stool-white-00152282/
20336836,FLINTAN - Office chair,Chairs,5758,245.0,60,,a supportive seat that keeps you comfortable while sitting,"long-hours, back-pain, dining, home-office",Tables & desks; Cafe furniture,Henrik Preutz,https://www.ikea.com/sa/en/p/flintan-office-chair-vissle-grey-20336836/
50039552,IKEA PS GULLHOLMEN - Rocking-chair,Chairs,6932,295.0,60,,a supportive seat that keeps you comfortable while sitting,"long-hours, back-pain, dining, home-office",Tables & desks; Cafe furniture,Maria Vinka,https://www.ikea.com/sa/en/p/ikea-ps-gullholmen-rocking-chair-banana-fibre-50039552/
70261150,MARKUS - Office chair,Chairs,18682,795.0,60,,a supportive seat that keeps you comfortable while sitting,"long-hours, back-pain, dining, home-office",Tables & desks; Cafe furniture,Henrik Preutz,https://www.ikea.com/sa/en/p/markus-office-chair-vissle-dark-grey-70261150/
60178887,"BEKVÄM - Step stool, 50 cm",Chairs,1386,59.0,60,,a supportive seat that keeps you comfortable while sitting,"long-hours, back-pain, dining, home-office",Tables & desks; Cafe furniture,Nike Karlsson,https://www.ikea.com/sa/en/p/bekvaem-step-stool-beech-60178887/
99014376,"MELLTORP / ADDE - Table and 4 chairs, 125 cm",Chairs,8436,359.0,60,,a supportive seat that keeps you comfortable while sitting,"long-hours, back-pain, dining, home-office",Tables & desks; Cafe furniture,Marcus Arvonen/Lisa Norinder,https://www.ikea.com/sa/en/p/melltorp-adde-table-and-4-chairs-white-s99014376/
90435324,TOSSBERG - Chair,Chairs,11632,495.0,60,,a supportive seat that keeps you comfortable while sitting,"long-hours, back-pain, dining, home-office",Tables & desks; Cafe furniture,IKEA of Sweden,https://www.ikea.com/sa/en/p/tossberg-chair-metal-black-grey-90435324/
50463502,SAKARIAS - Stool cover,Chairs,1175,50.0,60,,a supportive seat that keeps you comfortable while sitting,"long-hours, back-pain, dining, home-office",Tables & desks; Cafe furniture,IKEA of Sweden,https://www.ikea.com/sa/en/p/sakarias-stool-cover-sporda-dark-grey-50463502/
60416925,KYRRE - Stool,Chairs,1410,60.0,60,,a supportive seat that keeps you comfortable while sitting,"long-hours, back-pain, dining, home-office",Tables & desks; Cafe furniture,C Styrbjörn/M Axelsson,https://www.ikea.com/sa/en/p/kyrre-stool-birch-60416925/
90350937,TEODORES - Chair,Chairs,2232,95.0,60,,a supportive seat that keeps you comfortable while sitting,"long-hours, back-pain, dining, home-office",Tables & desks; Cafe furniture,David Wahl,https://www.ikea.com/sa/en/p/teodores-chair-white-90350937/
79299016,BUSKBO - Armchair,Chairs,15862,675.0,60,,a supportive seat that keeps you comfortable while sitting,"long-hours, back-pain, dining, home-office",Tables & desks; Cafe furniture,IKEA of Sweden/A Fredriksson/J Hultqvist/W Chong,https://www.ikea.com/sa/en/p/buskbo-armchair-rattan-djupvik-white-s79299016/
90342688,JOKKMOKK - Chair,Chairs,1861,79.2,60,,a supportive seat that keeps you comfortable while sitting,"long-hours, back-pain, dining, home-office",Tables & desks; Cafe furniture,Carina Bengs,https://www.ikea.com/sa/en/p/jokkmokk-chair-antique-stain-90342688/
49228474,FANBYN - Chair,Chairs,6462,275.0,60,,a supportive seat that keeps you comfortable while sitting,"long-hours, back-pain, dining, home-office",Tables & desks; Cafe furniture,492.284.74 Suitable for both indoor and outdoor use.You sit comfortably thanks to the chair's shaped back and seat.,https://www.ikea.com/sa/en/p/fanbyn-chair-s49228474/
29301700,LEIFARNE - Swivel chair,Chairs,7285,310.0,60,,a supportive seat that keeps you comfortable while sitting,"long-hours, back-pain, dining, home-office",Tables & desks; Cafe furniture,Mia Lagerman,https://www.ikea.com/sa/en/p/leifarne-swivel-chair-dark-yellow-balsberget-white-s29301700/
70308685,ODGER - Swivel chair,Chairs,9282,395.0,60,,a supportive seat that keeps you comfortable while sitting,"long-hours, back-pain, dining, home-office",Tables & desks; Cafe furniture,J Löfgren/J Pettersson,https://www.ikea.com/sa/en/p/odger-swivel-chair-white-beige-70308685/
80349671,TOBIAS - Chair,Chairs,8108,345.0,60,,a supportive seat that keeps you comfortable while sitting,"long-hours, back-pain, dining, home-office",Tables & desks; Cafe furniture,Carl Öjerstam,https://www.ikea.com/sa/en/p/tobias-chair-transparent-chrome-plated-80349671/
29272712,TULLSTA - Armchair,Chairs,12808,545.0,60,,a supportive seat that keeps you comfortable while sitting,"long-hours, back-pain, dining, home-office",Tables & desks; Cafe furniture,IKEA of Sweden,https://www.ikea.com/sa/en/p/tullsta-armchair-lofallet-beige-s29272712/
10441786,ÖRFJÄLL - Children's desk chair,Chairs,4582,195.0,60,,a supportive seat that keeps you comfortable while sitting,"long-hours, back-pain, dining, home-office",Tables & desks; Cafe furniture,S Holmbäck/U Nordentoft,https://www.ikea.com/sa/en/p/oerfjaell-childrens-desk-chair-white-vissle-dark-grey-10441786/
40423578,VEDBO - Armchair,Chairs,22912,975.0,60,,a supportive seat that keeps you comfortable while sitting,"long-hours, back-pain, dining, home-office",Tables & desks; Cafe furniture,Francis Cayouette,https://www.ikea.com/sa/en/p/vedbo-armchair-gunnared-light-brown-pink-40423578/
60105829,HARRY - Chair,Chairs,4676,199.0,60,,a supportive seat that keeps you comfortable while sitting,"long-hours, back-pain, dining, home-office",Tables & desks; Cafe furniture,IKEA of Sweden,https://www.ikea.com/sa/en/p/harry-chair-birch-blekinge-white-60105829/
10407136,IKEA PS LÖMSK - Swivel armchair,Chairs,8108,345.0,60,,a supportive seat that keeps you comfortable while sitting,"long-hours, back-pain, dining, home-office",Tables & desks; Cafe furniture,Monika Mulder,https://www.ikea.com/sa/en/p/ikea-ps-loemsk-swivel-armchair-white-red-10407136/
59337670,LOBERGET / SIBBEN - Children's desk chair,Chairs,2232,95.0,60,,a supportive seat that keeps you comfortable while sitting,"long-hours, back-pain, dining, home-office",Tables & desks; Cafe furniture,593.376.70 Height adjustable children's desk chair which you can swivel to the desired height.You sit comfortably since the chair is adjustable in height.May be completed with KOLON floor protector.This product has been tested for domestic use.Recommended for ages 7 – 12 years.,https://www.ikea.com/sa/en/p/loberget-sibben-childrens-desk-chair-white-s59337670/
60441779,ÖRFJÄLL - Children's desk chair,Chairs,4582,195.0,60,,a supportive seat that keeps you comfortable while sitting,"long-hours, back-pain, dining, home-office",Tables & desks; Cafe furniture,S Holmbäck/U Nordentoft,https://www.ikea.com/sa/en/p/oerfjaell-childrens-desk-chair-white-vissle-blue-green-60441779/
90116553,POÄNG - Children's armchair,Chairs,4206,179.0,60,,a supportive seat that keeps you comfortable while sitting,"long-hours, back-pain, dining, home-office",Tables & desks; Cafe furniture,Noboru Nakamura,https://www.ikea.com/sa/en/p/poaeng-childrens-armchair-birch-veneer-almas-natural-90116553/
50211104,JOKKMOKK - Table and 4 chairs,Chairs,12902,549.0,60,,a supportive seat that keeps you comfortable while sitting,"long-hours, back-pain, dining, home-office",Tables & desks; Cafe furniture,Carina Bengs,https://www.ikea.com/sa/en/p/jokkmokk-table-and-4-chairs-antique-stain-50211104/
10135659,MARIUS - Stool,Chairs,588,25.0,60,,a supportive seat that keeps you comfortable while sitting,"long-hours, back-pain, dining, home-office",Tables & desks; Cafe furniture,Ola Wihlborg,https://www.ikea.com/sa/en/p/marius-stool-black-10135659/
39201026,POÄNG - Rocking-chair,Chairs,18565,790.0,60,,a supportive seat that keeps you comfortable while sitting,"long-hours, back-pain, dining, home-office",Tables & desks; Cafe furniture,Noboru Nakamura,https://www.ikea.com/sa/en/p/poaeng-rocking-chair-birch-veneer-hillared-anthracite-s39201026/
59127808,LEIFARNE - Chair,Chairs,5758,245.0,60,,a supportive seat that keeps you comfortable while sitting,"long-hours, back-pain, dining, home-office",Tables & desks; Cafe furniture,Mia Lagerman,https://www.ikea.com/sa/en/p/leifarne-chair-white-ernfrid-birch-s59127808/
40202746,"MALINDA - Chair cushion, 40/35x38x7 cm",Chairs,588,25.0,60,,a supportive seat that keeps you comfortable while sitting,"long-hours, back-pain, dining, home-office",Tables & desks; Cafe furniture,IKEA of Sweden,https://www.ikea.com/sa/en/p/malinda-chair-cushion-red-40202746/
29151296,SÖDERHAMN - Chaise longue,Chairs,25850,1100.0,60,,a supportive seat that keeps you comfortable while sitting,"long-hours, back-pain, dining, home-office",Tables & desks; Cafe furniture,Ola Wihlborg,https://www.ikea.com/sa/en/p/soederhamn-chaise-longue-samsta-light-pink-s29151296/
10334753,"MACKAPÄR - Bench with storage compartments, 100x51 cm",Chairs,6932,295.0,60,,a supportive seat that keeps you comfortable while sitting,"long-hours, back-pain, dining, home-office",Tables & desks; Cafe furniture,Eva Lilja Löwenhielm,https://www.ikea.com/sa/en/p/mackapaer-bench-with-storage-compartments-white-10334753/
19304006,NILSOVE / NORNA - Chair with chair pad,Chairs,9964,424.0,60,,a supportive seat that keeps you comfortable while sitting,"long-hours, back-pain, dining, home-office",Tables & desks; Cafe furniture,A Fredriksson/J Hultqvist/W Chong,https://www.ikea.com/sa/en/p/nilsove-norna-chair-with-chair-pad-rattan-white-laila-natural-s19304006/
40419982,ALEFJÄLL - Office chair,Chairs,30432,1295.0,60,,a supportive seat that keeps you comfortable while sitting,"long-hours, back-pain, dining, home-office",Tables & desks; Cafe furniture,"404.199.82 The leather ages beautifully and acquires a nice patina over time.10 year guarantee. Read about the terms in the guarantee brochure.The safety castors have a pressure-sensitive brake mechanism that keeps the chair in place when you stand up, and releases automatically when you sit down.Seat and backrest are adjustable in height and give you maximum support regardless of your body height.You get good support for your thighs and back since the seat depth is adjustable.You can lean back with perfect balance, as the tilt tension mechanism automatically adjusts the resistance to suit your weight and movements. This chair has been tested for office use and meets the requirements for durability and stability set forth in the following standards: EN 1335 and ANSI/BIFMA x5.1.",https://www.ikea.com/sa/en/p/alefjaell-office-chair-grann-golden-brown-40419982/
79129081,EKTORP - Armchair,Chairs,15862,675.0,60,,a supportive seat that keeps you comfortable while sitting,"long-hours, back-pain, dining, home-office",Tables & desks; Cafe furniture,IKEA of Sweden,https://www.ikea.com/sa/en/p/ektorp-armchair-lofallet-beige-s79129081/
49304199,LEIFARNE - Chair,Chairs,4582,195.0,60,,a supportive seat that keeps you comfortable while sitting,"long-hours, back-pain, dining, home-office",Tables & desks; Cafe furniture,Mia Lagerman,https://www.ikea.com/sa/en/p/leifarne-chair-dark-yellow-mosaic-patterned-white-broringe-white-s49304199/
211088,STEFAN - Chair,Chairs,1998,85.0,60,,a supportive seat that keeps you comfortable while sitting,"long-hours, back-pain, dining, home-office",Tables & desks; Cafe furniture,IKEA of Sweden,https://www.ikea.com/sa/en/p/stefan-chair-brown-black-00211088/
50364149,ODGER - Chair,Chairs,4160,177.0,60,,a supportive seat that keeps you comfortable while sitting,"long-hours, back-pain, dining, home-office",Tables & desks; Cafe furniture,J Löfgren/J Pettersson,https://www.ikea.com/sa/en/p/odger-chair-brown-50364149/
217797,GUNDE - Folding chair,Chairs,705,30.0,60,,a supportive seat that keeps you comfortable while sitting,"long-hours, back-pain, dining, home-office",Tables & desks; Cafe furniture,K Hagberg/M Hagberg,https://www.ikea.com/sa/en/p/gunde-folding-chair-black-00217797/
30115066,NISSE - Folding chair,Chairs,1152,49.0,60,,a supportive seat that keeps you comfortable while sitting,"long-hours, back-pain, dining, home-office",Tables & desks; Cafe furniture,"301.150.66 You sit comfortably thanks to the chair's shaped back and seat.You can hang the chair on a hook on the wall to save space.You can fold the chair, so it takes less space when you're not using it.The chair is available in different colours – choose your favourite or mix.This chair has been tested for home use and meets the requirements for durability and safety, set forth in the following standards: EN 12520 and EN 1022.",https://www.ikea.com/sa/en/p/nisse-folding-chair-black-30115066/
10331014,"MALINDA - Chair cushion, 40/35x38x7 cm",Chairs,588,25.0,60,,a supportive seat that keeps you comfortable while sitting,"long-hours, back-pain, dining, home-office",Tables & desks; Cafe furniture,103.310.14 Hook and loop fasteners keep the chair cushion in place.The chair cushion has two identical sides so it can be turned over for even wear.Easy to keep clean since it is machine washable.,https://www.ikea.com/sa/en/p/malinda-chair-cushion-grey-10331014/
30449748,ANTILOP - Supporting cushion,Chairs,376,16.0,60,,a supportive seat that keeps you comfortable while sitting,"long-hours, back-pain, dining, home-office",Tables & desks; Cafe furniture,S Edholm/L Ullenius,https://www.ikea.com/sa/en/p/antilop-supporting-cushion-white-30449748/
262879,EKERÖ - Armchair,Chairs,16332,695.0,60,,a supportive seat that keeps you comfortable while sitting,"long-hours, back-pain, dining, home-office",Tables & desks; Cafe furniture,Eva Lilja Löwenhielm,https://www.ikea.com/sa/en/p/ekeroe-armchair-skiftebo-yellow-00262879/
49252119,HATTEFJÄLL - Office chair with armrests,Chairs,30432,1295.0,60,,a supportive seat that keeps you comfortable while sitting,"long-hours, back-pain, dining, home-office",Tables & desks; Cafe furniture,Monika Mulder,https://www.ikea.com/sa/en/p/hattefjaell-office-chair-with-armrests-gunnared-beige-white-s49252119/
90211531,BÖRJE - Chair,Chairs,4112,175.0,60,,a supportive seat that keeps you comfortable while sitting,"long-hours, back-pain, dining, home-office",Tables & desks; Cafe furniture,IKEA of Sweden,https://www.ikea.com/sa/en/p/boerje-chair-white-kungsvik-sand-90211531/
40240989,DAGOTTO - Foot-rest,Chairs,1622,69.0,60,,a supportive seat that keeps you comfortable while sitting,"long-hours, back-pain, dining, home-office",Tables & desks; Cafe furniture,"402.409.89 This foot-rest helps you sit in a good working position at your desk and reduces strain on your legs, back and neck.It’s easy to tilt and adjust the platform to a comfortable angle just by applying pressure with your foot.Your feet stay in place when the platform is tilted because it has a non-slip textured surface.Rubber feet underneath keep the foot-rest firmly in place on the floor and protect sensitive surfaces.",https://www.ikea.com/sa/en/p/dagotto-foot-rest-black-40240989/
99275627,JÄRVFJÄLLET - Office chair with armrests,Chairs,22208,945.0,60,,a supportive seat that keeps you comfortable while sitting,"long-hours, back-pain, dining, home-office",Tables & desks; Cafe furniture,Eva Lilja Löwenhielm,https://www.ikea.com/sa/en/p/jaervfjaellet-office-chair-with-armrests-gunnared-blue-black-s99275627/
80443904,KARLJAN - Chair,Chairs,2938,125.0,60,,a supportive seat that keeps you comfortable while sitting,"long-hours, back-pain, dining, home-office",Tables & desks; Cafe furniture,Francis Cayouette,https://www.ikea.com/sa/en/p/karljan-chair-red-kabusa-red-80443904/
50295472,RÅDVIKEN - Armchair,Chairs,15862,675.0,60,,a supportive seat that keeps you comfortable while sitting,"long-hours, back-pain, dining, home-office",Tables & desks; Cafe furniture,Andreas Fredriksson,https://www.ikea.com/sa/en/p/radviken-armchair-dark-brown-black-50295472/
19190340,HENRIKSDAL - Chair,Chairs,6932,295.0,60,,a supportive seat that keeps you comfortable while sitting,"long-hours, back-pain, dining, home-office",Tables & desks; Cafe furniture,IKEA of Sweden,https://www.ikea.com/sa/en/p/henriksdal-chair-white-orrsta-light-grey-s19190340/
89256262,GRÖNLID - Chaise longue,Chairs,44532,1895.0,60,,a supportive seat that keeps you comfortable while sitting,"long-hours, back-pain, dining, home-office",Tables & desks; Cafe furniture,Francis Cayouette,https://www.ikea.com/sa/en/p/groenlid-chaise-longue-ljungen-light-green-s89256262/
9219527,MARTIN - Chair,Chairs,2326,99.0,60,,a supportive seat that keeps you comfortable while sitting,"long-hours, back-pain, dining, home-office",Tables & desks; Cafe furniture,IKEA of Sweden,https://www.ikea.com/sa/en/p/martin-chair-black-black-s09219527/
30396655,"HEMNES - Storage bench w towel rail/4 hooks, 64x37x173 cm",Chairs,11632,495.0,60,,a supportive seat that keeps you comfortable while sitting,"long-hours, back-pain, dining, home-office",Tables & desks; Cafe furniture,T Christensen/K Legaard,https://www.ikea.com/sa/en/p/hemnes-storage-bench-w-towel-rail-4-hooks-white-30396655/
39306288,"LERHAMN - Table and 2 chairs, 74x74 cm",Chairs,13842,589.0,60,,a supportive seat that keeps you comfortable while sitting,"long-hours, back-pain, dining, home-office",Tables & desks; Cafe furniture,Nike Karlsson,https://www.ikea.com/sa/en/p/lerhamn-table-and-2-chairs-light-antique-stain-white-stain-vittaryd-beige-s39306288/
49252398,LÅNGFJÄLL - Office chair,Chairs,13982,595.0,60,,a supportive seat that keeps you comfortable while sitting,"long-hours, back-pain, dining, home-office",Tables & desks; Cafe furniture,Eva Lilja Löwenhielm,https://www.ikea.com/sa/en/p/langfjaell-office-chair-gunnared-light-brown-pink-white-s49252398/
9279026,SAKARIAS - Chair with armrests,Chairs,15158,645.0,60,,a supportive seat that keeps you comfortable while sitting,"long-hours, back-pain, dining, home-office",Tables & desks; Cafe furniture,IKEA of Sweden/E Strandmark,https://www.ikea.com/sa/en/p/sakarias-chair-with-armrests-black-lingbo-multicoloured-dark-s09279026/
10413137,BALTSAR - Chair,Chairs,13982,595.0,60,,a supportive seat that keeps you comfortable while sitting,"long-hours, back-pain, dining, home-office",Tables & desks; Cafe furniture,Carl Öjerstam,https://www.ikea.com/sa/en/p/baltsar-chair-black-blue-brown-10413137/
30141975,BERTIL - Chair pad,Chairs,446,19.0,60,,a supportive seat that keeps you comfortable while sitting,"long-hours, back-pain, dining, home-office",Tables & desks; Cafe furniture,IKEA of Sweden,https://www.ikea.com/sa/en/p/bertil-chair-pad-grey-30141975/
40455654,BINGSTA - High-back armchair,Chairs,16332,695.0,60,,a supportive seat that keeps you comfortable while sitting,"long-hours, back-pain, dining, home-office",Tables & desks; Cafe furniture,Elizabet Gutierrez,https://www.ikea.com/sa/en/p/bingsta-high-back-armchair-vissle-dark-yellow-kabusa-dark-yellow-40455654/
90434310,ULRIKSBERG - Armchair,Chairs,10458,445.0,60,,a supportive seat that keeps you comfortable while sitting,"long-hours, back-pain, dining, home-office",Tables & desks; Cafe furniture,A Fredriksson/J Hultqvist/W Chong,https://www.ikea.com/sa/en/p/ulriksberg-armchair-rattan-anthracite-90434310/
60248418,FÖRSIKTIG - Children's stool,Chairs,352,15.0,60,,a supportive seat that keeps you comfortable while sitting,"long-hours, back-pain, dining, home-office",Tables & desks; Cafe furniture,K Hagberg/M Hagberg,https://www.ikea.com/sa/en/p/foersiktig-childrens-stool-white-green-60248418/
90175000,"JUSTINA - Chair pad, 35/42x40x4.0 cm",Chairs,446,19.0,60,,a supportive seat that keeps you comfortable while sitting,"long-hours, back-pain, dining, home-office",Tables & desks; Cafe furniture,IKEA of Sweden,https://www.ikea.com/sa/en/p/justina-chair-pad-natural-90175000/
79325223,SAKARIAS - Stool,Chairs,5288,225.0,60,,a supportive seat that keeps you comfortable while sitting,"long-hours, back-pain, dining, home-office",Tables & desks; Cafe furniture,IKEA of Sweden/Ebba Strandmark,https://www.ikea.com/sa/en/p/sakarias-stool-black-sporda-dark-grey-s79325223/
99221743,KOARP - Armchair,Chairs,19388,825.0,60,,a supportive seat that keeps you comfortable while sitting,"long-hours, back-pain, dining, home-office",Tables & desks; Cafe furniture,Ehlén Johansson,https://www.ikea.com/sa/en/p/koarp-armchair-orrsta-light-blue-black-s99221743/
20382324,MAMMUT - Children's stool,Chairs,682,29.0,60,,a supportive seat that keeps you comfortable while sitting,"long-hours, back-pain, dining, home-office",Tables & desks; Cafe furniture,M Kjelstrup/A Östgaard,https://www.ikea.com/sa/en/p/mammut-childrens-stool-in-outdoor-yellow-20382324/
79010690,"TÄRENDÖ / ADDE - Table and 4 chairs, 110 cm",Chairs,6698,285.0,60,,a supportive seat that keeps you comfortable while sitting,"long-hours, back-pain, dining, home-office",Tables & desks; Cafe furniture,K Hagberg/M Hagberg/Marcus Arvonen,https://www.ikea.com/sa/en/p/taerendoe-adde-table-and-4-chairs-black-s79010690/
29252549,LÅNGFJÄLL - Conference chair with armrests,Chairs,15158,645.0,60,,a supportive seat that keeps you comfortable while sitting,"long-hours, back-pain, dining, home-office",Tables & desks; Cafe furniture,Eva Lilja Löwenhielm,https://www.ikea.com/sa/en/p/langfjaell-conference-chair-with-armrests-gunnared-beige-white-s29252549/
90309721,NILSERIK - Standing support,Chairs,4582,195.0,60,,a supportive seat that keeps you comfortable while sitting,"long-hours, back-pain, dining, home-office",Tables & desks; Cafe furniture,IKEA of Sweden,https://www.ikea.com/sa/en/p/nilserik-standing-support-white-vissle-grey-90309721/
80265143,"BERTIL - Chair pad, 33 cm",Chairs,268,11.4,60,,a supportive seat that keeps you comfortable while sitting,"long-hours, back-pain, dining, home-office",Tables & desks; Cafe furniture,IKEA of Sweden,https://www.ikea.com/sa/en/p/bertil-chair-pad-black-80265143/
40238712,LILLHÖJDEN - Swivel chair,Chairs,9282,395.0,60,,a supportive seat that keeps you comfortable while sitting,"long-hours, back-pain, dining, home-office",Tables & desks; Cafe furniture,IKEA of Sweden,https://www.ikea.com/sa/en/p/lillhoejden-swivel-chair-blekinge-white-40238712/
80433900,MARKERAD - Chair,Chairs,7684,327.0,60,,a supportive seat that keeps you comfortable while sitting,"long-hours, back-pain, dining, home-office",Tables & desks; Cafe furniture,Virgil Abloh,https://www.ikea.com/sa/en/p/markerad-chair-beech-80433900/
60384335,SAKARIAS - Cover for chair with armrests,Chairs,2232,95.0,60,,a supportive seat that keeps you comfortable while sitting,"long-hours, back-pain, dining, home-office",Tables & desks; Cafe furniture,IKEA of Sweden/E Strandmark,https://www.ikea.com/sa/en/p/sakarias-cover-for-chair-with-armrests-sporda-dark-grey-60384335/
39207716,JULES - Children's desk chair,Chairs,5992,255.0,60,,a supportive seat that keeps you comfortable while sitting,"long-hours, back-pain, dining, home-office",Tables & desks; Cafe furniture,Nicholai Wiig Hansen,https://www.ikea.com/sa/en/p/jules-childrens-desk-chair-white-s39207716/
39337911,POÄNG - Children's armchair,Chairs,4206,179.0,60,,a supportive seat that keeps you comfortable while sitting,"long-hours, back-pain, dining, home-office",Tables & desks; Cafe furniture,Noboru Nakamura,https://www.ikea.com/sa/en/p/poaeng-childrens-armchair-birch-veneer-almas-beige-s39337911/
59197702,SVENBERTIL - Chair,Chairs,5758,245.0,60,,a supportive seat that keeps you comfortable while sitting,"long-hours, back-pain, dining, home-office",Tables & desks; Cafe furniture,Mia Lagerman,https://www.ikea.com/sa/en/p/svenbertil-chair-white-ernfrid-birch-s59197702/
49315937,STOCKSUND - Armchair,Chairs,39832,1695.0,60,,a supportive seat that keeps you comfortable while sitting,"long-hours, back-pain, dining, home-office",Tables & desks; Cafe furniture,Nike Karlsson,https://www.ikea.com/sa/en/p/stocksund-armchair-ljungen-medium-grey-light-brown-wood-s49315937/
410101,"VIPPÄRT - Chair cushion, 38x38x6.5 cm",Chairs,682,29.0,60,,a supportive seat that keeps you comfortable while sitting,"long-hours, back-pain, dining, home-office",Tables & desks; Cafe furniture,IKEA of Sweden,https://www.ikea.com/sa/en/p/vippaert-chair-cushion-beige-00410101/
39303039,ÖRFJÄLL - Swivel chair,Chairs,5288,225.0,60,,a supportive seat that keeps you comfortable while sitting,"long-hours, back-pain, dining, home-office",Tables & desks; Cafe furniture,S Holmbäck/U Nordentoft,https://www.ikea.com/sa/en/p/oerfjaell-swivel-chair-white-vissle-dark-grey-s39303039/
40319398,BENARP - Armchair,Chairs,35132,1495.0,60,,a supportive seat that keeps you comfortable while sitting,"long-hours, back-pain, dining, home-office",Tables & desks; Cafe furniture,403.193.98 The high back gives good support for your neck and head.,https://www.ikea.com/sa/en/p/benarp-armchair-skiftebo-yellow-40319398/
246196,MARIUS - Stool,Chairs,588,25.0,60,,a supportive seat that keeps you comfortable while sitting,"long-hours, back-pain, dining, home-office",Tables & desks; Cafe furniture,Ola Wihlborg,https://www.ikea.com/sa/en/p/marius-stool-red-00246196/
40336595,HENRIKSDAL - Chair cover,Chairs,1175,50.0,60,,a supportive seat that keeps you comfortable while sitting,"long-hours, back-pain, dining, home-office",Tables & desks; Cafe furniture,IKEA of Sweden,https://www.ikea.com/sa/en/p/henriksdal-chair-cover-graesbo-white-40336595/
90412426,NISSE - Folding chair,Chairs,1152,49.0,60,,a supportive seat that keeps you comfortable while sitting,"long-hours, back-pain, dining, home-office",Tables & desks; Cafe furniture,Lisa Norinder,https://www.ikea.com/sa/en/p/nisse-folding-chair-dark-blue-lilac-90412426/
20426276,"SKOGSTORP - Bench, 132 cm",Chairs,18682,795.0,60,,a supportive seat that keeps you comfortable while sitting,"long-hours, back-pain, dining, home-office",Tables & desks; Cafe furniture,"204.262.76 Solid oak is a hardwearing natural material which gives a warm, natural feeling.Wood is a natural living material, and variations in the grain, colour and texture makes each piece of wood furniture unique.Each piece of furniture is unique as it is handmade.For maximum quality, re-tighten the screws when necessary.",https://www.ikea.com/sa/en/p/skogstorp-bench-oak-white-20426276/
80396422,FJÄLLBERGET - Conference chair,Chairs,23382,995.0,60,,a supportive seat that keeps you comfortable while sitting,"long-hours, back-pain, dining, home-office",Tables & desks; Cafe furniture,H Preutz/N Karlsson,https://www.ikea.com/sa/en/p/fjaellberget-conference-chair-white-stained-oak-veneer-gunnared-light-beige-beige-80396422/
29067293,ANTILOP - Highchair with tray,Chairs,2585,110.0,60,,a supportive seat that keeps you comfortable while sitting,"long-hours, back-pain, dining, home-office",Tables & desks; Cafe furniture,IKEA of Sweden,https://www.ikea.com/sa/en/p/antilop-highchair-with-tray-silver-colour-white-silver-colour-s29067293/
60175006,"JUSTINA - Chair pad, 35/42x40x4.0 cm",Chairs,446,19.0,60,,a supportive seat that keeps you comfortable while sitting,"long-hours, back-pain, dining, home-office",Tables & desks; Cafe furniture,IKEA of Sweden,https://www.ikea.com/sa/en/p/justina-chair-pad-grey-60175006/
10424353,VIMUND - Children's desk chair,Chairs,7026,299.0,60,,a supportive seat that keeps you comfortable while sitting,"long-hours, back-pain, dining, home-office",Tables & desks; Cafe furniture,IKEA of Sweden,https://www.ikea.com/sa/en/p/vimund-childrens-desk-chair-light-pink-10424353/
90325518,KULLABERG - Swivel chair,Chairs,5170,220.0,60,,a supportive seat that keeps you comfortable while sitting,"long-hours, back-pain, dining, home-office",Tables & desks; Cafe furniture,Sarah Fager,https://www.ikea.com/sa/en/p/kullaberg-swivel-chair-black-90325518/
89256894,LIDHULT - Armchair,Chairs,42182,1795.0,60,,a supportive seat that keeps you comfortable while sitting,"long-hours, back-pain, dining, home-office",Tables & desks; Cafe furniture,Henrik Preutz,https://www.ikea.com/sa/en/p/lidhult-armchair-lejde-grey-black-s89256894/
90190411,"BEKVÄM - Stepladder, 3 steps, 63 cm",Chairs,3408,145.0,60,,a supportive seat that keeps you comfortable while sitting,"long-hours, back-pain, dining, home-office",Tables & desks; Cafe furniture,IKEA of Sweden,https://www.ikea.com/sa/en/p/bekvaem-stepladder-3-steps-beech-90190411/
80222441,TERJE - Folding chair,Chairs,1856,79.0,60,,a supportive seat that keeps you comfortable while sitting,"long-hours, back-pain, dining, home-office",Tables & desks; Cafe furniture,Lars Norinder,https://www.ikea.com/sa/en/p/terje-folding-chair-white-80222441/
30346986,LANGUR - Padded seat cover for highchair,Chairs,1175,50.0,60,,a supportive seat that keeps you comfortable while sitting,"long-hours, back-pain, dining, home-office",Tables & desks; Cafe furniture,Chenyi Ke,https://www.ikea.com/sa/en/p/langur-padded-seat-cover-for-highchair-yellow-30346986/
10363651,KULLABERG - Stool,Chairs,4112,175.0,60,,a supportive seat that keeps you comfortable while sitting,"long-hours, back-pain, dining, home-office",Tables & desks; Cafe furniture,Sarah Fager,https://www.ikea.com/sa/en/p/kullaberg-stool-pine-black-10363651/
418376,LIDKULLEN - Active sit/stand support,Chairs,8225,350.0,60,,a supportive seat that keeps you comfortable while sitting,"long-hours, back-pain, dining, home-office",Tables & desks; Cafe furniture,E Thomasson/P Süssmann,https://www.ikea.com/sa/en/p/lidkullen-active-sit-stand-support-gunnared-beige-00418376/
29220780,HENRIKSDAL - Chair,Chairs,6932,295.0,60,,a supportive seat that keeps you comfortable while sitting,"long-hours, back-pain, dining, home-office",Tables & desks; Cafe furniture,IKEA of Sweden,https://www.ikea.com/sa/en/p/henriksdal-chair-brown-nolhaga-grey-beige-s29220780/
39261874,LÅNGFJÄLL - Office chair with armrests,Chairs,18682,795.0,60,,a supportive seat that keeps you comfortable while sitting,"long-hours, back-pain, dining, home-office",Tables & desks; Cafe furniture,Eva Lilja Löwenhielm,https://www.ikea.com/sa/en/p/langfjaell-office-chair-with-armrests-gunnared-light-brown-pink-black-s39261874/
39296901,"MELLTORP / TEODORES - Table and 2 chairs, 75x75 cm",Chairs,6792,289.0,60,,a supportive seat that keeps you comfortable while sitting,"long-hours, back-pain, dining, home-office",Tables & desks; Cafe furniture,David Wahl/Lisa Norinder,https://www.ikea.com/sa/en/p/melltorp-teodores-table-and-2-chairs-white-white-s39296901/
59252637,"STUVA / FRITIDS - Bench with toy storage, 90x50x50 cm",Chairs,9282,395.0,60,,a supportive seat that keeps you comfortable while sitting,"long-hours, back-pain, dining, home-office",Tables & desks; Cafe furniture,Ebba Strandmark,https://www.ikea.com/sa/en/p/stuva-fritids-bench-with-toy-storage-white-white-s59252637/
60416572,"SUNNEA - Chair pad, 36x2.5 cm",Chairs,517,22.0,60,,a supportive seat that keeps you comfortable while sitting,"long-hours, back-pain, dining, home-office",Tables & desks; Cafe furniture,IKEA of Sweden,https://www.ikea.com/sa/en/p/sunnea-chair-pad-grey-60416572/
69303066,ÖRFJÄLL - Swivel chair,Chairs,5288,225.0,60,,a supportive seat that keeps you comfortable while sitting,"long-hours, back-pain, dining, home-office",Tables & desks; Cafe furniture,S Holmbäck/U Nordentoft,https://www.ikea.com/sa/en/p/oerfjaell-swivel-chair-white-vissle-purple-s69303066/
276664,EKENÄS - Armchair,Chairs,23382,995.0,60,,a supportive seat that keeps you comfortable while sitting,"long-hours, back-pain, dining, home-office",Tables & desks; Cafe furniture,Ola Wihlborg,https://www.ikea.com/sa/en/p/ekenaes-armchair-hensta-light-brown-00276664/
20259423,LERHAMN - Chair,Chairs,3408,145.0,60,,a supportive seat that keeps you comfortable while sitting,"long-hours, back-pain, dining, home-office",Tables & desks; Cafe furniture,Nike Karlsson,https://www.ikea.com/sa/en/p/lerhamn-chair-light-antique-stain-vittaryd-beige-20259423/
60341015,EKEDALEN - Chair,Chairs,5288,225.0,60,,a supportive seat that keeps you comfortable while sitting,"long-hours, back-pain, dining, home-office",Tables & desks; Cafe furniture,Ehlén Johansson,https://www.ikea.com/sa/en/p/ekedalen-chair-white-orrsta-light-grey-60341015/
70451640,LEIFARNE - Seat shell,Chairs,2350,100.0,60,,a supportive seat that keeps you comfortable while sitting,"long-hours, back-pain, dining, home-office",Tables & desks; Cafe furniture,Mia Lagerman,https://www.ikea.com/sa/en/p/leifarne-seat-shell-dark-yellow-70451640/
60265163,BOLMEN - Step stool,Chairs,517,22.0,60,,a supportive seat that keeps you comfortable while sitting,"long-hours, back-pain, dining, home-office",Tables & desks; Cafe furniture,K Hagberg/M Hagberg,https://www.ikea.com/sa/en/p/bolmen-step-stool-white-60265163/
19241537,POÄNG - Rocking-chair,Chairs,14030,597.0,60,,a supportive seat that keeps you comfortable while sitting,"long-hours, back-pain, dining, home-office",Tables & desks; Cafe furniture,IKEA of Sweden/Noboru Nakamura,https://www.ikea.com/sa/en/p/poaeng-rocking-chair-black-brown-knisa-black-s19241537/
70434311,BUSKBO - Armchair,Chairs,13512,575.0,60,,a supportive seat that keeps you comfortable while sitting,"long-hours, back-pain, dining, home-office",Tables & desks; Cafe furniture,A Fredriksson/J Hultqvist/W Chong,https://www.ikea.com/sa/en/p/buskbo-armchair-rattan-70434311/
79286033,MELLTORP / TEODORES - Table and 4 chairs,Chairs,13606,579.0,60,,a supportive seat that keeps you comfortable while sitting,"long-hours, back-pain, dining, home-office",Tables & desks; Cafe furniture,David Wahl/Lisa Norinder,https://www.ikea.com/sa/en/p/melltorp-teodores-table-and-4-chairs-white-s79286033/
50312909,"BUSSAN - Beanbag, in/outdoor",Chairs,12338,525.0,60,,a supportive seat that keeps you comfortable while sitting,"long-hours, back-pain, dining, home-office",Tables & desks; Cafe furniture,Anna Efverlund,https://www.ikea.com/sa/en/p/bussan-beanbag-in-outdoor-grey-50312909/
39240787,POÄNG - Armchair,Chairs,9988,425.0,60,,a supportive seat that keeps you comfortable while sitting,"long-hours, back-pain, dining, home-office",Tables & desks; Cafe furniture,IKEA of Sweden/Noboru Nakamura,https://www.ikea.com/sa/en/p/poaeng-armchair-birch-veneer-knisa-light-beige-s39240787/
9304196,LEIFARNE - Chair,Chairs,4582,195.0,60,,a supportive seat that keeps you comfortable while sitting,"long-hours, back-pain, dining, home-office",Tables & desks; Cafe furniture,Mia Lagerman,https://www.ikea.com/sa/en/p/leifarne-chair-dark-yellow-broringe-black-s09304196/
39251931,"HAVSTEN - Easy chair, in/outdoor, 83x94x90 cm",Chairs,25262,1075.0,60,,a supportive seat that keeps you comfortable while sitting,"long-hours, back-pain, dining, home-office",Tables & desks; Cafe furniture,Andreas Fredriksson,https://www.ikea.com/sa/en/p/havsten-easy-chair-in-outdoor-beige-s39251931/
59135648,SÖDERHAMN - Armchair,Chairs,33488,1425.0,60,,a supportive seat that keeps you comfortable while sitting,"long-hours, back-pain, dining, home-office",Tables & desks; Cafe furniture,Ola Wihlborg,https://www.ikea.com/sa/en/p/soederhamn-armchair-finnsta-turquoise-s59135648/
10423589,VEDBO - High-back armchair,Chairs,31608,1345.0,60,,a supportive seat that keeps you comfortable while sitting,"long-hours, back-pain, dining, home-office",Tables & desks; Cafe furniture,Francis Cayouette,https://www.ikea.com/sa/en/p/vedbo-high-back-armchair-gunnared-light-brown-pink-10423589/
29297294,"MELLTORP / NILSOVE - Table and 2 chairs, 75x75 cm",Chairs,20892,889.0,60,,a supportive seat that keeps you comfortable while sitting,"long-hours, back-pain, dining, home-office",Tables & desks; Cafe furniture,Lisa Norinder/A Fredriksson/J Hultqvist/W Chong,https://www.ikea.com/sa/en/p/melltorp-nilsove-table-and-2-chairs-white-rattan-white-s29297294/
90451644,LEIFARNE - Seat shell,Chairs,2350,100.0,60,,a supportive seat that keeps you comfortable while sitting,"long-hours, back-pain, dining, home-office",Tables & desks; Cafe furniture,Mia Lagerman,https://www.ikea.com/sa/en/p/leifarne-seat-shell-light-olive-green-90451644/
333122,"MALINDA - Chair cushion, 40/35x38x7 cm",Chairs,588,25.0,60,,a supportive seat that keeps you comfortable while sitting,"long-hours, back-pain, dining, home-office",Tables & desks; Cafe furniture,IKEA of Sweden,https://www.ikea.com/sa/en/p/malinda-chair-cushion-black-00333122/
243800,"HEMNES - Bench with shoe storage, 85x32 cm",Chairs,6932,295.0,60,,a supportive seat that keeps you comfortable while sitting,"long-hours, back-pain, dining, home-office",Tables & desks; Cafe furniture,Carina Bengs,https://www.ikea.com/sa/en/p/hemnes-bench-with-shoe-storage-white-00243800/
40178888,"BEKVÄM - Step stool, 50 cm",Chairs,2326,99.0,60,,a supportive seat that keeps you comfortable while sitting,"long-hours, back-pain, dining, home-office",Tables & desks; Cafe furniture,Nike Karlsson,https://www.ikea.com/sa/en/p/bekvaem-step-stool-white-40178888/
10395807,"VIPPÄRT - Chair cushion, 38x38x6.5 cm",Chairs,682,29.0,60,,a supportive seat that keeps you comfortable while sitting,"long-hours, back-pain, dining, home-office",Tables & desks; Cafe furniture,IKEA of Sweden,https://www.ikea.com/sa/en/p/vippaert-chair-cushion-grey-10395807/
30416578,"SUNNEA - Chair pad, 36.0 cm",Chairs,517,22.0,60,,a supportive seat that keeps you comfortable while sitting,"long-hours, back-pain, dining, home-office",Tables & desks; Cafe furniture,IKEA of Sweden,https://www.ikea.com/sa/en/p/sunnea-chair-pad-lofallet-beige-30416578/
49303034,ÖRFJÄLL - Swivel chair,Chairs,5288,225.0,60,,a supportive seat that keeps you comfortable while sitting,"long-hours, back-pain, dining, home-office",Tables & desks; Cafe furniture,S Holmbäck/U Nordentoft,https://www.ikea.com/sa/en/p/oerfjaell-swivel-chair-white-vissle-blue-s49303034/
89303046,ÖRFJÄLL - Swivel chair,Chairs,5288,225.0,60,,a supportive seat that keeps you comfortable while sitting,"long-hours, back-pain, dining, home-office",Tables & desks; Cafe furniture,S Holmbäck/U Nordentoft,https://www.ikea.com/sa/en/p/oerfjaell-swivel-chair-white-vissle-dark-yellow-s89303046/
141689,HENRIKSDAL - Chair frame,Chairs,5288,225.0,60,,a supportive seat that keeps you comfortable while sitting,"long-hours, back-pain, dining, home-office",Tables & desks; Cafe furniture,IKEA of Sweden,https://www.ikea.com/sa/en/p/henriksdal-chair-frame-white-00141689/
30427341,SVENARNE - Chair with armrests,Chairs,18682,795.0,60,,a supportive seat that keeps you comfortable while sitting,"long-hours, back-pain, dining, home-office",Tables & desks; Cafe furniture,K Hagberg/M Hagberg,https://www.ikea.com/sa/en/p/svenarne-chair-with-armrests-tallmyra-beige-30427341/
60463498,SAKARIAS - Stool frame,Chairs,4112,175.0,60,,a supportive seat that keeps you comfortable while sitting,"long-hours, back-pain, dining, home-office",Tables & desks; Cafe furniture,Ebba Strandmark,https://www.ikea.com/sa/en/p/sakarias-stool-frame-black-60463498/
90363553,JÄRVFJÄLLET - Office chair,Chairs,19858,845.0,60,,a supportive seat that keeps you comfortable while sitting,"long-hours, back-pain, dining, home-office",Tables & desks; Cafe furniture,Eva Lilja Löwenhielm,https://www.ikea.com/sa/en/p/jaervfjaellet-office-chair-glose-black-90363553/
70451635,POÄNG - Children's armchair cushion,Chairs,1058,45.0,60,,a supportive seat that keeps you comfortable while sitting,"long-hours, back-pain, dining, home-office",Tables & desks; Cafe furniture,704.516.35 Easy to keep clean since the cushion can be machine washed.Recommended for ages from 3 years.Children’s armchair frame is sold separately.,https://www.ikea.com/sa/en/p/poaeng-childrens-armchair-cushion-almas-beige-70451635/
99252541,LÅNGFJÄLL - Office chair,Chairs,16332,695.0,60,,a supportive seat that keeps you comfortable while sitting,"long-hours, back-pain, dining, home-office",Tables & desks; Cafe furniture,Eva Lilja Löwenhielm,https://www.ikea.com/sa/en/p/langfjaell-office-chair-gunnared-light-brown-pink-white-s99252541/
385069,FANBYN - Chair frame,Chairs,3525,150.0,60,,a supportive seat that keeps you comfortable while sitting,"long-hours, back-pain, dining, home-office",Tables & desks; Cafe furniture,"003.850.69 For increased stability, re-tighten the screws about two weeks after assembly and when necessary.Complete with FANBYN seat shell.",https://www.ikea.com/sa/en/p/fanbyn-chair-frame-brown-wood-effect-00385069/
29917307,"INGATORP / INGOLF - Table and 4 chairs, 155 cm",Chairs,40538,1725.0,60,,a supportive seat that keeps you comfortable while sitting,"long-hours, back-pain, dining, home-office",Tables & desks; Cafe furniture,Carina Bengs,https://www.ikea.com/sa/en/p/ingatorp-ingolf-table-and-4-chairs-white-s29917307/
60344453,VILTO - Step stool,Chairs,1340,57.0,60,,a supportive seat that keeps you comfortable while sitting,"long-hours, back-pain, dining, home-office",Tables & desks; Cafe furniture,Maja Ganszyniec,https://www.ikea.com/sa/en/p/vilto-step-stool-birch-60344453/
50357785,UTTER - Children's stool,Chairs,588,25.0,60,,a supportive seat that keeps you comfortable while sitting,"long-hours, back-pain, dining, home-office",Tables & desks; Cafe furniture,K Hagberg/M Hagberg,https://www.ikea.com/sa/en/p/utter-childrens-stool-in-outdoor-white-50357785/
99011764,"MELLTORP / MARIUS - Table and 2 stools, 75 cm",Chairs,3502,149.0,60,,a supportive seat that keeps you comfortable while sitting,"long-hours, back-pain, dining, home-office",Tables & desks; Cafe furniture,Ola Wihlborg/Lisa Norinder,https://www.ikea.com/sa/en/p/melltorp-marius-table-and-2-stools-white-black-s99011764/
70463582,SAKARIAS - Cover for chair with armrests,Chairs,2232,95.0,60,,a supportive seat that keeps you comfortable while sitting,"long-hours, back-pain, dining, home-office",Tables & desks; Cafe furniture,IKEA of Sweden,https://www.ikea.com/sa/en/p/sakarias-cover-for-chair-with-armrests-vibberbo-70463582/
40076093,ANTILOP - Highchair tray,Chairs,588,25.0,60,,a supportive seat that keeps you comfortable while sitting,"long-hours, back-pain, dining, home-office",Tables & desks; Cafe furniture,IKEA of Sweden,https://www.ikea.com/sa/en/p/antilop-highchair-tray-white-40076093/
30204798,"DJUPVIK - Cushion, 54x54 cm",Chairs,2350,100.0,60,,a supportive seat that keeps you comfortable while sitting,"long-hours, back-pain, dining, home-office",Tables & desks; Cafe furniture,IKEA of Sweden,https://www.ikea.com/sa/en/p/djupvik-cushion-blekinge-white-30204798/
40416587,"HILLARED - Chair pad, 36x36x3.0 cm",Chairs,822,35.0,60,,a supportive seat that keeps you comfortable while sitting,"long-hours, back-pain, dining, home-office",Tables & desks; Cafe furniture,IKEA of Sweden,https://www.ikea.com/sa/en/p/hillared-chair-pad-anthracite-40416587/
395209,"ODDBJÖRG - Chair pad, 35 cm",Chairs,658,28.0,60,,a supportive seat that keeps you comfortable while sitting,"long-hours, back-pain, dining, home-office",Tables & desks; Cafe furniture,IKEA of Sweden,https://www.ikea.com/sa/en/p/oddbjoerg-chair-pad-grey-00395209/
69252646,LÅNGFJÄLL - Conference chair with armrests,Chairs,17508,745.0,60,,a supportive seat that keeps you comfortable while sitting,"long-hours, back-pain, dining, home-office",Tables & desks; Cafe furniture,Eva Lilja Löwenhielm,https://www.ikea.com/sa/en/p/langfjaell-conference-chair-with-armrests-gunnared-light-brown-pink-white-s69252646/
99197696,SVENBERTIL - Chair,Chairs,4582,195.0,60,,a supportive seat that keeps you comfortable while sitting,"long-hours, back-pain, dining, home-office",Tables & desks; Cafe furniture,Mia Lagerman,https://www.ikea.com/sa/en/p/svenbertil-chair-black-broringe-black-s99197696/
30288632,LEIFARNE - Seat shell,Chairs,2350,100.0,60,,a supportive seat that keeps you comfortable while sitting,"long-hours, back-pain, dining, home-office",Tables & desks; Cafe furniture,Mia Lagerman,https://www.ikea.com/sa/en/p/leifarne-seat-shell-white-30288632/
70273092,NORRARYD - Chair,Chairs,6110,260.0,60,,a supportive seat that keeps you comfortable while sitting,"long-hours, back-pain, dining, home-office",Tables & desks; Cafe furniture,Nike Karlsson,https://www.ikea.com/sa/en/p/norraryd-chair-white-70273092/
19289341,"DELAKTIG - Platform, armchair",Chairs,35250,1500.0,60,,a supportive seat that keeps you comfortable while sitting,"long-hours, back-pain, dining, home-office",Tables & desks; Cafe furniture,Tom Dixon,https://www.ikea.com/sa/en/p/delaktig-platform-armchair-gunnared-light-brown-pink-s19289341/
19305044,"MÖRBYLÅNGA / ODGER - Table and 4 chairs, 140x85 cm",Chairs,81662,3475.0,60,,a supportive seat that keeps you comfortable while sitting,"long-hours, back-pain, dining, home-office",Tables & desks; Cafe furniture,J Löfgren/J Pettersson/S Lanneskog/J Marnell,https://www.ikea.com/sa/en/p/moerbylanga-odger-table-and-4-chairs-oak-veneer-brown-stained-anthracite-s19305044/
80403516,KARLHUGO - Chair,Chairs,13982,595.0,60,,a supportive seat that keeps you comfortable while sitting,"long-hours, back-pain, dining, home-office",Tables & desks; Cafe furniture,Mikael Warnhammar,https://www.ikea.com/sa/en/p/karlhugo-chair-oak-nordvalla-dark-grey-80403516/
89277486,VALLENTUNA - Sofa-bed module with backrests,Chairs,45778,1948.0,60,,a supportive seat that keeps you comfortable while sitting,"long-hours, back-pain, dining, home-office",Tables & desks; Cafe furniture,IKEA of Sweden/Fredriksson/L Löwenhielm/Hilland,https://www.ikea.com/sa/en/p/vallentuna-sofa-bed-module-with-backrests-hillared-light-blue-s89277486/
90395813,"JUSTINA - Chair pad, 35/42x40x4.0 cm",Chairs,446,19.0,60,,a supportive seat that keeps you comfortable while sitting,"long-hours, back-pain, dining, home-office",Tables & desks; Cafe furniture,IKEA of Sweden,https://www.ikea.com/sa/en/p/justina-chair-pad-dark-blue-striped-90395813/
90412450,"ELSEBET - Chair pad, 43x42x4.0 cm",Chairs,916,39.0,60,,a supportive seat that keeps you comfortable while sitting,"long-hours, back-pain, dining, home-office",Tables & desks; Cafe furniture,IKEA of Sweden,https://www.ikea.com/sa/en/p/elsebet-chair-pad-light-beige-90412450/
20416593,"HERDIS - Chair pad, 37x37x1.8 cm",Chairs,446,19.0,60,,a supportive seat that keeps you comfortable while sitting,"long-hours, back-pain, dining, home-office",Tables & desks; Cafe furniture,IKEA of Sweden,https://www.ikea.com/sa/en/p/herdis-chair-pad-black-20416593/
10320341,KULLABERG - Swivel chair,Chairs,5170,220.0,60,,a supportive seat that keeps you comfortable while sitting,"long-hours, back-pain, dining, home-office",Tables & desks; Cafe furniture,Sarah Fager,https://www.ikea.com/sa/en/p/kullaberg-swivel-chair-pine-black-10320341/
89305205,HATTEFJÄLL - Office chair with armrests,Chairs,33958,1445.0,60,,a supportive seat that keeps you comfortable while sitting,"long-hours, back-pain, dining, home-office",Tables & desks; Cafe furniture,Monika Mulder,https://www.ikea.com/sa/en/p/hattefjaell-office-chair-with-armrests-smidig-black-black-s89305205/
447680,"NORDKISA - Bench, 80 cm",Chairs,8108,345.0,60,,a supportive seat that keeps you comfortable while sitting,"long-hours, back-pain, dining, home-office",Tables & desks; Cafe furniture,L Hilland/J Karlsson,https://www.ikea.com/sa/en/p/nordkisa-bench-bamboo-00447680/
19275909,GRÖNLID - Armchair,Chairs,23382,995.0,60,,a supportive seat that keeps you comfortable while sitting,"long-hours, back-pain, dining, home-office",Tables & desks; Cafe furniture,IKEA of Sweden,https://www.ikea.com/sa/en/p/groenlid-armchair-inseros-white-s19275909/
29174976,LÅNGFJÄLL - Conference chair,Chairs,12808,545.0,60,,a supportive seat that keeps you comfortable while sitting,"long-hours, back-pain, dining, home-office",Tables & desks; Cafe furniture,Eva Lilja Löwenhielm,https://www.ikea.com/sa/en/p/langfjaell-conference-chair-gunnared-blue-black-s29174976/
9276971,VALLENTUNA - Seat module with backrest,Chairs,34498,1468.0,60,,a supportive seat that keeps you comfortable while sitting,"long-hours, back-pain, dining, home-office",Tables & desks; Cafe furniture,Fredriksson/L Löwenhielm/Hilland,https://www.ikea.com/sa/en/p/vallentuna-seat-module-with-backrest-hillared-dark-grey-s09276971/
19252347,LÅNGFJÄLL - Conference chair,Chairs,15158,645.0,60,,a supportive seat that keeps you comfortable while sitting,"long-hours, back-pain, dining, home-office",Tables & desks; Cafe furniture,Eva Lilja Löwenhielm,https://www.ikea.com/sa/en/p/langfjaell-conference-chair-gunnared-blue-white-s19252347/
59304207,LEIFARNE - Chair with armrests,Chairs,6462,275.0,60,,a supportive seat that keeps you comfortable while sitting,"long-hours, back-pain, dining, home-office",Tables & desks; Cafe furniture,Mia Lagerman,https://www.ikea.com/sa/en/p/leifarne-chair-with-armrests-dark-yellow-dietmar-white-s59304207/
50365361,MAMMUT - Children's stool,Chairs,682,29.0,60,,a supportive seat that keeps you comfortable while sitting,"long-hours, back-pain, dining, home-office",Tables & desks; Cafe furniture,M Kjelstrup/A Östgaard,https://www.ikea.com/sa/en/p/mammut-childrens-stool-in-outdoor-orange-50365361/
80426928,ANTILOP - Cover,Chairs,470,20.0,60,,a supportive seat that keeps you comfortable while sitting,"long-hours, back-pain, dining, home-office",Tables & desks; Cafe furniture,S Edholm/L Ullenius,https://www.ikea.com/sa/en/p/antilop-cover-blue-red-80426928/
10421665,"NORDMELA - Chest of 4 drawers, 159x50 cm",Chairs,14946,636.0,60,,a supportive seat that keeps you comfortable while sitting,"long-hours, back-pain, dining, home-office",Tables & desks; Cafe furniture,Ola Wihlborg,https://www.ikea.com/sa/en/p/nordmela-chest-of-4-drawers-black-blue-10421665/
10150094,"CILLA - Chair pad, 34 cm",Chairs,517,22.0,60,,a supportive seat that keeps you comfortable while sitting,"long-hours, back-pain, dining, home-office",Tables & desks; Cafe furniture,IKEA of Sweden,https://www.ikea.com/sa/en/p/cilla-chair-pad-black-10150094/
20182278,BÖRJE - Chair,Chairs,4112,175.0,60,,a supportive seat that keeps you comfortable while sitting,"long-hours, back-pain, dining, home-office",Tables & desks; Cafe furniture,IKEA of Sweden,https://www.ikea.com/sa/en/p/boerje-chair-brown-gobo-white-20182278/
40466389,GISTAD - Recliner,Chairs,22208,945.0,60,,a supportive seat that keeps you comfortable while sitting,"long-hours, back-pain, dining, home-office",Tables & desks; Cafe furniture,IKEA of Sweden,https://www.ikea.com/sa/en/p/gistad-recliner-idekulla-dark-red-40466389/
59240828,POÄNG - Armchair,Chairs,8977,382.0,60,,a supportive seat that keeps you comfortable while sitting,"long-hours, back-pain, dining, home-office",Tables & desks; Cafe furniture,Noboru Nakamura/IKEA of Sweden,https://www.ikea.com/sa/en/p/poaeng-armchair-black-brown-knisa-black-s59240828/
50320565,LÅNGFJÄLL - Pair of armrests,Chairs,2350,100.0,60,,a supportive seat that keeps you comfortable while sitting,"long-hours, back-pain, dining, home-office",Tables & desks; Cafe furniture,Eva Lilja Löwenhielm,https://www.ikea.com/sa/en/p/langfjaell-pair-of-armrests-black-50320565/
80340760,EKEDALEN - Chair,Chairs,5288,225.0,60,,a supportive seat that keeps you comfortable while sitting,"long-hours, back-pain, dining, home-office",Tables & desks; Cafe furniture,Ehlén Johansson,https://www.ikea.com/sa/en/p/ekedalen-chair-dark-brown-orrsta-light-grey-80340760/
89297286,"MÖRBYLÅNGA / BALTSAR - Table and 6 chairs, 220x100 cm",Chairs,142528,6065.0,60,,a supportive seat that keeps you comfortable while sitting,"long-hours, back-pain, dining, home-office",Tables & desks; Cafe furniture,Carl Öjerstam/S Lanneskog/J Marnell,https://www.ikea.com/sa/en/p/moerbylanga-baltsar-table-and-6-chairs-oak-veneer-brown-stained-black-blue-s89297286/
49031774,LANDSKRONA - Armchair,Chairs,46882,1995.0,60,,a supportive seat that keeps you comfortable while sitting,"long-hours, back-pain, dining, home-office",Tables & desks; Cafe furniture,Tord Björklund/IKEA of Sweden,https://www.ikea.com/sa/en/p/landskrona-armchair-grann-bomstad-black-metal-s49031774/
69289008,DELAKTIG - Armchair,Chairs,55225,2350.0,60,,a supportive seat that keeps you comfortable while sitting,"long-hours, back-pain, dining, home-office",Tables & desks; Cafe furniture,Tom Dixon,https://www.ikea.com/sa/en/p/delaktig-armchair-gunnared-beige-s69289008/
79269180,"LANDSKRONA - Chaise longue, add-on unit",Chairs,58750,2500.0,60,,a supportive seat that keeps you comfortable while sitting,"long-hours, back-pain, dining, home-office",Tables & desks; Cafe furniture,Tord Björklund/IKEA of Sweden,https://www.ikea.com/sa/en/p/landskrona-chaise-longue-add-on-unit-grann-bomstad-golden-brown-wood-s79269180/
40369109,NORDVIKEN - Chair,Chairs,5288,225.0,60,,a supportive seat that keeps you comfortable while sitting,"long-hours, back-pain, dining, home-office",Tables & desks; Cafe furniture,Francis Cayouette,https://www.ikea.com/sa/en/p/nordviken-chair-black-40369109/
378667,FANBYN - Seat shell with armrests,Chairs,3408,145.0,60,,a supportive seat that keeps you comfortable while sitting,"long-hours, back-pain, dining, home-office",Tables & desks; Cafe furniture,003.786.67 You sit comfortably thanks to the shaped back and armrests.Complete with FANBYN chair frame.,https://www.ikea.com/sa/en/p/fanbyn-seat-shell-with-armrests-white-00378667/
40354221,MARTIN - Chair frame,Chairs,799,34.0,60,,a supportive seat that keeps you comfortable while sitting,"long-hours, back-pain, dining, home-office",Tables & desks; Cafe furniture,IKEA of Sweden,https://www.ikea.com/sa/en/p/martin-chair-frame-black-40354221/
90471581,KORNSJÖ - Storage bench,Chairs,8812,375.0,60,,a supportive seat that keeps you comfortable while sitting,"long-hours, back-pain, dining, home-office",Tables & desks; Cafe furniture,Ebba Strandmark,https://www.ikea.com/sa/en/p/kornsjoe-storage-bench-black-90471581/
69306277,"LERHAMN - Table and 4 chairs, 118x74 cm",Chairs,23006,979.0,60,,a supportive seat that keeps you comfortable while sitting,"long-hours, back-pain, dining, home-office",Tables & desks; Cafe furniture,Nike Karlsson,https://www.ikea.com/sa/en/p/lerhamn-table-and-4-chairs-light-antique-stain-white-stain-vittaryd-beige-s69306277/
29221256,"MELLTORP / TEODORES - Table and 4 chairs, 125 cm",Chairs,13606,579.0,60,,a supportive seat that keeps you comfortable while sitting,"long-hours, back-pain, dining, home-office",Tables & desks; Cafe furniture,Lisa Norinder/David Wahl,https://www.ikea.com/sa/en/p/melltorp-teodores-table-and-4-chairs-white-s29221256/
30178884,"BEKVÄM - Step stool, 50 cm",Chairs,2326,99.0,60,,a supportive seat that keeps you comfortable while sitting,"long-hours, back-pain, dining, home-office",Tables & desks; Cafe furniture,Nike Karlsson,https://www.ikea.com/sa/en/p/bekvaem-step-stool-black-30178884/
410083,"STRÅFLY - Chair pad, 36 cm",Chairs,352,15.0,60,,a supportive seat that keeps you comfortable while sitting,"long-hours, back-pain, dining, home-office",Tables & desks; Cafe furniture,IKEA of Sweden,https://www.ikea.com/sa/en/p/strafly-chair-pad-dark-grey-00410083/
10411421,"TRANARÖ - Stool/side table, in/outdoor, 56x41x43 cm",Chairs,2232,95.0,60,,a supportive seat that keeps you comfortable while sitting,"long-hours, back-pain, dining, home-office",Tables & desks; Cafe furniture,Ola Wihlborg,https://www.ikea.com/sa/en/p/tranaroe-stool-side-table-in-outdoor-red-10411421/
39280698,"MELLTORP / NISSE - Table and 2 folding chairs, 75 cm",Chairs,4630,197.0,60,,a supportive seat that keeps you comfortable while sitting,"long-hours, back-pain, dining, home-office",Tables & desks; Cafe furniture,Lisa Norinder,https://www.ikea.com/sa/en/p/melltorp-nisse-table-and-2-folding-chairs-white-dark-blue-lilac-s39280698/
59221165,"GAMLARED / STEFAN - Table and 2 chairs, 85 cm",Chairs,13278,565.0,60,,a supportive seat that keeps you comfortable while sitting,"long-hours, back-pain, dining, home-office",Tables & desks; Cafe furniture,Mikael Axelsson/IKEA of Sweden,https://www.ikea.com/sa/en/p/gamlared-stefan-table-and-2-chairs-light-antique-stain-brown-black-s59221165/
70253541,AGAM - Junior chair,Chairs,4582,195.0,60,,a supportive seat that keeps you comfortable while sitting,"long-hours, back-pain, dining, home-office",Tables & desks; Cafe furniture,IKEA of Sweden,https://www.ikea.com/sa/en/p/agam-junior-chair-black-70253541/
90299029,MUREN - Recliner,Chairs,32782,1395.0,60,,a supportive seat that keeps you comfortable while sitting,"long-hours, back-pain, dining, home-office",Tables & desks; Cafe furniture,IKEA of Sweden,https://www.ikea.com/sa/en/p/muren-recliner-nordvalla-beige-90299029/
29304204,LEIFARNE - Chair,Chairs,4582,195.0,60,,a supportive seat that keeps you comfortable while sitting,"long-hours, back-pain, dining, home-office",Tables & desks; Cafe furniture,Mia Lagerman,https://www.ikea.com/sa/en/p/leifarne-chair-dark-yellow-broringe-chrome-plated-s29304204/
49220374,HENRIKSDAL - Chair,Chairs,6932,295.0,60,,a supportive seat that keeps you comfortable while sitting,"long-hours, back-pain, dining, home-office",Tables & desks; Cafe furniture,IKEA of Sweden,https://www.ikea.com/sa/en/p/henriksdal-chair-dark-brown-orrsta-light-grey-s49220374/
29161484,"LISABO / LEIFARNE - Table and 4 chairs, 140x78 cm",Chairs,39362,1675.0,60,,a supportive seat that keeps you comfortable while sitting,"long-hours, back-pain, dining, home-office",Tables & desks; Cafe furniture,K Hagberg/M Hagberg/Mia Lagerman,https://www.ikea.com/sa/en/p/lisabo-leifarne-table-and-4-chairs-ash-veneer-white-s29161484/
40280843,NORRARYD - Chair,Chairs,6110,260.0,60,,a supportive seat that keeps you comfortable while sitting,"long-hours, back-pain, dining, home-office",Tables & desks; Cafe furniture,Nike Karlsson,https://www.ikea.com/sa/en/p/norraryd-chair-black-40280843/
49007217,"GAMLEBY - Table and 4 chairs, 67 cm",Chairs,58162,2475.0,60,,a supportive seat that keeps you comfortable while sitting,"long-hours, back-pain, dining, home-office",Tables & desks; Cafe furniture,IKEA of Sweden/Nike Karlsson,https://www.ikea.com/sa/en/p/gamleby-table-and-4-chairs-light-antique-stain-grey-s49007217/
49221439,"EKEDALEN / HENRIKSDAL - Table and 6 chairs, 180/240 cm",Chairs,64978,2765.0,60,,a supportive seat that keeps you comfortable while sitting,"long-hours, back-pain, dining, home-office",Tables & desks; Cafe furniture,Ehlén Johansson/IKEA of Sweden,https://www.ikea.com/sa/en/p/ekedalen-henriksdal-table-and-6-chairs-brown-orrsta-light-grey-s49221439/
69161482,"IKEA PS 2012 / JANINGE - Table and 4 chairs, 138 cm",Chairs,42182,1795.0,60,,a supportive seat that keeps you comfortable while sitting,"long-hours, back-pain, dining, home-office",Tables & desks; Cafe furniture,Jon Karlsson/John/Jonas/Petrus/Paul/Caroline,https://www.ikea.com/sa/en/p/ikea-ps-2012-janinge-table-and-4-chairs-bamboo-white-s69161482/
19277036,"MÖCKELBY / FANBYN - Table and 6 chairs, 235x100 cm",Chairs,97408,4145.0,60,,a supportive seat that keeps you comfortable while sitting,"long-hours, back-pain, dining, home-office",Tables & desks; Cafe furniture,Marcus Arvonen,https://www.ikea.com/sa/en/p/moeckelby-fanbyn-table-and-6-chairs-oak-white-s19277036/
19298265,VIMLE - Chaise longue,Chairs,39950,1700.0,60,,a supportive seat that keeps you comfortable while sitting,"long-hours, back-pain, dining, home-office",Tables & desks; Cafe furniture,Ehlén Johansson,https://www.ikea.com/sa/en/p/vimle-chaise-longue-gunnared-medium-grey-s19298265/
79297300,"MÖRBYLÅNGA / BALTSAR - Table and 4 chairs, 140x85 cm",Chairs,109862,4675.0,60,,a supportive seat that keeps you comfortable while sitting,"long-hours, back-pain, dining, home-office",Tables & desks; Cafe furniture,Carl Öjerstam/S Lanneskog/J Marnell,https://www.ikea.com/sa/en/p/moerbylanga-baltsar-table-and-4-chairs-oak-veneer-brown-stained-black-blue-s79297300/
10461010,"BORTBERG - Lumbar cushion, 31x23 cm",Chairs,1152,49.0,60,,a supportive seat that keeps you comfortable while sitting,"long-hours, back-pain, dining, home-office",Tables & desks; Cafe furniture,"104.610.10 The lumbar cushion helps you to sit up straight, which relieves both the spine and lower back.You easily attach the lumbar cushion to your favourite chair with the sewn-on touch-and-close fastening.Fixed cover.",https://www.ikea.com/sa/en/p/bortberg-lumbar-cushion-black-10461010/
89041709,ANTILOP - Highchair with safety belt,Chairs,1998,85.0,60,,a supportive seat that keeps you comfortable while sitting,"long-hours, back-pain, dining, home-office",Tables & desks; Cafe furniture,IKEA of Sweden,https://www.ikea.com/sa/en/p/antilop-highchair-with-safety-belt-white-silver-colour-s89041709/
89010699,"TÄRENDÖ / GUNDE - Table and 4 chairs, 110 cm",Chairs,5758,245.0,60,,a supportive seat that keeps you comfortable while sitting,"long-hours, back-pain, dining, home-office",Tables & desks; Cafe furniture,K Hagberg/M Hagberg,https://www.ikea.com/sa/en/p/taerendoe-gunde-table-and-4-chairs-black-s89010699/
60304428,"JUSTINA - Chair pad, 35/42x40x4.0 cm",Chairs,446,19.0,60,,a supportive seat that keeps you comfortable while sitting,"long-hours, back-pain, dining, home-office",Tables & desks; Cafe furniture,IKEA of Sweden,https://www.ikea.com/sa/en/p/justina-chair-pad-green-60304428/
90253535,AGAM - Junior chair,Chairs,4582,195.0,60,,a supportive seat that keeps you comfortable while sitting,"long-hours, back-pain, dining, home-office",Tables & desks; Cafe furniture,IKEA of Sweden,https://www.ikea.com/sa/en/p/agam-junior-chair-white-90253535/
20013073,NORNA - Chair pad,Chairs,682,29.0,60,,a supportive seat that keeps you comfortable while sitting,"long-hours, back-pain, dining, home-office",Tables & desks; Cafe furniture,200.130.73 The cushion can be turned over and therefore has two sides for even wear.Suitable for AGEN chair.,https://www.ikea.com/sa/en/p/norna-chair-pad-laila-natural-20013073/
70264281,LERHAMN - Chair,Chairs,3408,145.0,60,,a supportive seat that keeps you comfortable while sitting,"long-hours, back-pain, dining, home-office",Tables & desks; Cafe furniture,Nike Karlsson,https://www.ikea.com/sa/en/p/lerhamn-chair-black-brown-vittaryd-beige-70264281/
39279567,"EKEDALEN / EKEDALEN - Table and 6 chairs, 180/240 cm",Chairs,55108,2345.0,60,,a supportive seat that keeps you comfortable while sitting,"long-hours, back-pain, dining, home-office",Tables & desks; Cafe furniture,Ehlén Johansson,https://www.ikea.com/sa/en/p/ekedalen-ekedalen-table-and-6-chairs-dark-brown-orrsta-light-grey-s39279567/
79221169,"GAMLARED / LERHAMN - Table and 2 chairs, 85 cm",Chairs,16098,685.0,60,,a supportive seat that keeps you comfortable while sitting,"long-hours, back-pain, dining, home-office",Tables & desks; Cafe furniture,Nike Karlsson/Mikael Axelsson,https://www.ikea.com/sa/en/p/gamlared-lerhamn-table-and-2-chairs-light-antique-stain-black-brown-vittaryd-beige-s79221169/
39251926,"HAVSTEN - Armchair, in/outdoor, 98x94x90 cm",Chairs,28670,1220.0,60,,a supportive seat that keeps you comfortable while sitting,"long-hours, back-pain, dining, home-office",Tables & desks; Cafe furniture,Andreas Fredriksson,https://www.ikea.com/sa/en/p/havsten-armchair-in-outdoor-beige-s39251926/
89221475,IKEA PS 2012 / TEODORES - Table and 2 chairs,Chairs,25498,1085.0,60,,a supportive seat that keeps you comfortable while sitting,"long-hours, back-pain, dining, home-office",Tables & desks; Cafe furniture,Jon Karlsson/David Wahl,https://www.ikea.com/sa/en/p/ikea-ps-2012-teodores-table-and-2-chairs-bamboo-white-white-s89221475/
60351900,RÅSKOG - Stool,Chairs,1974,84.0,60,,a supportive seat that keeps you comfortable while sitting,"long-hours, back-pain, dining, home-office",Tables & desks; Cafe furniture,Nike Karlsson,https://www.ikea.com/sa/en/p/raskog-stool-black-60351900/
70336674,HENRIKSDAL - Chair cover,Chairs,1645,70.0,60,,a supportive seat that keeps you comfortable while sitting,"long-hours, back-pain, dining, home-office",Tables & desks; Cafe furniture,IKEA of Sweden,https://www.ikea.com/sa/en/p/henriksdal-chair-cover-orrsta-light-grey-70336674/
29221435,"EKEDALEN / EKEDALEN - Table and 4 chairs, 120/180 cm",Chairs,39832,1695.0,60,,a supportive seat that keeps you comfortable while sitting,"long-hours, back-pain, dining, home-office",Tables & desks; Cafe furniture,Ehlén Johansson,https://www.ikea.com/sa/en/p/ekedalen-ekedalen-table-and-4-chairs-brown-orrsta-light-grey-s29221435/
80308393,RÅSKOG - Stool,Chairs,1974,84.0,60,,a supportive seat that keeps you comfortable while sitting,"long-hours, back-pain, dining, home-office",Tables & desks; Cafe furniture,Nike Karlsson,https://www.ikea.com/sa/en/p/raskog-stool-beige-80308393/
90339902,BRORINGE - Underframe,Chairs,2232,95.0,60,,a supportive seat that keeps you comfortable while sitting,"long-hours, back-pain, dining, home-office",Tables & desks; Cafe furniture,Mia Lagerman,https://www.ikea.com/sa/en/p/broringe-underframe-white-90339902/
90200269,NOMINELL - Pair of armrests,Chairs,2938,125.0,60,,a supportive seat that keeps you comfortable while sitting,"long-hours, back-pain, dining, home-office",Tables & desks; Cafe furniture,Olle Lundberg,https://www.ikea.com/sa/en/p/nominell-pair-of-armrests-black-90200269/
69297292,"YPPERLIG / NILSOVE - Table and 4 chairs, 200x90 cm",Chairs,60512,2575.0,60,,a supportive seat that keeps you comfortable while sitting,"long-hours, back-pain, dining, home-office",Tables & desks; Cafe furniture,HAY/A Fredriksson/J Hultqvist/W Chong,https://www.ikea.com/sa/en/p/ypperlig-nilsove-table-and-4-chairs-ash-rattan-white-s69297292/
9259702,"LISABO / ODGER - Table and 4 chairs, 140x78 cm",Chairs,44062,1875.0,60,,a supportive seat that keeps you comfortable while sitting,"long-hours, back-pain, dining, home-office",Tables & desks; Cafe furniture,K Hagberg/M Hagberg/J Löfgren/J Pettersson,https://www.ikea.com/sa/en/p/lisabo-odger-table-and-4-chairs-black-beige-s09259702/
10330811,LANGUR - Seat shell for highchair,Chairs,2585,110.0,60,,a supportive seat that keeps you comfortable while sitting,"long-hours, back-pain, dining, home-office",Tables & desks; Cafe furniture,J Fritzdorf/J Feldman/J Hedberg,https://www.ikea.com/sa/en/p/langur-seat-shell-for-highchair-white-10330811/
29280689,"EKEDALEN / BERNHARD - Table and 6 chairs, 180/240 cm",Chairs,128428,5465.0,60,,a supportive seat that keeps you comfortable while sitting,"long-hours, back-pain, dining, home-office",Tables & desks; Cafe furniture,Ehlén Johansson/Ola Wihlborg,https://www.ikea.com/sa/en/p/ekedalen-bernhard-table-and-6-chairs-white-mjuk-golden-brown-s29280689/
39280679,"INGATORP / INGOLF - Table and 6 chairs, 155/215 cm",Chairs,61452,2615.0,60,,a supportive seat that keeps you comfortable while sitting,"long-hours, back-pain, dining, home-office",Tables & desks; Cafe furniture,Ebba Strandmark/Carina Bengs,https://www.ikea.com/sa/en/p/ingatorp-ingolf-table-and-6-chairs-black-nolhaga-grey-beige-s39280679/
40340762,"EKEDALEN - Bench, 105x36 cm",Chairs,9282,395.0,60,,a supportive seat that keeps you comfortable while sitting,"long-hours, back-pain, dining, home-office",Tables & desks; Cafe furniture,Ehlén Johansson,https://www.ikea.com/sa/en/p/ekedalen-bench-dark-brown-40340762/
90412718,SAKARIAS - Cover for chair with armrests,Chairs,2232,95.0,60,,a supportive seat that keeps you comfortable while sitting,"long-hours, back-pain, dining, home-office",Tables & desks; Cafe furniture,IKEA of Sweden/E Strandmark,https://www.ikea.com/sa/en/p/sakarias-cover-for-chair-with-armrests-lingbo-multicoloured-dark-90412718/
79161575,"ÖVRARYD / JANINGE - Table and 4 chairs, 150 cm",Chairs,36072,1535.0,60,,a supportive seat that keeps you comfortable while sitting,"long-hours, back-pain, dining, home-office",Tables & desks; Cafe furniture,David Wahl/John/Jonas/Petrus/Paul/Caroline,https://www.ikea.com/sa/en/p/oevraryd-janinge-table-and-4-chairs-white-bamboo-white-s79161575/
44881100,"KOLON - Floor protector, 120x100 cm",Chairs,3525,150.0,60,,a supportive seat that keeps you comfortable while sitting,"long-hours, back-pain, dining, home-office",Tables & desks; Cafe furniture,IKEA of Sweden,https://www.ikea.com/sa/en/p/kolon-floor-protector-44881100/
40454367,ANTILOP - Cover,Chairs,470,20.0,60,,a supportive seat that keeps you comfortable while sitting,"long-hours, back-pain, dining, home-office",Tables & desks; Cafe furniture,S Edholm/L Ullenius,https://www.ikea.com/sa/en/p/antilop-cover-grey-yellow-40454367/
40273593,"FLISAT - Children's stool, 24x24x28 cm",Chairs,2092,89.0,60,,a supportive seat that keeps you comfortable while sitting,"long-hours, back-pain, dining, home-office",Tables & desks; Cafe furniture,S Fager/J Karlsson,https://www.ikea.com/sa/en/p/flisat-childrens-stool-40273593/
70330813,LANGUR - Highchair tray,Chairs,1292,55.0,60,,a supportive seat that keeps you comfortable while sitting,"long-hours, back-pain, dining, home-office",Tables & desks; Cafe furniture,J Fritzdorf/J Feldman/J Hedberg,https://www.ikea.com/sa/en/p/langur-highchair-tray-white-70330813/
80403154,VEDBO - Chair with armrests,Chairs,16332,695.0,60,,a supportive seat that keeps you comfortable while sitting,"long-hours, back-pain, dining, home-office",Tables & desks; Cafe furniture,Francis Cayouette,https://www.ikea.com/sa/en/p/vedbo-chair-with-armrests-black-gunnared-dark-grey-80403154/
90246291,INGATORP - Chair with armrests,Chairs,10458,445.0,60,,a supportive seat that keeps you comfortable while sitting,"long-hours, back-pain, dining, home-office",Tables & desks; Cafe furniture,Ebba Strandmark,https://www.ikea.com/sa/en/p/ingatorp-chair-with-armrests-white-nordvalla-beige-90246291/
49252553,LANGUR - Junior/highchair with tray,Chairs,9400,400.0,60,,a supportive seat that keeps you comfortable while sitting,"long-hours, back-pain, dining, home-office",Tables & desks; Cafe furniture,J Fritzdorf/J Feldman/J Hedberg,https://www.ikea.com/sa/en/p/langur-junior-highchair-with-tray-white-s49252553/
60353838,INGOLF - Junior chair,Chairs,5170,220.0,60,,a supportive seat that keeps you comfortable while sitting,"long-hours, back-pain, dining, home-office",Tables & desks; Cafe furniture,Carina Bengs,https://www.ikea.com/sa/en/p/ingolf-junior-chair-antique-stain-60353838/
40332074,MÄSTERBY - Step stool,Chairs,3408,145.0,60,,a supportive seat that keeps you comfortable while sitting,"long-hours, back-pain, dining, home-office",Tables & desks; Cafe furniture,Chris Martin,https://www.ikea.com/sa/en/p/maesterby-step-stool-beige-40332074/
308684,HATTEFJÄLL - Office chair,Chairs,24558,1045.0,60,,a supportive seat that keeps you comfortable while sitting,"long-hours, back-pain, dining, home-office",Tables & desks; Cafe furniture,Monika Mulder,https://www.ikea.com/sa/en/p/hattefjaell-office-chair-gunnared-beige-00308684/
50343331,"VEBERÖD - Bench, 88x53 cm",Chairs,7684,327.0,60,,a supportive seat that keeps you comfortable while sitting,"long-hours, back-pain, dining, home-office",Tables & desks; Cafe furniture,Gustav Carlberg,https://www.ikea.com/sa/en/p/veberoed-bench-natural-50343331/
89304791,"LANEBERG / EKEDALEN - Table and 4 chairs, 130/190x80 cm",Chairs,37482,1595.0,60,,a supportive seat that keeps you comfortable while sitting,"long-hours, back-pain, dining, home-office",Tables & desks; Cafe furniture,Ehlén Johansson/K Hagberg/M Hagberg,https://www.ikea.com/sa/en/p/laneberg-ekedalen-table-and-4-chairs-white-white-light-grey-s89304791/
19221450,"EKEDALEN / EKEDALEN - Table and 6 chairs, 180/240 cm",Chairs,55108,2345.0,60,,a supportive seat that keeps you comfortable while sitting,"long-hours, back-pain, dining, home-office",Tables & desks; Cafe furniture,Ehlén Johansson,https://www.ikea.com/sa/en/p/ekedalen-ekedalen-table-and-6-chairs-brown-orrsta-light-grey-s19221450/
89907452,STOLJAN - Conference chair,Chairs,5170,220.0,60,,a supportive seat that keeps you comfortable while sitting,"long-hours, back-pain, dining, home-office",Tables & desks; Cafe furniture,Henrik Preutz,https://www.ikea.com/sa/en/p/stoljan-conference-chair-white-black-s89907452/
19285866,"NORDEN / RÅSKOG - Table and 2 stools, 89/152 cm",Chairs,25074,1067.0,60,,a supportive seat that keeps you comfortable while sitting,"long-hours, back-pain, dining, home-office",Tables & desks; Cafe furniture,Nike Karlsson,https://www.ikea.com/sa/en/p/norden-raskog-table-and-2-stools-birch-black-s19285866/
50346985,LANGUR - Padded seat cover for junior chair,Chairs,822,35.0,60,,a supportive seat that keeps you comfortable while sitting,"long-hours, back-pain, dining, home-office",Tables & desks; Cafe furniture,Chenyi Ke,https://www.ikea.com/sa/en/p/langur-padded-seat-cover-for-junior-chair-grey-50346985/
428318,HATTEFJÄLL - Office chair,Chairs,30432,1295.0,60,,a supportive seat that keeps you comfortable while sitting,"long-hours, back-pain, dining, home-office",Tables & desks; Cafe furniture,Monika Mulder,https://www.ikea.com/sa/en/p/hattefjaell-office-chair-smidig-black-00428318/
19246144,"SKOGSTA / NORRARYD - Table and 6 chairs, 235x100 cm",Chairs,83542,3555.0,60,,a supportive seat that keeps you comfortable while sitting,"long-hours, back-pain, dining, home-office",Tables & desks; Cafe furniture,Marcus Arvonen/Nike Karlsson,https://www.ikea.com/sa/en/p/skogsta-norraryd-table-and-6-chairs-acacia-black-s19246144/
19297157,"INGATORP / INGOLF - Table and 4 chairs, 155/215 cm",Chairs,40538,1725.0,60,,a supportive seat that keeps you comfortable while sitting,"long-hours, back-pain, dining, home-office",Tables & desks; Cafe furniture,Carina Bengs,https://www.ikea.com/sa/en/p/ingatorp-ingolf-table-and-4-chairs-black-brown-black-s19297157/
80187683,HENRIKSDAL - Chair cover,Chairs,1645,70.0,60,,a supportive seat that keeps you comfortable while sitting,"long-hours, back-pain, dining, home-office",Tables & desks; Cafe furniture,IKEA of Sweden,https://www.ikea.com/sa/en/p/henriksdal-chair-cover-linneryd-natural-80187683/
20429430,JÄRVFJÄLLET - Pair of armrests,Chairs,3525,150.0,60,,a supportive seat that keeps you comfortable while sitting,"long-hours, back-pain, dining, home-office",Tables & desks; Cafe furniture,Eva Lilja Löwenhielm,https://www.ikea.com/sa/en/p/jaervfjaellet-pair-of-armrests-white-20429430/
59303123,SVENBERTIL - Swivel chair,Chairs,7285,310.0,60,,a supportive seat that keeps you comfortable while sitting,"long-hours, back-pain, dining, home-office",Tables & desks; Cafe furniture,Mia Lagerman,https://www.ikea.com/sa/en/p/svenbertil-swivel-chair-white-balsberget-white-s59303123/
60262881,EKERÖ - Armchair,Chairs,18682,795.0,60,,a supportive seat that keeps you comfortable while sitting,"long-hours, back-pain, dining, home-office",Tables & desks; Cafe furniture,Eva Lilja Löwenhielm,https://www.ikea.com/sa/en/p/ekeroe-armchair-kimstad-laglig-black-60262881/
80379347,TROLLBERGET - Active sit/stand support,Chairs,11632,495.0,60,,a supportive seat that keeps you comfortable while sitting,"long-hours, back-pain, dining, home-office",Tables & desks; Cafe furniture,P Süssmann/J Karlsson,https://www.ikea.com/sa/en/p/trollberget-active-sit-stand-support-glose-black-80379347/
19900864,POÄNG - Rocking-chair,Chairs,28435,1210.0,60,,a supportive seat that keeps you comfortable while sitting,"long-hours, back-pain, dining, home-office",Tables & desks; Cafe furniture,Noboru Nakamura,https://www.ikea.com/sa/en/p/poaeng-rocking-chair-black-brown-robust-glose-eggshell-s19900864/
99266128,LIDHULT - Chaise longue,Chairs,58750,2500.0,60,,a supportive seat that keeps you comfortable while sitting,"long-hours, back-pain, dining, home-office",Tables & desks; Cafe furniture,Henrik Preutz,https://www.ikea.com/sa/en/p/lidhult-chaise-longue-lejde-grey-black-s99266128/
288638,SVENBERTIL - Seat shell,Chairs,2350,100.0,60,,a supportive seat that keeps you comfortable while sitting,"long-hours, back-pain, dining, home-office",Tables & desks; Cafe furniture,Mia Lagerman,https://www.ikea.com/sa/en/p/svenbertil-seat-shell-black-00288638/
9161569,"INGATORP / HENRIKSDAL - Table and 4 chairs, 110 cm",Chairs,61688,2625.0,60,,a supportive seat that keeps you comfortable while sitting,"long-hours, back-pain, dining, home-office",Tables & desks; Cafe furniture,IKEA of Sweden/Carina Bengs,https://www.ikea.com/sa/en/p/ingatorp-henriksdal-table-and-4-chairs-white-blekinge-white-s09161569/
9220842,HENRIKSDAL - Chair with long cover,Chairs,6932,295.0,60,,a supportive seat that keeps you comfortable while sitting,"long-hours, back-pain, dining, home-office",Tables & desks; Cafe furniture,IKEA of Sweden,https://www.ikea.com/sa/en/p/henriksdal-chair-with-long-cover-brown-blekinge-white-s09220842/
9251824,"MÖRBYLÅNGA / VOLFGANG - Table and 6 chairs, 220x100 cm",Chairs,111508,4745.0,60,,a supportive seat that keeps you comfortable while sitting,"long-hours, back-pain, dining, home-office",Tables & desks; Cafe furniture,IKEA of Sweden/S Lanneskog/J Marnell,https://www.ikea.com/sa/en/p/moerbylanga-volfgang-table-and-6-chairs-brown-bomstad-black-s09251824/
19250697,"LISABO / SVENBERTIL - Table and 4 chairs, 140x78 cm",Chairs,39362,1675.0,60,,a supportive seat that keeps you comfortable while sitting,"long-hours, back-pain, dining, home-office",Tables & desks; Cafe furniture,Mia Lagerman/K Hagberg/M Hagberg,https://www.ikea.com/sa/en/p/lisabo-svenbertil-table-and-4-chairs-ash-veneer-white-s19250697/
29269724,LANDSKRONA - Armchair,Chairs,32782,1395.0,60,,a supportive seat that keeps you comfortable while sitting,"long-hours, back-pain, dining, home-office",Tables & desks; Cafe furniture,IKEA of Sweden/Tord Björklund,https://www.ikea.com/sa/en/p/landskrona-armchair-gunnared-light-green-metal-s29269724/
39161488,"MELLTORP / JANINGE - Table and 4 chairs, 125 cm",Chairs,21596,919.0,60,,a supportive seat that keeps you comfortable while sitting,"long-hours, back-pain, dining, home-office",Tables & desks; Cafe furniture,John/Jonas/Petrus/Paul/Caroline/Lisa Norinder,https://www.ikea.com/sa/en/p/melltorp-janinge-table-and-4-chairs-white-yellow-s39161488/
49861007,POÄNG - Rocking-chair,Chairs,28435,1210.0,60,,a supportive seat that keeps you comfortable while sitting,"long-hours, back-pain, dining, home-office",Tables & desks; Cafe furniture,Noboru Nakamura,https://www.ikea.com/sa/en/p/poaeng-rocking-chair-birch-veneer-robust-glose-dark-brown-s49861007/
30339900,BRORINGE - Underframe,Chairs,2232,95.0,60,,a supportive seat that keeps you comfortable while sitting,"long-hours, back-pain, dining, home-office",Tables & desks; Cafe furniture,Mia Lagerman,https://www.ikea.com/sa/en/p/broringe-underframe-black-30339900/
50223625,"HEMNES - Bench, 83 cm",Chairs,9282,395.0,60,,a supportive seat that keeps you comfortable while sitting,"long-hours, back-pain, dining, home-office",Tables & desks; Cafe furniture,T Christensen/K Legaard,https://www.ikea.com/sa/en/p/hemnes-bench-white-50223625/
59131626,"MÖRBYLÅNGA / BERNHARD - Table and 6 chairs, 220x100 cm",Chairs,163678,6965.0,60,,a supportive seat that keeps you comfortable while sitting,"long-hours, back-pain, dining, home-office",Tables & desks; Cafe furniture,Ola Wihlborg/S Lanneskog/J Marnell,https://www.ikea.com/sa/en/p/moerbylanga-bernhard-table-and-6-chairs-brown-kavat-white-s59131626/
59161562,"TORSBY / BERNHARD - Table and 4 chairs, 135 cm",Chairs,91062,3875.0,60,,a supportive seat that keeps you comfortable while sitting,"long-hours, back-pain, dining, home-office",Tables & desks; Cafe furniture,Carl Öjerstam/Ola Wihlborg/IKEA of Sweden,https://www.ikea.com/sa/en/p/torsby-bernhard-table-and-4-chairs-high-gloss-white-kavat-white-s59161562/
59305042,"LISABO / ODGER - Table and 4 chairs, 140x78 cm",Chairs,44062,1875.0,60,,a supportive seat that keeps you comfortable while sitting,"long-hours, back-pain, dining, home-office",Tables & desks; Cafe furniture,K Hagberg/M Hagberg/J Löfgren/J Pettersson,https://www.ikea.com/sa/en/p/lisabo-odger-table-and-4-chairs-ash-veneer-anthracite-s59305042/
69161203,"RYDEBÄCK/BACKARYD / JANINGE - Table and 4 chairs, 150 cm",Chairs,28552,1215.0,60,,a supportive seat that keeps you comfortable while sitting,"long-hours, back-pain, dining, home-office",Tables & desks; Cafe furniture,IKEA of Sweden/John/Jonas/Petrus/Paul/Caroline/David Wahl,https://www.ikea.com/sa/en/p/rydebaeck-backaryd-janinge-table-and-4-chairs-white-yellow-s69161203/
79266148,LIDHULT - Chaise longue,Chairs,71252,3032.0,60,,a supportive seat that keeps you comfortable while sitting,"long-hours, back-pain, dining, home-office",Tables & desks; Cafe furniture,Henrik Preutz,https://www.ikea.com/sa/en/p/lidhult-chaise-longue-grann-bomstad-dark-brown-s79266148/
79305512,KIVIK - Chaise longue,Chairs,30550,1300.0,60,,a supportive seat that keeps you comfortable while sitting,"long-hours, back-pain, dining, home-office",Tables & desks; Cafe furniture,Ola Wihlborg,https://www.ikea.com/sa/en/p/kivik-chaise-longue-skiftebo-dark-grey-s79305512/
99251853,TORSBY / VOLFGANG - Table and 4 chairs,Chairs,56282,2395.0,60,,a supportive seat that keeps you comfortable while sitting,"long-hours, back-pain, dining, home-office",Tables & desks; Cafe furniture,IKEA of Sweden/Carl Öjerstam,https://www.ikea.com/sa/en/p/torsby-volfgang-table-and-4-chairs-high-gloss-white-bomstad-black-s99251853/
99305158,"NORDVIKEN / RÖNNINGE - Table and 4 chairs, 152/223x95 cm",Chairs,67562,2875.0,60,,a supportive seat that keeps you comfortable while sitting,"long-hours, back-pain, dining, home-office",Tables & desks; Cafe furniture,Francis Cayouette/Maja Ganszyniec,https://www.ikea.com/sa/en/p/nordviken-roenninge-table-and-4-chairs-black-green-s99305158/
80419070,FUSION - Table and 4 chairs,Chairs,28106,1196.0,60,,a supportive seat that keeps you comfortable while sitting,"long-hours, back-pain, dining, home-office",Tables & desks; Cafe furniture,"804.190.70 The shape of the chair backs are adapted to fit the corners of the table, so you save space when the chairs are pushed up against the table.Table (length 84 cm, width 84 cm, height 75 cm). Chair (width 61 cm, depth 53 cm, height 76 cm, seat height 46 cm, seat width 55 cm, seat depth 39 cm).",https://www.ikea.com/sa/en/p/fusion-table-and-4-chairs-black-brown-chrome-plated-80419070/
39306250,"LERHAMN - Table and 4 chairs, 118x74 cm",Chairs,23006,979.0,60,,a supportive seat that keeps you comfortable while sitting,"long-hours, back-pain, dining, home-office",Tables & desks; Cafe furniture,Nike Karlsson,https://www.ikea.com/sa/en/p/lerhamn-table-and-4-chairs-black-brown-vittaryd-beige-s39306250/
90219829,"BEKVÄM - Stepladder, 3 steps, 63 cm",Chairs,4582,195.0,60,,a supportive seat that keeps you comfortable while sitting,"long-hours, back-pain, dining, home-office",Tables & desks; Cafe furniture,IKEA of Sweden,https://www.ikea.com/sa/en/p/bekvaem-stepladder-3-steps-black-90219829/
19161489,"MELLTORP / NISSE - Table and 2 folding chairs, 75 cm",Chairs,6980,297.0,60,,a supportive seat that keeps you comfortable while sitting,"long-hours, back-pain, dining, home-office",Tables & desks; Cafe furniture,Lisa Norinder,https://www.ikea.com/sa/en/p/melltorp-nisse-table-and-2-folding-chairs-white-white-s19161489/
79296857,"EKEDALEN / EKEDALEN - Table and 4 chairs, 120/180 cm",Chairs,39832,1695.0,60,,a supportive seat that keeps you comfortable while sitting,"long-hours, back-pain, dining, home-office",Tables & desks; Cafe furniture,Ehlén Johansson,https://www.ikea.com/sa/en/p/ekedalen-ekedalen-table-and-4-chairs-white-orrsta-light-grey-s79296857/
79912760,"NORBERG / NISSE - Table and 1 chair, 74 cm",Chairs,7614,324.0,60,,a supportive seat that keeps you comfortable while sitting,"long-hours, back-pain, dining, home-office",Tables & desks; Cafe furniture,Lisa Norinder/Marcus Arvonen,https://www.ikea.com/sa/en/p/norberg-nisse-table-and-1-chair-white-chrome-plated-white-s79912760/
80371520,"TROGEN - Children's step stool, 40x38x33 cm",Chairs,2092,89.0,60,,a supportive seat that keeps you comfortable while sitting,"long-hours, back-pain, dining, home-office",Tables & desks; Cafe furniture,J Asshoff/H Brogård,https://www.ikea.com/sa/en/p/trogen-childrens-step-stool-yellow-80371520/
80290779,FLISAT - Children's bench,Chairs,3266,139.0,60,,a supportive seat that keeps you comfortable while sitting,"long-hours, back-pain, dining, home-office",Tables & desks; Cafe furniture,Sarah Fager,https://www.ikea.com/sa/en/p/flisat-childrens-bench-adjustable-80290779/
10115067,NISSE - Folding chair,Chairs,2326,99.0,60,,a supportive seat that keeps you comfortable while sitting,"long-hours, back-pain, dining, home-office",Tables & desks; Cafe furniture,Lisa Norinder,https://www.ikea.com/sa/en/p/nisse-folding-chair-high-gloss-white-chrome-plated-10115067/
19252168,"MELLTORP / TEODORES - Table and 4 chairs, 125 cm",Chairs,11726,499.0,60,,a supportive seat that keeps you comfortable while sitting,"long-hours, back-pain, dining, home-office",Tables & desks; Cafe furniture,David Wahl/Lisa Norinder,https://www.ikea.com/sa/en/p/melltorp-teodores-table-and-4-chairs-white-bright-orange-s19252168/
410120,"HILLARED - Chair pad, 36x36x3.0 cm",Chairs,822,35.0,60,,a supportive seat that keeps you comfortable while sitting,"long-hours, back-pain, dining, home-office",Tables & desks; Cafe furniture,IKEA of Sweden,https://www.ikea.com/sa/en/p/hillared-chair-pad-beige-00410120/
59306268,"LERHAMN - Table and 2 chairs, 74x74 cm",Chairs,13842,589.0,60,,a supportive seat that keeps you comfortable while sitting,"long-hours, back-pain, dining, home-office",Tables & desks; Cafe furniture,Nike Karlsson,https://www.ikea.com/sa/en/p/lerhamn-table-and-2-chairs-black-brown-vittaryd-beige-s59306268/
69221278,"EKEDALEN / EKEDALEN - Table and 4 chairs, 120/180 cm",Chairs,39832,1695.0,60,,a supportive seat that keeps you comfortable while sitting,"long-hours, back-pain, dining, home-office",Tables & desks; Cafe furniture,Ehlén Johansson,https://www.ikea.com/sa/en/p/ekedalen-ekedalen-table-and-4-chairs-dark-brown-orrsta-light-grey-s69221278/
40301633,HENRIKSDAL - Chair cover,Chairs,1645,70.0,60,,a supportive seat that keeps you comfortable while sitting,"long-hours, back-pain, dining, home-office",Tables & desks; Cafe furniture,IKEA of Sweden,https://www.ikea.com/sa/en/p/henriksdal-chair-cover-nolhaga-grey-beige-40301633/
80341019,EKEDALEN - Chair,Chairs,5288,225.0,60,,a supportive seat that keeps you comfortable while sitting,"long-hours, back-pain, dining, home-office",Tables & desks; Cafe furniture,Ehlén Johansson,https://www.ikea.com/sa/en/p/ekedalen-chair-brown-orrsta-light-grey-80341019/
9010702,"MELLTORP / MARIUS - Table and 4 stools, 125 cm",Chairs,7026,299.0,60,,a supportive seat that keeps you comfortable while sitting,"long-hours, back-pain, dining, home-office",Tables & desks; Cafe furniture,Ola Wihlborg/Lisa Norinder,https://www.ikea.com/sa/en/p/melltorp-marius-table-and-4-stools-white-red-s09010702/
29180524,"STUVA / FÖLJA - Storage bench, 90x50x50 cm",Chairs,9048,385.0,60,,a supportive seat that keeps you comfortable while sitting,"long-hours, back-pain, dining, home-office",Tables & desks; Cafe furniture,Ebba Strandmark,https://www.ikea.com/sa/en/p/stuva-foelja-storage-bench-white-s29180524/
80418056,POÄNG - Children's armchair frame,Chairs,3149,134.0,60,,a supportive seat that keeps you comfortable while sitting,"long-hours, back-pain, dining, home-office",Tables & desks; Cafe furniture,Noboru Nakamura,https://www.ikea.com/sa/en/p/poaeng-childrens-armchair-frame-birch-veneer-80418056/
60247051,GAMLEBY - Chair,Chairs,6932,295.0,60,,a supportive seat that keeps you comfortable while sitting,"long-hours, back-pain, dining, home-office",Tables & desks; Cafe furniture,Nike Karlsson,https://www.ikea.com/sa/en/p/gamleby-chair-light-antique-stain-grey-60247051/
19280680,"INGATORP / INGOLF - Table and 6 chairs, 155/215 cm",Chairs,61452,2615.0,60,,a supportive seat that keeps you comfortable while sitting,"long-hours, back-pain, dining, home-office",Tables & desks; Cafe furniture,Ebba Strandmark/Carina Bengs,https://www.ikea.com/sa/en/p/ingatorp-ingolf-table-and-6-chairs-white-nordvalla-beige-s19280680/
29125410,NORSBORG - Chaise longue,Chairs,40890,1740.0,60,,a supportive seat that keeps you comfortable while sitting,"long-hours, back-pain, dining, home-office",Tables & desks; Cafe furniture,Ehlén Johansson,https://www.ikea.com/sa/en/p/norsborg-chaise-longue-finnsta-dark-grey-birch-s29125410/
79221310,"EKEDALEN / EKEDALEN - Table with 2 chairs and bench, 120/180 cm",Chairs,38540,1640.0,60,,a supportive seat that keeps you comfortable while sitting,"long-hours, back-pain, dining, home-office",Tables & desks; Cafe furniture,Ehlén Johansson,https://www.ikea.com/sa/en/p/ekedalen-ekedalen-table-with-2-chairs-and-bench-dark-brown-orrsta-light-grey-s79221310/
10141170,"HENRIKSDAL - Chair cover, long",Chairs,1645,70.0,60,,a supportive seat that keeps you comfortable while sitting,"long-hours, back-pain, dining, home-office",Tables & desks; Cafe furniture,IKEA of Sweden,https://www.ikea.com/sa/en/p/henriksdal-chair-cover-long-blekinge-white-10141170/
39221190,"TINGBY / LEIFARNE - Table and 6 chairs, 180 cm",Chairs,50878,2165.0,60,,a supportive seat that keeps you comfortable while sitting,"long-hours, back-pain, dining, home-office",Tables & desks; Cafe furniture,Mia Lagerman/Mikael Warnhammar,https://www.ikea.com/sa/en/p/tingby-leifarne-table-and-6-chairs-white-white-s39221190/
39297118,"LISABO / RÖNNINGE - Table and 4 chairs, 140x78 cm",Chairs,48762,2075.0,60,,a supportive seat that keeps you comfortable while sitting,"long-hours, back-pain, dining, home-office",Tables & desks; Cafe furniture,Maja Ganszyniec/K Hagberg/M Hagberg,https://www.ikea.com/sa/en/p/lisabo-roenninge-table-and-4-chairs-ash-veneer-birch-s39297118/
49191705,FÄRLÖV - Armchair,Chairs,28106,1196.0,60,,a supportive seat that keeps you comfortable while sitting,"long-hours, back-pain, dining, home-office",Tables & desks; Cafe furniture,Francis Cayouette,https://www.ikea.com/sa/en/p/faerloev-armchair-flodafors-white-s49191705/
79161561,"TORSBY / LEIFARNE - Table and 4 chairs, 135 cm",Chairs,39362,1675.0,60,,a supportive seat that keeps you comfortable while sitting,"long-hours, back-pain, dining, home-office",Tables & desks; Cafe furniture,IKEA of Sweden/Carl Öjerstam/Mia Lagerman,https://www.ikea.com/sa/en/p/torsby-leifarne-table-and-4-chairs-high-gloss-white-white-s79161561/
79288032,"MÖRBYLÅNGA / TOSSBERG - Table and 6 armchairs, 220x100 cm",Chairs,128428,5465.0,60,,a supportive seat that keeps you comfortable while sitting,"long-hours, back-pain, dining, home-office",Tables & desks; Cafe furniture,S Lanneskog/J Marnell/IKEA of Sweden,https://www.ikea.com/sa/en/p/moerbylanga-tossberg-table-and-6-armchairs-oak-veneer-brown-stained-metal-grey-s79288032/
89221319,"EKEDALEN / TOBIAS - Table and 6 chairs, 180/240 cm",Chairs,72028,3065.0,60,,a supportive seat that keeps you comfortable while sitting,"long-hours, back-pain, dining, home-office",Tables & desks; Cafe furniture,Carl Öjerstam/Ehlén Johansson,https://www.ikea.com/sa/en/p/ekedalen-tobias-table-and-6-chairs-dark-brown-blue-s89221319/
89304786,"LANEBERG / KARLJAN - Table and 4 chairs, 130/190x80 cm",Chairs,28082,1195.0,60,,a supportive seat that keeps you comfortable while sitting,"long-hours, back-pain, dining, home-office",Tables & desks; Cafe furniture,Francis Cayouette/K Hagberg/M Hagberg,https://www.ikea.com/sa/en/p/laneberg-karljan-table-and-4-chairs-white-red-red-s89304786/
50404824,BERNHARD - Chair,Chairs,17508,745.0,60,,a supportive seat that keeps you comfortable while sitting,"long-hours, back-pain, dining, home-office",Tables & desks; Cafe furniture,Ola Wihlborg,https://www.ikea.com/sa/en/p/bernhard-chair-chrome-plated-mjuk-golden-brown-50404824/
60403150,VEDBO - Chair,Chairs,13982,595.0,60,,a supportive seat that keeps you comfortable while sitting,"long-hours, back-pain, dining, home-office",Tables & desks; Cafe furniture,Francis Cayouette,https://www.ikea.com/sa/en/p/vedbo-chair-black-gunnared-dark-grey-60403150/
399033,GRÖNLID - Armchair,Chairs,28082,1195.0,60,,a supportive seat that keeps you comfortable while sitting,"long-hours, back-pain, dining, home-office",Tables & desks; Cafe furniture,IKEA of Sweden,https://www.ikea.com/sa/en/p/groenlid-armchair-kimstad-dark-brown-00399033/
9246088,"MÖRBYLÅNGA / BERNHARD - Table and 4 chairs, 140x85 cm",Chairs,123962,5275.0,60,,a supportive seat that keeps you comfortable while sitting,"long-hours, back-pain, dining, home-office",Tables & desks; Cafe furniture,Ola Wihlborg/S Lanneskog/J Marnell,https://www.ikea.com/sa/en/p/moerbylanga-bernhard-table-and-4-chairs-brown-mjuk-dark-brown-s09246088/
9285701,"INGATORP / INGOLF - Table and 6 chairs, 155/215x87 cm",Chairs,70852,3015.0,60,,a supportive seat that keeps you comfortable while sitting,"long-hours, back-pain, dining, home-office",Tables & desks; Cafe furniture,Carina Bengs/IKEA of Sweden/E Strandmark,https://www.ikea.com/sa/en/p/ingatorp-ingolf-table-and-6-chairs-black-sporda-dark-grey-s09285701/
9289327,DELAKTIG - Chaise longue with armrest,Chairs,63450,2700.0,60,,a supportive seat that keeps you comfortable while sitting,"long-hours, back-pain, dining, home-office",Tables & desks; Cafe furniture,Tom Dixon,https://www.ikea.com/sa/en/p/delaktig-chaise-longue-with-armrest-gunnared-light-brown-pink-s09289327/
429426,HATTEFJÄLL - Pair of armrests,Chairs,3525,150.0,60,,a supportive seat that keeps you comfortable while sitting,"long-hours, back-pain, dining, home-office",Tables & desks; Cafe furniture,Monika Mulder,https://www.ikea.com/sa/en/p/hattefjaell-pair-of-armrests-black-00429426/
10198604,KIVIK - Chaise longue,Chairs,61100,2600.0,60,,a supportive seat that keeps you comfortable while sitting,"long-hours, back-pain, dining, home-office",Tables & desks; Cafe furniture,Ola Wihlborg,https://www.ikea.com/sa/en/p/kivik-chaise-longue-grann-bomstad-black-10198604/
10288628,BRORINGE - Underframe,Chairs,2232,95.0,60,,a supportive seat that keeps you comfortable while sitting,"long-hours, back-pain, dining, home-office",Tables & desks; Cafe furniture,Mia Lagerman,https://www.ikea.com/sa/en/p/broringe-underframe-chrome-plated-10288628/
10471085,GRUVBYN - Chair,Chairs,12808,545.0,60,,a supportive seat that keeps you comfortable while sitting,"long-hours, back-pain, dining, home-office",Tables & desks; Cafe furniture,"104.710.85 The chair legs are made of solid wood, which is a durable natural material.You sit comfortably thanks to the high back and seat with polyester wadding.For increased stability, re-tighten the screws about two weeks after assembly and when necessary.This chair has been tested for home use and meets the requirements for durability and safety, set forth in the following standards: EN 12520 and EN 1022.",https://www.ikea.com/sa/en/p/gruvbyn-chair-brown-nordvalla-dark-beige-10471085/
19131652,"MÖRBYLÅNGA / LEIFARNE - Table and 6 chairs, 220x100 cm",Chairs,86128,3665.0,60,,a supportive seat that keeps you comfortable while sitting,"long-hours, back-pain, dining, home-office",Tables & desks; Cafe furniture,S Lanneskog/J Marnell/Mia Lagerman,https://www.ikea.com/sa/en/p/moerbylanga-leifarne-table-and-6-chairs-brown-white-s19131652/
19197704,SVENBERTIL - Chair with armrests,Chairs,6462,275.0,60,,a supportive seat that keeps you comfortable while sitting,"long-hours, back-pain, dining, home-office",Tables & desks; Cafe furniture,Mia Lagerman,https://www.ikea.com/sa/en/p/svenbertil-chair-with-armrests-white-dietmar-chrome-plated-s19197704/
19240750,"INGATORP / INGATORP - Table and 4 chairs, 155 cm",Chairs,64038,2725.0,60,,a supportive seat that keeps you comfortable while sitting,"long-hours, back-pain, dining, home-office",Tables & desks; Cafe furniture,Ebba Strandmark/Carina Bengs,https://www.ikea.com/sa/en/p/ingatorp-ingatorp-table-and-4-chairs-white-s19240750/
19246097,"MÖRBYLÅNGA / LEIFARNE - Table and 4 chairs, 140x85 cm",Chairs,72262,3075.0,60,,a supportive seat that keeps you comfortable while sitting,"long-hours, back-pain, dining, home-office",Tables & desks; Cafe furniture,Mia Lagerman/S Lanneskog/J Marnell,https://www.ikea.com/sa/en/p/moerbylanga-leifarne-table-and-4-chairs-brown-white-s19246097/
19252173,"VANGSTA / TEODORES - Table and 4 chairs, 120/180 cm",Chairs,19858,845.0,60,,a supportive seat that keeps you comfortable while sitting,"long-hours, back-pain, dining, home-office",Tables & desks; Cafe furniture,IKEA of Sweden/David Wahl,https://www.ikea.com/sa/en/p/vangsta-teodores-table-and-4-chairs-white-bright-orange-s19252173/
20153068,BERNHARD - Chair,Chairs,17508,745.0,60,,a supportive seat that keeps you comfortable while sitting,"long-hours, back-pain, dining, home-office",Tables & desks; Cafe furniture,Ola Wihlborg,https://www.ikea.com/sa/en/p/bernhard-chair-chrome-plated-kavat-mjuk-white-20153068/
29161573,"MÖRBYLÅNGA / BERNHARD - Table and 6 chairs, 220x100 cm",Chairs,163678,6965.0,60,,a supportive seat that keeps you comfortable while sitting,"long-hours, back-pain, dining, home-office",Tables & desks; Cafe furniture,S Lanneskog/J Marnell/Ola Wihlborg,https://www.ikea.com/sa/en/p/moerbylanga-bernhard-table-and-6-chairs-brown-kavat-dark-brown-s29161573/
30339896,SVENBERTIL - Seat shell,Chairs,2350,100.0,60,,a supportive seat that keeps you comfortable while sitting,"long-hours, back-pain, dining, home-office",Tables & desks; Cafe furniture,Mia Lagerman,https://www.ikea.com/sa/en/p/svenbertil-seat-shell-white-30339896/
39297255,"NORRÅKER / RÖNNINGE - Table and 2 chairs, 74x74 cm",Chairs,25498,1085.0,60,,a supportive seat that keeps you comfortable while sitting,"long-hours, back-pain, dining, home-office",Tables & desks; Cafe furniture,J Karlsson/N Karlsson/Maja Ganszyniec,https://www.ikea.com/sa/en/p/norraker-roenninge-table-and-2-chairs-birch-green-s39297255/
49305165,"NORDVIKEN / NORDVIKEN - Table and 4 chairs, 152/223x95 cm",Chairs,56282,2395.0,60,,a supportive seat that keeps you comfortable while sitting,"long-hours, back-pain, dining, home-office",Tables & desks; Cafe furniture,Francis Cayouette,https://www.ikea.com/sa/en/p/nordviken-nordviken-table-and-4-chairs-white-white-s49305165/
50165079,BLÅMES - Highchair with tray,Chairs,8812,375.0,60,,a supportive seat that keeps you comfortable while sitting,"long-hours, back-pain, dining, home-office",Tables & desks; Cafe furniture,Tina Christensen,https://www.ikea.com/sa/en/p/blames-highchair-with-tray-black-50165079/
59246043,"MÖRBYLÅNGA / BERNHARD - Table and 4 chairs, 140x85 cm",Chairs,123962,5275.0,60,,a supportive seat that keeps you comfortable while sitting,"long-hours, back-pain, dining, home-office",Tables & desks; Cafe furniture,Ola Wihlborg/S Lanneskog/J Marnell,https://www.ikea.com/sa/en/p/moerbylanga-bernhard-table-and-4-chairs-brown-mjuk-white-s59246043/
59252190,"TINGBY / LEIFARNE - Table and 6 chairs, 180x90 cm",Chairs,50878,2165.0,60,,a supportive seat that keeps you comfortable while sitting,"long-hours, back-pain, dining, home-office",Tables & desks; Cafe furniture,Mikael Warnhammar/Mia Lagerman,https://www.ikea.com/sa/en/p/tingby-leifarne-table-and-6-chairs-white-white-s59252190/
59254165,"INGATORP / INGOLF - Table and 4 chairs, 110/155 cm",Chairs,64038,2725.0,60,,a supportive seat that keeps you comfortable while sitting,"long-hours, back-pain, dining, home-office",Tables & desks; Cafe furniture,Ebba Strandmark/Carina Bengs,https://www.ikea.com/sa/en/p/ingatorp-ingolf-table-and-4-chairs-white-nordvalla-beige-s59254165/
69221339,"EKEDALEN / HENRIKSDAL - Table and 4 chairs, 120/180 cm",Chairs,46412,1975.0,60,,a supportive seat that keeps you comfortable while sitting,"long-hours, back-pain, dining, home-office",Tables & desks; Cafe furniture,Ehlén Johansson/IKEA of Sweden,https://www.ikea.com/sa/en/p/ekedalen-henriksdal-table-and-4-chairs-white-orrsta-light-grey-s69221339/
69229217,"EKEDALEN / BERNHARD - Table and 6 chairs, 180/240 cm",Chairs,128428,5465.0,60,,a supportive seat that keeps you comfortable while sitting,"long-hours, back-pain, dining, home-office",Tables & desks; Cafe furniture,Ehlén Johansson/Ola Wihlborg,https://www.ikea.com/sa/en/p/ekedalen-bernhard-table-and-6-chairs-brown-mjuk-white-s69229217/
69229222,"EKEDALEN / HENRIKSDAL - Table and 6 chairs, 180/240 cm",Chairs,64978,2765.0,60,,a supportive seat that keeps you comfortable while sitting,"long-hours, back-pain, dining, home-office",Tables & desks; Cafe furniture,IKEA of Sweden/Ehlén Johansson,https://www.ikea.com/sa/en/p/ekedalen-henriksdal-table-and-6-chairs-brown-ramna-orrsta-light-grey-s69229222/
60334722,TOBIAS - Chair,Chairs,8108,345.0,60,,a supportive seat that keeps you comfortable while sitting,"long-hours, back-pain, dining, home-office",Tables & desks; Cafe furniture,Carl Öjerstam,https://www.ikea.com/sa/en/p/tobias-chair-blue-chrome-plated-60334722/
69297230,"NORRÅKER / RÖNNINGE - Table and 4 chairs, 125x74 cm",Chairs,46436,1976.0,60,,a supportive seat that keeps you comfortable while sitting,"long-hours, back-pain, dining, home-office",Tables & desks; Cafe furniture,Maja Ganszyniec/J Karlsson/N Karlsson,https://www.ikea.com/sa/en/p/norraker-roenninge-table-and-4-chairs-birch-green-s69297230/
70465538,VOLFGANG - Stool,Chairs,4112,175.0,60,,a supportive seat that keeps you comfortable while sitting,"long-hours, back-pain, dining, home-office",Tables & desks; Cafe furniture,704.655.38 You sit comfortably thanks to the restful flexibility of the seat.You sit comfortably thanks to the padded seat.Velvet.The velvet reflects light in a characteristic way which may make the colour appear as if it changes.,https://www.ikea.com/sa/en/p/volfgang-stool-chrome-plated-gunnared-dark-grey-70465538/
79304763,"NORDVIKEN / NORDVIKEN - Table and 6 chairs, 210/289x105 cm",Chairs,78608,3345.0,60,,a supportive seat that keeps you comfortable while sitting,"long-hours, back-pain, dining, home-office",Tables & desks; Cafe furniture,Francis Cayouette,https://www.ikea.com/sa/en/p/nordviken-nordviken-table-and-6-chairs-black-black-s79304763/
89161565,"VÄSTANBY/VÄSTANÅ / BERNHARD - Table and 4 chairs, 170 cm",Chairs,100932,4295.0,60,,a supportive seat that keeps you comfortable while sitting,"long-hours, back-pain, dining, home-office",Tables & desks; Cafe furniture,Chris Martin/Ola Wihlborg/IKEA of Sweden,https://www.ikea.com/sa/en/p/vaestanby-vaestana-bernhard-table-and-4-chairs-dark-brown-kavat-dark-brown-s89161565/
89280714,"MÖRBYLÅNGA / BERNHARD - Table and 4 chairs, 140x85 cm",Chairs,123962,5275.0,60,,a supportive seat that keeps you comfortable while sitting,"long-hours, back-pain, dining, home-office",Tables & desks; Cafe furniture,Ola Wihlborg/S Lanneskog/J Marnell,https://www.ikea.com/sa/en/p/moerbylanga-bernhard-table-and-4-chairs-oak-veneer-mjuk-golden-brown-s89280714/
90471086,GRUVBYN - Chair,Chairs,12808,545.0,60,,a supportive seat that keeps you comfortable while sitting,"long-hours, back-pain, dining, home-office",Tables & desks; Cafe furniture,"904.710.86 The chair legs are made of solid wood, which is a durable natural material.You sit comfortably thanks to the high back and seat with polyester wadding.For increased stability, re-tighten the screws about two weeks after assembly and when necessary.This chair has been tested for home use and meets the requirements for durability and safety, set forth in the following standards: EN 12520 and EN 1022.",https://www.ikea.com/sa/en/p/gruvbyn-chair-brown-nordvalla-dark-grey-90471086/
90402352,VOLFGANG - Chair,Chairs,8812,375.0,60,,a supportive seat that keeps you comfortable while sitting,"long-hours, back-pain, dining, home-office",Tables & desks; Cafe furniture,IKEA of Sweden,https://www.ikea.com/sa/en/p/volfgang-chair-chrome-plated-bomstad-black-90402352/
99304781,"LANEBERG / KARLJAN - Table and 4 chairs, 130/190x80 cm",Chairs,28082,1195.0,60,,a supportive seat that keeps you comfortable while sitting,"long-hours, back-pain, dining, home-office",Tables & desks; Cafe furniture,K Hagberg/M Hagberg/Francis Cayouette,https://www.ikea.com/sa/en/p/laneberg-karljan-table-and-4-chairs-white-dark-grey-dark-grey-s99304781/
79161486,"MELLTORP / ADDE - Table and 4 chairs, 125 cm",Chairs,8436,359.0,60,,a supportive seat that keeps you comfortable while sitting,"long-hours, back-pain, dining, home-office",Tables & desks; Cafe furniture,Marcus Arvonen/Lisa Norinder,https://www.ikea.com/sa/en/p/melltorp-adde-table-and-4-chairs-white-black-s79161486/
19221351,"EKEDALEN / EKEDALEN - Table and 6 chairs, 180/240 cm",Chairs,55108,2345.0,60,,a supportive seat that keeps you comfortable while sitting,"long-hours, back-pain, dining, home-office",Tables & desks; Cafe furniture,Ehlén Johansson,https://www.ikea.com/sa/en/p/ekedalen-ekedalen-table-and-6-chairs-white-orrsta-light-grey-s19221351/
59221189,"VANGSTA / TEODORES - Table and 4 chairs, 120/180 cm",Chairs,21738,925.0,60,,a supportive seat that keeps you comfortable while sitting,"long-hours, back-pain, dining, home-office",Tables & desks; Cafe furniture,David Wahl/IKEA of Sweden,https://www.ikea.com/sa/en/p/vangsta-teodores-table-and-4-chairs-white-white-s59221189/
165213,URBAN - Junior chair,Chairs,5288,225.0,60,,a supportive seat that keeps you comfortable while sitting,"long-hours, back-pain, dining, home-office",Tables & desks; Cafe furniture,Carl Öjerstam,https://www.ikea.com/sa/en/p/urban-junior-chair-white-00165213/
39285771,"INGATORP / INGOLF - Table and 6 chairs, 155/215x87 cm",Chairs,70852,3015.0,60,,a supportive seat that keeps you comfortable while sitting,"long-hours, back-pain, dining, home-office",Tables & desks; Cafe furniture,IKEA of Sweden/E Strandmark/Carina Bengs,https://www.ikea.com/sa/en/p/ingatorp-ingolf-table-and-6-chairs-black-lingbo-multicolour-1-s39285771/
80404672,VOLFGANG - Chair,Chairs,8812,375.0,60,,a supportive seat that keeps you comfortable while sitting,"long-hours, back-pain, dining, home-office",Tables & desks; Cafe furniture,"804.046.72 You sit comfortably thanks to the restful flexibility of the seat.You sit comfortably thanks to the padded seat.This chair has been tested for home use and meets the requirements for durability and safety, set forth in the following standards: EN 12520 and EN 1022.",https://www.ikea.com/sa/en/p/volfgang-chair-chrome-plated-gunnared-medium-grey-80404672/
9252593,LANGUR - Junior/highchair,Chairs,8108,345.0,60,,a supportive seat that keeps you comfortable while sitting,"long-hours, back-pain, dining, home-office",Tables & desks; Cafe furniture,J Fritzdorf/J Feldman/J Hedberg,https://www.ikea.com/sa/en/p/langur-junior-highchair-white-s09252593/
39297236,"NORRÅKER / NORRARYD - Table and 4 chairs, 125x74 cm",Chairs,38446,1636.0,60,,a supportive seat that keeps you comfortable while sitting,"long-hours, back-pain, dining, home-office",Tables & desks; Cafe furniture,J Karlsson/N Karlsson/Nike Karlsson,https://www.ikea.com/sa/en/p/norraker-norraryd-table-and-4-chairs-birch-white-s39297236/
59161487,"MELLTORP / JANINGE - Table and 4 chairs, 125 cm",Chairs,25826,1099.0,60,,a supportive seat that keeps you comfortable while sitting,"long-hours, back-pain, dining, home-office",Tables & desks; Cafe furniture,Lisa Norinder/John/Jonas/Petrus/Paul/Caroline,https://www.ikea.com/sa/en/p/melltorp-janinge-table-and-4-chairs-white-white-s59161487/
19252615,LANGUR - Junior chair,Chairs,5522,235.0,60,,a supportive seat that keeps you comfortable while sitting,"long-hours, back-pain, dining, home-office",Tables & desks; Cafe furniture,J Fritzdorf/J Feldman/J Hedberg,https://www.ikea.com/sa/en/p/langur-junior-chair-white-s19252615/
50185303,NORRNÄS - Chair,Chairs,7638,325.0,60,,a supportive seat that keeps you comfortable while sitting,"long-hours, back-pain, dining, home-office",Tables & desks; Cafe furniture,Mikael Warnhammar,https://www.ikea.com/sa/en/p/norrnaes-chair-white-isunda-grey-50185303/
69297268,"NORRÅKER / NORRARYD - Table and 2 chairs, 74x74 cm",Chairs,21502,915.0,60,,a supportive seat that keeps you comfortable while sitting,"long-hours, back-pain, dining, home-office",Tables & desks; Cafe furniture,Nike Karlsson/J Karlsson/N Karlsson,https://www.ikea.com/sa/en/p/norraker-norraryd-table-and-2-chairs-birch-white-s69297268/
90146456,INGOLF - Junior chair,Chairs,6462,275.0,60,,a supportive seat that keeps you comfortable while sitting,"long-hours, back-pain, dining, home-office",Tables & desks; Cafe furniture,Carina Bengs,https://www.ikea.com/sa/en/p/ingolf-junior-chair-white-90146456/
99296899,"MELLTORP / TEODORES - Table and 2 chairs, 75x75 cm",Chairs,5852,249.0,60,,a supportive seat that keeps you comfortable while sitting,"long-hours, back-pain, dining, home-office",Tables & desks; Cafe furniture,David Wahl/Lisa Norinder,https://www.ikea.com/sa/en/p/melltorp-teodores-table-and-2-chairs-white-bright-orange-s99296899/
50348668,"YPPERLIG - Children's bench, 65x35 cm",Chairs,4582,195.0,60,,a supportive seat that keeps you comfortable while sitting,"long-hours, back-pain, dining, home-office",Tables & desks; Cafe furniture,HAY,https://www.ikea.com/sa/en/p/ypperlig-childrens-bench-beech-dark-red-50348668/
20163802,BERNHARD - Chair,Chairs,17508,745.0,60,,a supportive seat that keeps you comfortable while sitting,"long-hours, back-pain, dining, home-office",Tables & desks; Cafe furniture,Ola Wihlborg,https://www.ikea.com/sa/en/p/bernhard-chair-chrome-plated-kavat-mjuk-dark-brown-20163802/
20396420,FJÄLLBERGET - Conference chair with castors,Chairs,23382,995.0,60,,a supportive seat that keeps you comfortable while sitting,"long-hours, back-pain, dining, home-office",Tables & desks; Cafe furniture,H Preutz/N Karlsson,https://www.ikea.com/sa/en/p/fjaellberget-conference-chair-with-castors-black-stained-ash-veneer-gunnared-dark-grey-20396420/
39221307,"EKEDALEN / HENRIKSDAL - Table and 6 chairs, 180/240 cm",Chairs,64978,2765.0,60,,a supportive seat that keeps you comfortable while sitting,"long-hours, back-pain, dining, home-office",Tables & desks; Cafe furniture,IKEA of Sweden/Ehlén Johansson,https://www.ikea.com/sa/en/p/ekedalen-henriksdal-table-and-6-chairs-dark-brown-orrsta-light-grey-s39221307/
50402325,MÄSTERBY - Step stool,Chairs,3408,145.0,60,,a supportive seat that keeps you comfortable while sitting,"long-hours, back-pain, dining, home-office",Tables & desks; Cafe furniture,Chris Martin,https://www.ikea.com/sa/en/p/maesterby-step-stool-brown-red-50402325/
59254170,"INGATORP / INGOLF - Table and 4 chairs, 110/155 cm",Chairs,64038,2725.0,60,,a supportive seat that keeps you comfortable while sitting,"long-hours, back-pain, dining, home-office",Tables & desks; Cafe furniture,Ebba Strandmark/Carina Bengs,https://www.ikea.com/sa/en/p/ingatorp-ingolf-table-and-4-chairs-black-nolhaga-grey-beige-s59254170/
69221297,"EKEDALEN / ODGER - Table and 4 chairs, 120/180 cm",Chairs,46412,1975.0,60,,a supportive seat that keeps you comfortable while sitting,"long-hours, back-pain, dining, home-office",Tables & desks; Cafe furniture,Ehlén Johansson/J Löfgren/J Pettersson,https://www.ikea.com/sa/en/p/ekedalen-odger-table-and-4-chairs-dark-brown-blue-s69221297/
69297249,"NORRÅKER / RÖNNINGE - Table and 2 chairs, 74x74 cm",Chairs,25498,1085.0,60,,a supportive seat that keeps you comfortable while sitting,"long-hours, back-pain, dining, home-office",Tables & desks; Cafe furniture,Maja Ganszyniec/J Karlsson/N Karlsson,https://www.ikea.com/sa/en/p/norraker-roenninge-table-and-2-chairs-birch-birch-s69297249/
80308675,"BALSBERGET - Chair frame, swivel",Chairs,4935,210.0,60,,a supportive seat that keeps you comfortable while sitting,"long-hours, back-pain, dining, home-office",Tables & desks; Cafe furniture,803.086.75 This product has been developed and tested for domestic use.To be completed with LEIFARNE or SVENBERTIL seat shell.,https://www.ikea.com/sa/en/p/balsberget-chair-frame-swivel-white-80308675/
99304762,"LANEBERG / KARLJAN - Table and 4 chairs, 130/190x80 cm",Chairs,28082,1195.0,60,,a supportive seat that keeps you comfortable while sitting,"long-hours, back-pain, dining, home-office",Tables & desks; Cafe furniture,Francis Cayouette/K Hagberg/M Hagberg,https://www.ikea.com/sa/en/p/laneberg-karljan-table-and-4-chairs-brown-dark-grey-dark-grey-s99304762/
287974,ERNFRID - Underframe,Chairs,3408,145.0,60,,a supportive seat that keeps you comfortable while sitting,"long-hours, back-pain, dining, home-office",Tables & desks; Cafe furniture,Mia Lagerman,https://www.ikea.com/sa/en/p/ernfrid-underframe-birch-silver-colour-00287974/
9240779,"INGATORP / INGATORP - Table and 4 chairs, 155 cm",Chairs,64038,2725.0,60,,a supportive seat that keeps you comfortable while sitting,"long-hours, back-pain, dining, home-office",Tables & desks; Cafe furniture,Carina Bengs/Ebba Strandmark,https://www.ikea.com/sa/en/p/ingatorp-ingatorp-table-and-4-chairs-black-s09240779/
380948,HENRIKSDAL - Chair,Chairs,13982,595.0,60,,a supportive seat that keeps you comfortable while sitting,"long-hours, back-pain, dining, home-office",Tables & desks; Cafe furniture,Karl Malmvall,https://www.ikea.com/sa/en/p/henriksdal-chair-dark-brown-glose-black-00380948/
9252197,"INGATORP / INGATORP - Table and 4 chairs, 100/155 cm",Chairs,75788,3225.0,60,,a supportive seat that keeps you comfortable while sitting,"long-hours, back-pain, dining, home-office",Tables & desks; Cafe furniture,Ebba Strandmark/Carina Bengs,https://www.ikea.com/sa/en/p/ingatorp-ingatorp-table-and-4-chairs-black-s09252197/
19103183,"VÄSTANBY/VÄSTANÅ / BERNHARD - Table and 4 chairs, 170 cm",Chairs,100932,4295.0,60,,a supportive seat that keeps you comfortable while sitting,"long-hours, back-pain, dining, home-office",Tables & desks; Cafe furniture,Chris Martin/Ola Wihlborg/IKEA of Sweden,https://www.ikea.com/sa/en/p/vaestanby-vaestana-bernhard-table-and-4-chairs-dark-brown-kavat-white-s19103183/
19130501,"SLÄHULT/DALSHULT / LEIFARNE - Table and 4 chairs, 185 cm",Chairs,46412,1975.0,60,,a supportive seat that keeps you comfortable while sitting,"long-hours, back-pain, dining, home-office",Tables & desks; Cafe furniture,Mia Lagerman/IKEA of Sweden/Wiebke Braasch,https://www.ikea.com/sa/en/p/slaehult-dalshult-leifarne-table-and-4-chairs-birch-white-s19130501/
19285927,"INGATORP / SAKARIAS - Table and 4 chairs, 110/155 cm",Chairs,94588,4025.0,60,,a supportive seat that keeps you comfortable while sitting,"long-hours, back-pain, dining, home-office",Tables & desks; Cafe furniture,Carina Bengs/IKEA of Sweden/E Strandmark,https://www.ikea.com/sa/en/p/ingatorp-sakarias-table-and-4-chairs-black-sporda-dark-grey-s19285927/
19297261,"NORRÅKER / NORRARYD - Table and 2 chairs, 74x74 cm",Chairs,21502,915.0,60,,a supportive seat that keeps you comfortable while sitting,"long-hours, back-pain, dining, home-office",Tables & desks; Cafe furniture,Nike Karlsson/J Karlsson/N Karlsson,https://www.ikea.com/sa/en/p/norraker-norraryd-table-and-2-chairs-birch-black-s19297261/
19830588,POÄNG - Armchair,Chairs,23382,995.0,60,,a supportive seat that keeps you comfortable while sitting,"long-hours, back-pain, dining, home-office",Tables & desks; Cafe furniture,Noboru Nakamura,https://www.ikea.com/sa/en/p/poaeng-armchair-birch-veneer-robust-glose-eggshell-s19830588/
29259838,"MÖRBYLÅNGA / VOLFGANG - Table and 6 chairs, 220x100 cm",Chairs,111508,4745.0,60,,a supportive seat that keeps you comfortable while sitting,"long-hours, back-pain, dining, home-office",Tables & desks; Cafe furniture,S Lanneskog/J Marnell,https://www.ikea.com/sa/en/p/moerbylanga-volfgang-table-and-6-chairs-brown-gunnared-medium-grey-s29259838/
29296874,"EKEDALEN / EKEDALEN - Table and 2 chairs, 80/120 cm",Chairs,29258,1245.0,60,,a supportive seat that keeps you comfortable while sitting,"long-hours, back-pain, dining, home-office",Tables & desks; Cafe furniture,Ehlén Johansson,https://www.ikea.com/sa/en/p/ekedalen-ekedalen-table-and-2-chairs-dark-brown-orrsta-light-grey-s29296874/
29296906,"MÖRBYLÅNGA / ODGER - Table and 6 chairs, 220x100 cm",Chairs,100228,4265.0,60,,a supportive seat that keeps you comfortable while sitting,"long-hours, back-pain, dining, home-office",Tables & desks; Cafe furniture,J Löfgren/J Pettersson/S Lanneskog/J Marnell,https://www.ikea.com/sa/en/p/moerbylanga-odger-table-and-6-chairs-oak-veneer-blue-s29296906/
29297232,"NORRÅKER / NORRARYD - Table and 4 chairs, 125x74 cm",Chairs,38446,1636.0,60,,a supportive seat that keeps you comfortable while sitting,"long-hours, back-pain, dining, home-office",Tables & desks; Cafe furniture,Nike Karlsson/J Karlsson/N Karlsson,https://www.ikea.com/sa/en/p/norraker-norraryd-table-and-4-chairs-birch-black-s29297232/
29304765,"NORDVIKEN / NORDVIKEN - Table and 6 chairs, 210/289x105 cm",Chairs,78608,3345.0,60,,a supportive seat that keeps you comfortable while sitting,"long-hours, back-pain, dining, home-office",Tables & desks; Cafe furniture,Francis Cayouette,https://www.ikea.com/sa/en/p/nordviken-nordviken-table-and-6-chairs-white-white-s29304765/
39256599,GRÖNLID - Chaise longue,Chairs,51700,2200.0,60,,a supportive seat that keeps you comfortable while sitting,"long-hours, back-pain, dining, home-office",Tables & desks; Cafe furniture,Francis Cayouette,https://www.ikea.com/sa/en/p/groenlid-chaise-longue-kimstad-dark-brown-s39256599/
39297123,"LISABO / RÖNNINGE - Table and 4 chairs, 140x78 cm",Chairs,48762,2075.0,60,,a supportive seat that keeps you comfortable while sitting,"long-hours, back-pain, dining, home-office",Tables & desks; Cafe furniture,K Hagberg/M Hagberg/Maja Ganszyniec,https://www.ikea.com/sa/en/p/lisabo-roenninge-table-and-4-chairs-ash-veneer-green-s39297123/
39305161,"NORDVIKEN / HENRIKSDAL - Table and 4 chairs, 152/223x95 cm",Chairs,62862,2675.0,60,,a supportive seat that keeps you comfortable while sitting,"long-hours, back-pain, dining, home-office",Tables & desks; Cafe furniture,Francis Cayouette/IKEA of Sweden,https://www.ikea.com/sa/en/p/nordviken-henriksdal-table-and-4-chairs-black-blekinge-white-s39305161/
39305180,"NORDVIKEN / LEIFARNE - Table and 4 chairs, 152/223x95 cm",Chairs,53462,2275.0,60,,a supportive seat that keeps you comfortable while sitting,"long-hours, back-pain, dining, home-office",Tables & desks; Cafe furniture,Francis Cayouette/Mia Lagerman,https://www.ikea.com/sa/en/p/nordviken-leifarne-table-and-4-chairs-white-broringe-white-s39305180/
39307706,"VEDBO / VEDBO - Table and 6 chairs, 240x105 cm",Chairs,137828,5865.0,60,,a supportive seat that keeps you comfortable while sitting,"long-hours, back-pain, dining, home-office",Tables & desks; Cafe furniture,Francis Cayouette,https://www.ikea.com/sa/en/p/vedbo-vedbo-table-and-6-chairs-black-black-s39307706/
49103247,"LISABO / JANINGE - Table and 4 chairs, 140x78 cm",Chairs,37482,1595.0,60,,a supportive seat that keeps you comfortable while sitting,"long-hours, back-pain, dining, home-office",Tables & desks; Cafe furniture,K Hagberg/M Hagberg/John/Jonas/Petrus/Paul/Caroline,https://www.ikea.com/sa/en/p/lisabo-janinge-table-and-4-chairs-ash-veneer-white-s49103247/
49221298,"EKEDALEN / LEIFARNE - Table and 4 chairs, 120/180 cm",Chairs,37012,1575.0,60,,a supportive seat that keeps you comfortable while sitting,"long-hours, back-pain, dining, home-office",Tables & desks; Cafe furniture,Mia Lagerman/Ehlén Johansson,https://www.ikea.com/sa/en/p/ekedalen-leifarne-table-and-4-chairs-dark-brown-white-s49221298/
49221321,"EKEDALEN / ODGER - Table and 6 chairs, 180/240 cm",Chairs,64978,2765.0,60,,a supportive seat that keeps you comfortable while sitting,"long-hours, back-pain, dining, home-office",Tables & desks; Cafe furniture,Ehlén Johansson/J Löfgren/J Pettersson,https://www.ikea.com/sa/en/p/ekedalen-odger-table-and-6-chairs-dark-brown-white-beige-s49221321/
49229261,"EKEDALEN / HENRIKSDAL - Table and 6 chairs, 180/240 cm",Chairs,64978,2765.0,60,,a supportive seat that keeps you comfortable while sitting,"long-hours, back-pain, dining, home-office",Tables & desks; Cafe furniture,Ehlén Johansson/IKEA of Sweden,https://www.ikea.com/sa/en/p/ekedalen-henriksdal-table-and-6-chairs-dark-brown-orrsta-ramna-light-grey-s49229261/
49252181,"LISABO / SVENBERTIL - Table and 4 chairs, 140x78 cm",Chairs,34662,1475.0,60,,a supportive seat that keeps you comfortable while sitting,"long-hours, back-pain, dining, home-office",Tables & desks; Cafe furniture,K Hagberg/M Hagberg/Mia Lagerman,https://www.ikea.com/sa/en/p/lisabo-svenbertil-table-and-4-chairs-black-black-s49252181/
49297293,"TINGBY / NILSOVE - Table and 4 chairs, 180x90 cm",Chairs,60512,2575.0,60,,a supportive seat that keeps you comfortable while sitting,"long-hours, back-pain, dining, home-office",Tables & desks; Cafe furniture,Mikael Warnhammar/A Fredriksson/J Hultqvist/W Chong,https://www.ikea.com/sa/en/p/tingby-nilsove-table-and-4-chairs-white-rattan-white-s49297293/
49304769,"NORDVIKEN / LEIFARNE - Table and 6 chairs, 210/289x105 cm",Chairs,74378,3165.0,60,,a supportive seat that keeps you comfortable while sitting,"long-hours, back-pain, dining, home-office",Tables & desks; Cafe furniture,Francis Cayouette/Mia Lagerman,https://www.ikea.com/sa/en/p/nordviken-leifarne-table-and-6-chairs-white-dark-yellow-white-s49304769/
50393000,DIETMAR - Underframe for chair with armrests,Chairs,4112,175.0,60,,a supportive seat that keeps you comfortable while sitting,"long-hours, back-pain, dining, home-office",Tables & desks; Cafe furniture,Mia Lagerman,https://www.ikea.com/sa/en/p/dietmar-underframe-for-chair-with-armrests-white-50393000/
59161492,"MÖCKELBY / NORRARYD - Table and 6 chairs, 235x100 cm",Chairs,95292,4055.0,60,,a supportive seat that keeps you comfortable while sitting,"long-hours, back-pain, dining, home-office",Tables & desks; Cafe furniture,Marcus Arvonen/Nike Karlsson,https://www.ikea.com/sa/en/p/moeckelby-norraryd-table-and-6-chairs-oak-black-s59161492/
59277015,"MÖCKELBY / HENRIKSDAL - Table and 6 chairs, 235x100 cm",Chairs,100228,4265.0,60,,a supportive seat that keeps you comfortable while sitting,"long-hours, back-pain, dining, home-office",Tables & desks; Cafe furniture,IKEA of Sweden/Marcus Arvonen,https://www.ikea.com/sa/en/p/moeckelby-henriksdal-table-and-6-chairs-oak-dark-brown-blekinge-white-s59277015/
59305061,"MÖRBYLÅNGA / ODGER - Table and 6 chairs, 220x100 cm",Chairs,100228,4265.0,60,,a supportive seat that keeps you comfortable while sitting,"long-hours, back-pain, dining, home-office",Tables & desks; Cafe furniture,S Lanneskog/J Marnell/J Löfgren/J Pettersson,https://www.ikea.com/sa/en/p/moerbylanga-odger-table-and-6-chairs-oak-veneer-anthracite-s59305061/
59305155,"NORDVIKEN / NORDVIKEN - Table and 4 chairs, 152/223x95 cm",Chairs,56282,2395.0,60,,a supportive seat that keeps you comfortable while sitting,"long-hours, back-pain, dining, home-office",Tables & desks; Cafe furniture,Francis Cayouette,https://www.ikea.com/sa/en/p/nordviken-nordviken-table-and-4-chairs-black-black-s59305155/
59829125,POÄNG - Armchair,Chairs,23382,995.0,60,,a supportive seat that keeps you comfortable while sitting,"long-hours, back-pain, dining, home-office",Tables & desks; Cafe furniture,Noboru Nakamura,https://www.ikea.com/sa/en/p/poaeng-armchair-black-brown-robust-glose-dark-brown-s59829125/
69130612,"VÄSTANBY/VÄSTANÅ / LEIFARNE - Table and 4 chairs, 170 cm",Chairs,49232,2095.0,60,,a supportive seat that keeps you comfortable while sitting,"long-hours, back-pain, dining, home-office",Tables & desks; Cafe furniture,Mia Lagerman/IKEA of Sweden/Chris Martin,https://www.ikea.com/sa/en/p/vaestanby-vaestana-leifarne-table-and-4-chairs-dark-brown-white-s69130612/
69161552,"RYDEBÄCK/BACKARYD / JANINGE - Table and 4 chairs, 150 cm",Chairs,32782,1395.0,60,,a supportive seat that keeps you comfortable while sitting,"long-hours, back-pain, dining, home-office",Tables & desks; Cafe furniture,David Wahl/IKEA of Sweden/John/Jonas/Petrus/Paul/Caroline,https://www.ikea.com/sa/en/p/rydebaeck-backaryd-janinge-table-and-4-chairs-white-white-s69161552/
69221283,"EKEDALEN / ODGER - Table and 2 chairs, 80/120 cm",Chairs,27002,1149.0,60,,a supportive seat that keeps you comfortable while sitting,"long-hours, back-pain, dining, home-office",Tables & desks; Cafe furniture,Ehlén Johansson/J Löfgren/J Pettersson,https://www.ikea.com/sa/en/p/ekedalen-odger-table-and-2-chairs-dark-brown-brown-s69221283/
69221320,"EKEDALEN / HENRIKSDAL - Table and 6 chairs, 180/240 cm",Chairs,107278,4565.0,60,,a supportive seat that keeps you comfortable while sitting,"long-hours, back-pain, dining, home-office",Tables & desks; Cafe furniture,Karl Malmvall/Ehlén Johansson,https://www.ikea.com/sa/en/p/ekedalen-henriksdal-table-and-6-chairs-dark-brown-glose-black-s69221320/
69221344,"EKEDALEN / ODGER - Table and 4 chairs, 120/180 cm",Chairs,46412,1975.0,60,,a supportive seat that keeps you comfortable while sitting,"long-hours, back-pain, dining, home-office",Tables & desks; Cafe furniture,Ehlén Johansson/J Löfgren/J Pettersson,https://www.ikea.com/sa/en/p/ekedalen-odger-table-and-4-chairs-white-blue-s69221344/
69221438,"EKEDALEN / ODGER - Table and 4 chairs, 120/180 cm",Chairs,46412,1975.0,60,,a supportive seat that keeps you comfortable while sitting,"long-hours, back-pain, dining, home-office",Tables & desks; Cafe furniture,Ehlén Johansson/J Löfgren/J Pettersson,https://www.ikea.com/sa/en/p/ekedalen-odger-table-and-4-chairs-brown-white-beige-s69221438/
69251821,"MÖRBYLÅNGA / VOLFGANG - Table and 4 chairs, 140x85 cm",Chairs,89182,3795.0,60,,a supportive seat that keeps you comfortable while sitting,"long-hours, back-pain, dining, home-office",Tables & desks; Cafe furniture,S Lanneskog/J Marnell/IKEA of Sweden,https://www.ikea.com/sa/en/p/moerbylanga-volfgang-table-and-4-chairs-brown-bomstad-black-s69251821/
69276256,"MÖCKELBY / HENRIKSDAL - Table and 6 chairs, 235x100 cm",Chairs,100228,4265.0,60,,a supportive seat that keeps you comfortable while sitting,"long-hours, back-pain, dining, home-office",Tables & desks; Cafe furniture,Marcus Arvonen/IKEA of Sweden,https://www.ikea.com/sa/en/p/moeckelby-henriksdal-table-and-6-chairs-white-blekinge-white-s69276256/
69305174,"NORDVIKEN / NORRARYD - Table and 4 chairs, 152/223x95 cm",Chairs,59572,2535.0,60,,a supportive seat that keeps you comfortable while sitting,"long-hours, back-pain, dining, home-office",Tables & desks; Cafe furniture,Francis Cayouette/Nike Karlsson,https://www.ikea.com/sa/en/p/nordviken-norraryd-table-and-4-chairs-white-black-s69305174/
70288630,DIETMAR - Underframe for chair with armrests,Chairs,4112,175.0,60,,a supportive seat that keeps you comfortable while sitting,"long-hours, back-pain, dining, home-office",Tables & desks; Cafe furniture,Mia Lagerman,https://www.ikea.com/sa/en/p/dietmar-underframe-for-chair-with-armrests-chrome-plated-70288630/
79229212,"EKEDALEN / ODGER - Table and 6 chairs, 180/240 cm",Chairs,64978,2765.0,60,,a supportive seat that keeps you comfortable while sitting,"long-hours, back-pain, dining, home-office",Tables & desks; Cafe furniture,Ehlén Johansson/J Löfgren/J Pettersson,https://www.ikea.com/sa/en/p/ekedalen-odger-table-and-6-chairs-dark-brown-white-beige-s79229212/
79277019,"MÖCKELBY / ODGER - Table and 6 chairs, 235x100 cm",Chairs,100228,4265.0,60,,a supportive seat that keeps you comfortable while sitting,"long-hours, back-pain, dining, home-office",Tables & desks; Cafe furniture,J Löfgren/J Pettersson/Marcus Arvonen,https://www.ikea.com/sa/en/p/moeckelby-odger-table-and-6-chairs-oak-white-beige-s79277019/
89252202,"INGATORP / INGATORP - Table and 4 chairs, 110/155 cm",Chairs,75788,3225.0,60,,a supportive seat that keeps you comfortable while sitting,"long-hours, back-pain, dining, home-office",Tables & desks; Cafe furniture,Ebba Strandmark/Carina Bengs,https://www.ikea.com/sa/en/p/ingatorp-ingatorp-table-and-4-chairs-white-s89252202/
89259840,"MÖRBYLÅNGA / VOLFGANG - Table and 4 chairs, 140x85 cm",Chairs,89182,3795.0,60,,a supportive seat that keeps you comfortable while sitting,"long-hours, back-pain, dining, home-office",Tables & desks; Cafe furniture,S Lanneskog/J Marnell,https://www.ikea.com/sa/en/p/moerbylanga-volfgang-table-and-4-chairs-brown-gunnared-medium-grey-s89259840/
89280766,"EKEDALEN / BERNHARD - Table and 4 chairs, 120/180 cm",Chairs,88712,3775.0,60,,a supportive seat that keeps you comfortable while sitting,"long-hours, back-pain, dining, home-office",Tables & desks; Cafe furniture,Ola Wihlborg/Ehlén Johansson,https://www.ikea.com/sa/en/p/ekedalen-bernhard-table-and-4-chairs-white-mjuk-golden-brown-s89280766/
89297229,"NORRÅKER / RÖNNINGE - Table and 4 chairs, 125x74 cm",Chairs,46436,1976.0,60,,a supportive seat that keeps you comfortable while sitting,"long-hours, back-pain, dining, home-office",Tables & desks; Cafe furniture,J Karlsson/N Karlsson/Maja Ganszyniec,https://www.ikea.com/sa/en/p/norraker-roenninge-table-and-4-chairs-birch-birch-s89297229/
89304767,"NORDVIKEN / LEIFARNE - Table and 6 chairs, 210/289x105 cm",Chairs,74378,3165.0,60,,a supportive seat that keeps you comfortable while sitting,"long-hours, back-pain, dining, home-office",Tables & desks; Cafe furniture,Mia Lagerman/Francis Cayouette,https://www.ikea.com/sa/en/p/nordviken-leifarne-table-and-6-chairs-black-light-olive-green-black-s89304767/
80389148,FANBYN - Seat shell,Chairs,2938,125.0,60,,a supportive seat that keeps you comfortable while sitting,"long-hours, back-pain, dining, home-office",Tables & desks; Cafe furniture,803.891.48 You sit comfortably thanks to the chair's shaped back and seat.Complete with FANBYN chair frame.,https://www.ikea.com/sa/en/p/fanbyn-seat-shell-white-80389148/
89305168,"NORDVIKEN / RÖNNINGE - Table and 4 chairs, 152/223x95 cm",Chairs,67562,2875.0,60,,a supportive seat that keeps you comfortable while sitting,"long-hours, back-pain, dining, home-office",Tables & desks; Cafe furniture,Francis Cayouette/Maja Ganszyniec,https://www.ikea.com/sa/en/p/nordviken-roenninge-table-and-4-chairs-white-birch-s89305168/
89305173,"NORDVIKEN / NORRARYD - Table and 4 chairs, 152/223x95 cm",Chairs,59572,2535.0,60,,a supportive seat that keeps you comfortable while sitting,"long-hours, back-pain, dining, home-office",Tables & desks; Cafe furniture,Nike Karlsson/Francis Cayouette,https://www.ikea.com/sa/en/p/nordviken-norraryd-table-and-4-chairs-white-black-s89305173/
99221446,"EKEDALEN / BERNHARD - Table and 6 chairs, 180/240 cm",Chairs,128428,5465.0,60,,a supportive seat that keeps you comfortable while sitting,"long-hours, back-pain, dining, home-office",Tables & desks; Cafe furniture,Ola Wihlborg/Ehlén Johansson,https://www.ikea.com/sa/en/p/ekedalen-bernhard-table-and-6-chairs-brown-mjuk-white-s99221446/
99246098,"MÖRBYLÅNGA / ODGER - Table and 4 chairs, 140x85 cm",Chairs,81662,3475.0,60,,a supportive seat that keeps you comfortable while sitting,"long-hours, back-pain, dining, home-office",Tables & desks; Cafe furniture,J Löfgren/J Pettersson/S Lanneskog/J Marnell,https://www.ikea.com/sa/en/p/moerbylanga-odger-table-and-4-chairs-brown-white-beige-s99246098/
99304795,"LANEBERG / SVENBERTIL - Table and 4 chairs, 130/190x80 cm",Chairs,34662,1475.0,60,,a supportive seat that keeps you comfortable while sitting,"long-hours, back-pain, dining, home-office",Tables & desks; Cafe furniture,K Hagberg/M Hagberg/Mia Lagerman,https://www.ikea.com/sa/en/p/laneberg-svenbertil-table-and-4-chairs-brown-black-black-s99304795/
99305177,"NORDVIKEN / LEIFARNE - Table and 4 chairs, 152/223x95 cm",Chairs,53462,2275.0,60,,a supportive seat that keeps you comfortable while sitting,"long-hours, back-pain, dining, home-office",Tables & desks; Cafe furniture,Mia Lagerman/Francis Cayouette,https://www.ikea.com/sa/en/p/nordviken-leifarne-table-and-4-chairs-black-broringe-black-s99305177/
30469307,"BRYGGJA - Chest of 9 drawers, 118x92 cm",Chests of drawers & drawer units,30432,1295.0,60,,"drawer storage for clothes, papers and small items","bedroom, storage, small-room",Beds; Wardrobes,Ola Wihlborg,https://www.ikea.com/sa/en/p/bryggja-chest-of-9-drawers-beige-30469307/
20341970,"HELMER - Drawer unit on castors, 28x69 cm",Chests of drawers & drawer units,4112,175.0,60,,"drawer storage for clothes, papers and small items","bedroom, storage, small-room",Beds; Wardrobes,IKEA of Sweden,https://www.ikea.com/sa/en/p/helmer-drawer-unit-on-castors-black-20341970/
9325387,"PLATSA - Chest of 2 drawers, 60x42x91 cm",Chests of drawers & drawer units,10410,443.0,60,,"drawer storage for clothes, papers and small items","bedroom, storage, small-room",Beds; Wardrobes,IKEA of Sweden/Ola Wihlborg,https://www.ikea.com/sa/en/p/platsa-chest-of-2-drawers-white-fonnes-s09325387/
30326177,LENNART - Drawer unit,Chests of drawers & drawer units,1152,49.0,60,,"drawer storage for clothes, papers and small items","bedroom, storage, small-room",Beds; Wardrobes,Jon Karlsson,https://www.ikea.com/sa/en/p/lennart-drawer-unit-white-30326177/
60403584,"MALM - Chest of 6 drawers, 160x78 cm",Chests of drawers & drawer units,13042,555.0,60,,"drawer storage for clothes, papers and small items","bedroom, storage, small-room",Beds; Wardrobes,IKEA of Sweden,https://www.ikea.com/sa/en/p/malm-chest-of-6-drawers-white-60403584/
75305709,"RAST - Chest of 3 drawers, 62x70 cm",Chests of drawers & drawer units,3266,139.0,60,,"drawer storage for clothes, papers and small items","bedroom, storage, small-room",Beds; Wardrobes,IKEA of Sweden,https://www.ikea.com/sa/en/p/rast-chest-of-3-drawers-pine-75305709/
70366798,"SONGESAND - Chest of 6 drawers, 161x81 cm",Chests of drawers & drawer units,16332,695.0,60,,"drawer storage for clothes, papers and small items","bedroom, storage, small-room",Beds; Wardrobes,IKEA of Sweden,https://www.ikea.com/sa/en/p/songesand-chest-of-6-drawers-white-70366798/
20403562,"MALM - Chest of 3 drawers, 80x78 cm",Chests of drawers & drawer units,6932,295.0,60,,"drawer storage for clothes, papers and small items","bedroom, storage, small-room",Beds; Wardrobes,IKEA of Sweden,https://www.ikea.com/sa/en/p/malm-chest-of-3-drawers-white-20403562/
10385950,"KOPPANG - Chest of 3 drawers, 90x83 cm",Chests of drawers & drawer units,9282,395.0,60,,"drawer storage for clothes, papers and small items","bedroom, storage, small-room",Beds; Wardrobes,K Hagberg/M Hagberg,https://www.ikea.com/sa/en/p/koppang-chest-of-3-drawers-white-10385950/
10239280,"HEMNES - Chest of 8 drawers, 160x96 cm",Chests of drawers & drawer units,25732,1095.0,60,,"drawer storage for clothes, papers and small items","bedroom, storage, small-room",Beds; Wardrobes,K Hagberg/M Hagberg,https://www.ikea.com/sa/en/p/hemnes-chest-of-8-drawers-white-stain-10239280/
80214549,"MALM - Chest of 2 drawers, 40x55 cm",Chests of drawers & drawer units,3878,165.0,60,,"drawer storage for clothes, papers and small items","bedroom, storage, small-room",Beds; Wardrobes,IKEA of Sweden,https://www.ikea.com/sa/en/p/malm-chest-of-2-drawers-white-80214549/
60322130,"KULLEN - Chest of 2 drawers, 35x49 cm",Chests of drawers & drawer units,2092,89.0,60,,"drawer storage for clothes, papers and small items","bedroom, storage, small-room",Beds; Wardrobes,IKEA of Sweden,https://www.ikea.com/sa/en/p/kullen-chest-of-2-drawers-black-brown-60322130/
60403602,"MALM - Chest of 6 drawers, 80x123 cm",Chests of drawers & drawer units,11632,495.0,60,,"drawer storage for clothes, papers and small items","bedroom, storage, small-room",Beds; Wardrobes,IKEA of Sweden,https://www.ikea.com/sa/en/p/malm-chest-of-6-drawers-white-60403602/
392041,"BRIMNES - Chest of 3 drawers, 78x95 cm",Chests of drawers & drawer units,7638,325.0,60,,"drawer storage for clothes, papers and small items","bedroom, storage, small-room",Beds; Wardrobes,K Hagberg/M Hagberg,https://www.ikea.com/sa/en/p/brimnes-chest-of-3-drawers-white-frosted-glass-00392041/
20270802,"ASKVOLL - Chest of 3 drawers, 70x68 cm",Chests of drawers & drawer units,5758,245.0,60,,"drawer storage for clothes, papers and small items","bedroom, storage, small-room",Beds; Wardrobes,K Hagberg/M Hagberg,https://www.ikea.com/sa/en/p/askvoll-chest-of-3-drawers-white-stained-oak-effect-white-20270802/
50192822,"ALEX - Drawer unit with 9 drawers, 36x116 cm",Chests of drawers & drawer units,12925,550.0,60,,"drawer storage for clothes, papers and small items","bedroom, storage, small-room",Beds; Wardrobes,Johanna Asshoff,https://www.ikea.com/sa/en/p/alex-drawer-unit-with-9-drawers-white-50192822/
451498,"NIKKEBY - Chest of 4 drawers, 84x70 cm",Chests of drawers & drawer units,8108,345.0,60,,"drawer storage for clothes, papers and small items","bedroom, storage, small-room",Beds; Wardrobes,L Hilland/J Karlsson,https://www.ikea.com/sa/en/p/nikkeby-chest-of-4-drawers-red-00451498/
90392046,"BRIMNES - Chest of 4 drawers, 78x124 cm",Chests of drawers & drawer units,10458,445.0,60,,"drawer storage for clothes, papers and small items","bedroom, storage, small-room",Beds; Wardrobes,K Hagberg/M Hagberg,https://www.ikea.com/sa/en/p/brimnes-chest-of-4-drawers-white-frosted-glass-90392046/
30309234,"KULLEN - Chest of 3 drawers, 70x72 cm",Chests of drawers & drawer units,4676,199.0,60,,"drawer storage for clothes, papers and small items","bedroom, storage, small-room",Beds; Wardrobes,IKEA of Sweden,https://www.ikea.com/sa/en/p/kullen-chest-of-3-drawers-black-brown-30309234/
50293722,"LOTE - Chest of 3 drawers, 55x62 cm",Chests of drawers & drawer units,2702,115.0,60,,"drawer storage for clothes, papers and small items","bedroom, storage, small-room",Beds; Wardrobes,David Wahl,https://www.ikea.com/sa/en/p/lote-chest-of-3-drawers-white-50293722/
90374274,"HEMNES - Chest of 3 drawers, 108x96 cm",Chests of drawers & drawer units,15158,645.0,60,,"drawer storage for clothes, papers and small items","bedroom, storage, small-room",Beds; Wardrobes,K Hagberg/M Hagberg,https://www.ikea.com/sa/en/p/hemnes-chest-of-3-drawers-white-90374274/
30403571,"MALM - Chest of 4 drawers, 80x100 cm",Chests of drawers & drawer units,9988,425.0,60,,"drawer storage for clothes, papers and small items","bedroom, storage, small-room",Beds; Wardrobes,IKEA of Sweden,https://www.ikea.com/sa/en/p/malm-chest-of-4-drawers-white-30403571/
40393661,"KULLEN - Chest of 5 drawers, 70x112 cm",Chests of drawers & drawer units,7026,299.0,60,,"drawer storage for clothes, papers and small items","bedroom, storage, small-room",Beds; Wardrobes,IKEA of Sweden,https://www.ikea.com/sa/en/p/kullen-chest-of-5-drawers-black-brown-40393661/
50374271,"HEMNES - Chest of 2 drawers, 54x66 cm",Chests of drawers & drawer units,8812,375.0,60,,"drawer storage for clothes, papers and small items","bedroom, storage, small-room",Beds; Wardrobes,Carina Bengs,https://www.ikea.com/sa/en/p/hemnes-chest-of-2-drawers-white-50374271/
70403593,"MALM - Chest of 6 drawers, 40x123 cm",Chests of drawers & drawer units,11632,495.0,60,,"drawer storage for clothes, papers and small items","bedroom, storage, small-room",Beds; Wardrobes,Eva Lilja Löwenhielm,https://www.ikea.com/sa/en/p/malm-chest-of-6-drawers-white-mirror-glass-70403593/
50391143,"ASKVOLL - Chest of 5 drawers, 45x109 cm",Chests of drawers & drawer units,8108,345.0,60,,"drawer storage for clothes, papers and small items","bedroom, storage, small-room",Beds; Wardrobes,K Hagberg/M Hagberg,https://www.ikea.com/sa/en/p/askvoll-chest-of-5-drawers-white-stained-oak-effect-white-50391143/
10192824,"ALEX - Drawer unit, 36x70 cm",Chests of drawers & drawer units,8108,345.0,60,,"drawer storage for clothes, papers and small items","bedroom, storage, small-room",Beds; Wardrobes,Johanna Asshoff,https://www.ikea.com/sa/en/p/alex-drawer-unit-white-10192824/
20374277,"HEMNES - Chest of 6 drawers, 108x131 cm",Chests of drawers & drawer units,21032,895.0,60,,"drawer storage for clothes, papers and small items","bedroom, storage, small-room",Beds; Wardrobes,K Hagberg/M Hagberg,https://www.ikea.com/sa/en/p/hemnes-chest-of-6-drawers-white-20374277/
30439457,"NIKKEBY - Chest of 2 drawers, 46x70 cm",Chests of drawers & drawer units,6932,295.0,60,,"drawer storage for clothes, papers and small items","bedroom, storage, small-room",Beds; Wardrobes,L Hilland/J Karlsson,https://www.ikea.com/sa/en/p/nikkeby-chest-of-2-drawers-grey-green-30439457/
20270816,"ASKVOLL - Chest of 2 drawers, 41x48 cm",Chests of drawers & drawer units,4112,175.0,60,,"drawer storage for clothes, papers and small items","bedroom, storage, small-room",Beds; Wardrobes,K Hagberg/M Hagberg,https://www.ikea.com/sa/en/p/askvoll-chest-of-2-drawers-white-stained-oak-effect-white-20270816/
80391325,"TYSSEDAL - Chest of 4 drawers, 87x76 cm",Chests of drawers & drawer units,22208,945.0,60,,"drawer storage for clothes, papers and small items","bedroom, storage, small-room",Beds; Wardrobes,Ebba Strandmark,https://www.ikea.com/sa/en/p/tyssedal-chest-of-4-drawers-white-80391325/
421656,"NORDMELA - Chest of drawers with clothes rail, 119x118 cm",Chests of drawers & drawer units,16826,716.0,60,,"drawer storage for clothes, papers and small items","bedroom, storage, small-room",Beds; Wardrobes,Ola Wihlborg,https://www.ikea.com/sa/en/p/nordmela-chest-of-drawers-with-clothes-rail-black-blue-00421656/
20293714,"TYSSEDAL - Chest of 6 drawers, 127x81 cm",Chests of drawers & drawer units,24558,1045.0,60,,"drawer storage for clothes, papers and small items","bedroom, storage, small-room",Beds; Wardrobes,Ebba Strandmark,https://www.ikea.com/sa/en/p/tyssedal-chest-of-6-drawers-white-20293714/
70407299,"BJÖRKSNÄS - Chest of 5 drawers, 90x90 cm",Chests of drawers & drawer units,30432,1295.0,60,,"drawer storage for clothes, papers and small items","bedroom, storage, small-room",Beds; Wardrobes,K Hagberg/M Hagberg,https://www.ikea.com/sa/en/p/bjoerksnaes-chest-of-5-drawers-birch-70407299/
60429999,"MALM - Glass top, 160x48 cm",Chests of drawers & drawer units,2702,115.0,60,,"drawer storage for clothes, papers and small items","bedroom, storage, small-room",Beds; Wardrobes,IKEA of Sweden,https://www.ikea.com/sa/en/p/malm-glass-top-transparent-grey-transparent-grey-60429999/
90366839,"SONGESAND - Chest of 3 drawers, 82x81 cm",Chests of drawers & drawer units,11632,495.0,60,,"drawer storage for clothes, papers and small items","bedroom, storage, small-room",Beds; Wardrobes,IKEA of Sweden,https://www.ikea.com/sa/en/p/songesand-chest-of-3-drawers-white-90366839/
80347163,"VISTHUS - Chest of 8 drawers, 122x96 cm",Chests of drawers & drawer units,19858,845.0,60,,"drawer storage for clothes, papers and small items","bedroom, storage, small-room",Beds; Wardrobes,T Winkel/T Jacobsen,https://www.ikea.com/sa/en/p/visthus-chest-of-8-drawers-grey-white-80347163/
353761,"KLIMPEN - Add-on unit, 58x23 cm",Chests of drawers & drawer units,4700,200.0,60,,"drawer storage for clothes, papers and small items","bedroom, storage, small-room",Beds; Wardrobes,Tina Christensen,https://www.ikea.com/sa/en/p/klimpen-add-on-unit-grey-light-grey-00353761/
90213078,"MICKE - Drawer unit on castors, 35x75 cm",Chests of drawers & drawer units,5758,245.0,60,,"drawer storage for clothes, papers and small items","bedroom, storage, small-room",Beds; Wardrobes,Henrik Preutz,https://www.ikea.com/sa/en/p/micke-drawer-unit-on-castors-white-90213078/
60400415,"TRYSIL - Chest of 4 drawers, 60x99 cm",Chests of drawers & drawer units,10458,445.0,60,,"drawer storage for clothes, papers and small items","bedroom, storage, small-room",Beds; Wardrobes,K Hagberg/M Hagberg,https://www.ikea.com/sa/en/p/trysil-chest-of-4-drawers-white-light-grey-60400415/
89239507,"NORDLI - Chest of 9 drawers, 160x76 cm",Chests of drawers & drawer units,30550,1300.0,60,,"drawer storage for clothes, papers and small items","bedroom, storage, small-room",Beds; Wardrobes,Ola Wihlborg,https://www.ikea.com/sa/en/p/nordli-chest-of-9-drawers-white-s89239507/
430019,"HEMNES - Glass top, 54x38 cm",Chests of drawers & drawer units,1645,70.0,60,,"drawer storage for clothes, papers and small items","bedroom, storage, small-room",Beds; Wardrobes,IKEA of Sweden,https://www.ikea.com/sa/en/p/hemnes-glass-top-transparent-00430019/
20252266,SUMMERA - Drop file,Chests of drawers & drawer units,1152,49.0,60,,"drawer storage for clothes, papers and small items","bedroom, storage, small-room",Beds; Wardrobes,Eva Lilja Löwenhielm,https://www.ikea.com/sa/en/p/summera-drop-file-patterned-20252266/
90347167,"VISTHUS - Chest of 6 drawers, 63x126 cm",Chests of drawers & drawer units,12255,521.5,60,,"drawer storage for clothes, papers and small items","bedroom, storage, small-room",Beds; Wardrobes,T Winkel/T Jacobsen,https://www.ikea.com/sa/en/p/visthus-chest-of-6-drawers-grey-white-90347167/
49277247,"PLATSA - Chest of 3 drawers, 60x57x73 cm",Chests of drawers & drawer units,10716,456.0,60,,"drawer storage for clothes, papers and small items","bedroom, storage, small-room",Beds; Wardrobes,Ola Wihlborg/IKEA of Sweden,https://www.ikea.com/sa/en/p/platsa-chest-of-3-drawers-white-fonnes-white-s49277247/
79239490,"NORDLI - Chest of 12 drawers, 160x145 cm",Chests of drawers & drawer units,43710,1860.0,60,,"drawer storage for clothes, papers and small items","bedroom, storage, small-room",Beds; Wardrobes,Ola Wihlborg,https://www.ikea.com/sa/en/p/nordli-chest-of-12-drawers-white-s79239490/
60305705,"BUSUNGE - Chest of 2 drawers, 80x75 cm",Chests of drawers & drawer units,9282,395.0,60,,"drawer storage for clothes, papers and small items","bedroom, storage, small-room",Beds; Wardrobes,Carl Öjerstam,https://www.ikea.com/sa/en/p/busunge-chest-of-2-drawers-white-60305705/
70366784,"SONGESAND - Chest of 6 drawers, 82x126 cm",Chests of drawers & drawer units,15158,645.0,60,,"drawer storage for clothes, papers and small items","bedroom, storage, small-room",Beds; Wardrobes,IKEA of Sweden,https://www.ikea.com/sa/en/p/songesand-chest-of-6-drawers-brown-70366784/
69282399,"BEKANT - Storage unit on legs, 41x61 cm",Chests of drawers & drawer units,19834,844.0,60,,"drawer storage for clothes, papers and small items","bedroom, storage, small-room",Beds; Wardrobes,Eva Lilja Löwenhielm,https://www.ikea.com/sa/en/p/bekant-storage-unit-on-legs-mesh-black-s69282399/
89252688,"STUVA / FRITIDS - Bookcase with drawers, 60x50x128 cm",Chests of drawers & drawer units,12808,545.0,60,,"drawer storage for clothes, papers and small items","bedroom, storage, small-room",Beds; Wardrobes,IKEA of Sweden/Ebba Strandmark,https://www.ikea.com/sa/en/p/stuva-fritids-bookcase-with-drawers-white-white-s89252688/
80433486,"GODISHUS - Chest of 3 drawers, 60x64 cm",Chests of drawers & drawer units,6932,295.0,60,,"drawer storage for clothes, papers and small items","bedroom, storage, small-room",Beds; Wardrobes,"804.334.86 Perfect height for small children. They can easily reach and find things on their own.With the included colourful stickers, you can quickly label the drawers in your own personal way.You can also write with chalk on the sticker to keep track of where you have your things.WARNING! TIPPING HAZARD – Unanchored furniture can tip over. This furniture shall be anchored to the wall with the enclosed safety fitting to prevent it from tipping over.Different wall materials require different types of fixing devices. Use fixing devices suitable for the walls in your home, sold separately.",https://www.ikea.com/sa/en/p/godishus-chest-of-3-drawers-white-80433486/
29239497,"NORDLI - Chest of 6 drawers, 120x54 cm",Chests of drawers & drawer units,21620,920.0,60,,"drawer storage for clothes, papers and small items","bedroom, storage, small-room",Beds; Wardrobes,Ola Wihlborg,https://www.ikea.com/sa/en/p/nordli-chest-of-6-drawers-white-s29239497/
79277255,"PLATSA - Chest of 3 drawers, 80x57x73 cm",Chests of drawers & drawer units,11726,499.0,60,,"drawer storage for clothes, papers and small items","bedroom, storage, small-room",Beds; Wardrobes,Ola Wihlborg/IKEA of Sweden,https://www.ikea.com/sa/en/p/platsa-chest-of-3-drawers-white-skatval-dark-grey-s79277255/
9287291,"IDÅSEN - Drawer unit with smart lock, 42x61 cm",Chests of drawers & drawer units,16215,690.0,60,,"drawer storage for clothes, papers and small items","bedroom, storage, small-room",Beds; Wardrobes,Jon Karlsson/IKEA of Sweden,https://www.ikea.com/sa/en/p/idasen-drawer-unit-with-smart-lock-golden-brown-s09287291/
9277211,"PLATSA - Chest of 2 drawers, 60x57x53 cm",Chests of drawers & drawer units,8366,356.0,60,,"drawer storage for clothes, papers and small items","bedroom, storage, small-room",Beds; Wardrobes,IKEA of Sweden/Ola Wihlborg,https://www.ikea.com/sa/en/p/platsa-chest-of-2-drawers-white-fonnes-white-s09277211/
40244751,"MICKE - Drawer unit with drop-file storage, 35x75 cm",Chests of drawers & drawer units,5758,245.0,60,,"drawer storage for clothes, papers and small items","bedroom, storage, small-room",Beds; Wardrobes,Henrik Preutz,https://www.ikea.com/sa/en/p/micke-drawer-unit-with-drop-file-storage-black-brown-40244751/
49239496,"NORDLI - Chest of 4 drawers, 160x54 cm",Chests of drawers & drawer units,21150,900.0,60,,"drawer storage for clothes, papers and small items","bedroom, storage, small-room",Beds; Wardrobes,Ola Wihlborg,https://www.ikea.com/sa/en/p/nordli-chest-of-4-drawers-white-s49239496/
40196241,"ALEX - Drawer unit on castors, 67x66 cm",Chests of drawers & drawer units,12808,545.0,60,,"drawer storage for clothes, papers and small items","bedroom, storage, small-room",Beds; Wardrobes,Johanna Asshoff,https://www.ikea.com/sa/en/p/alex-drawer-unit-on-castors-white-40196241/
69252712,"STUVA / FRITIDS - Chest of 6 drawers, 60x50x128 cm",Chests of drawers & drawer units,17155,730.0,60,,"drawer storage for clothes, papers and small items","bedroom, storage, small-room",Beds; Wardrobes,Ebba Strandmark,https://www.ikea.com/sa/en/p/stuva-fritids-chest-of-6-drawers-white-white-s69252712/
39239835,"NORDLI - Chest of 3 drawers, 40x76 cm",Chests of drawers & drawer units,10810,460.0,60,,"drawer storage for clothes, papers and small items","bedroom, storage, small-room",Beds; Wardrobes,Ola Wihlborg,https://www.ikea.com/sa/en/p/nordli-chest-of-3-drawers-white-s39239835/
30415036,"NORDLI - Modular chest of drawers, 40x45 cm",Chests of drawers & drawer units,5640,240.0,60,,"drawer storage for clothes, papers and small items","bedroom, storage, small-room",Beds; Wardrobes,Ola Wihlborg,https://www.ikea.com/sa/en/p/nordli-modular-chest-of-drawers-anthracite-30415036/
20229011,"BUSUNGE - Chest of 2 drawers, 80x75 cm",Chests of drawers & drawer units,9282,395.0,60,,"drawer storage for clothes, papers and small items","bedroom, storage, small-room",Beds; Wardrobes,Carl Öjerstam,https://www.ikea.com/sa/en/p/busunge-chest-of-2-drawers-light-pink-20229011/
10391324,"TYSSEDAL - Chest of 4 drawers, 67x102 cm",Chests of drawers & drawer units,22208,945.0,60,,"drawer storage for clothes, papers and small items","bedroom, storage, small-room",Beds; Wardrobes,Ebba Strandmark,https://www.ikea.com/sa/en/p/tyssedal-chest-of-4-drawers-white-10391324/
99239489,"NORDLI - Chest of 12 drawers, 120x145 cm",Chests of drawers & drawer units,44180,1880.0,60,,"drawer storage for clothes, papers and small items","bedroom, storage, small-room",Beds; Wardrobes,Ola Wihlborg,https://www.ikea.com/sa/en/p/nordli-chest-of-12-drawers-white-s99239489/
9252673,"STUVA / FRITIDS - Chest of 3 drawers, 60x64 cm",Chests of drawers & drawer units,9752,415.0,60,,"drawer storage for clothes, papers and small items","bedroom, storage, small-room",Beds; Wardrobes,Ebba Strandmark,https://www.ikea.com/sa/en/p/stuva-fritids-chest-of-3-drawers-white-white-s09252673/
60366789,"SONGESAND - Chest of 4 drawers, 82x104 cm",Chests of drawers & drawer units,13982,595.0,60,,"drawer storage for clothes, papers and small items","bedroom, storage, small-room",Beds; Wardrobes,IKEA of Sweden,https://www.ikea.com/sa/en/p/songesand-chest-of-4-drawers-brown-60366789/
9239498,"NORDLI - Chest of 6 drawers, 120x76 cm",Chests of drawers & drawer units,21620,920.0,60,,"drawer storage for clothes, papers and small items","bedroom, storage, small-room",Beds; Wardrobes,Ola Wihlborg,https://www.ikea.com/sa/en/p/nordli-chest-of-6-drawers-white-s09239498/
99239494,"NORDLI - Chest of 2 drawers, 80x54 cm",Chests of drawers & drawer units,11750,500.0,60,,"drawer storage for clothes, papers and small items","bedroom, storage, small-room",Beds; Wardrobes,Ola Wihlborg,https://www.ikea.com/sa/en/p/nordli-chest-of-2-drawers-white-s99239494/
69276567,"NORDLI - Chest of 3 drawers, 120x54 cm",Chests of drawers & drawer units,21620,920.0,60,,"drawer storage for clothes, papers and small items","bedroom, storage, small-room",Beds; Wardrobes,Ola Wihlborg,https://www.ikea.com/sa/en/p/nordli-chest-of-3-drawers-white-s69276567/
9239827,"NORDLI - Chest of 2 drawers, 40x54 cm",Chests of drawers & drawer units,8930,380.0,60,,"drawer storage for clothes, papers and small items","bedroom, storage, small-room",Beds; Wardrobes,Ola Wihlborg,https://www.ikea.com/sa/en/p/nordli-chest-of-2-drawers-white-s09239827/
10383461,"NORDLI - Modular chest of 2 drawers, 80x45 cm",Chests of drawers & drawer units,7520,320.0,60,,"drawer storage for clothes, papers and small items","bedroom, storage, small-room",Beds; Wardrobes,Ola Wihlborg,https://www.ikea.com/sa/en/p/nordli-modular-chest-of-2-drawers-white-10383461/
29277229,"PLATSA - Chest of 2 drawers, 80x57x53 cm",Chests of drawers & drawer units,9353,398.0,60,,"drawer storage for clothes, papers and small items","bedroom, storage, small-room",Beds; Wardrobes,IKEA of Sweden/Ola Wihlborg,https://www.ikea.com/sa/en/p/platsa-chest-of-2-drawers-white-skatval-dark-grey-s29277229/
20341003,"ERIK - Drawer unit w 3 drawers on castors, 41x57 cm",Chests of drawers & drawer units,9282,395.0,60,,"drawer storage for clothes, papers and small items","bedroom, storage, small-room",Beds; Wardrobes,IKEA of Sweden,https://www.ikea.com/sa/en/p/erik-drawer-unit-w-3-drawers-on-castors-black-20341003/
89239499,"NORDLI - Chest of 6 drawers, 80x145 cm",Chests of drawers & drawer units,23030,980.0,60,,"drawer storage for clothes, papers and small items","bedroom, storage, small-room",Beds; Wardrobes,Ola Wihlborg,https://www.ikea.com/sa/en/p/nordli-chest-of-6-drawers-white-s89239499/
29239505,"NORDLI - Chest of 8 drawers, 160x99 cm",Chests of drawers & drawer units,36190,1540.0,60,,"drawer storage for clothes, papers and small items","bedroom, storage, small-room",Beds; Wardrobes,Ola Wihlborg,https://www.ikea.com/sa/en/p/nordli-chest-of-8-drawers-white-s29239505/
49248033,"NORDLI - Chest of 5 drawers, 120x76 cm",Chests of drawers & drawer units,22560,960.0,60,,"drawer storage for clothes, papers and small items","bedroom, storage, small-room",Beds; Wardrobes,Ola Wihlborg,https://www.ikea.com/sa/en/p/nordli-chest-of-5-drawers-white-s49248033/
79239843,"NORDLI - Chest of 4 drawers, 40x99 cm",Chests of drawers & drawer units,14570,620.0,60,,"drawer storage for clothes, papers and small items","bedroom, storage, small-room",Beds; Wardrobes,Ola Wihlborg,https://www.ikea.com/sa/en/p/nordli-chest-of-4-drawers-white-s79239843/
59239504,"NORDLI - Chest of 8 drawers, 160x54 cm",Chests of drawers & drawer units,28670,1220.0,60,,"drawer storage for clothes, papers and small items","bedroom, storage, small-room",Beds; Wardrobes,Ola Wihlborg,https://www.ikea.com/sa/en/p/nordli-chest-of-8-drawers-white-s59239504/
60365153,"GALANT - Drawer unit on castors, 45x55 cm",Chests of drawers & drawer units,19388,825.0,60,,"drawer storage for clothes, papers and small items","bedroom, storage, small-room",Beds; Wardrobes,K Malmvall/E Lilja Löwenhielm,https://www.ikea.com/sa/en/p/galant-drawer-unit-on-castors-black-stained-ash-veneer-60365153/
49211690,"NORDLI - Chest of 12 drawers, 160x99 cm",Chests of drawers & drawer units,43710,1860.0,60,,"drawer storage for clothes, papers and small items","bedroom, storage, small-room",Beds; Wardrobes,Ola Wihlborg,https://www.ikea.com/sa/en/p/nordli-chest-of-12-drawers-anthracite-s49211690/
60353763,"KLIMPEN - Drawer unit, 33x70 cm",Chests of drawers & drawer units,11632,495.0,60,,"drawer storage for clothes, papers and small items","bedroom, storage, small-room",Beds; Wardrobes,Tina Christensen,https://www.ikea.com/sa/en/p/klimpen-drawer-unit-grey-light-grey-60353763/
90383457,"NORDLI - Modular chest of 2 drawers, 40x45 cm",Chests of drawers & drawer units,5640,240.0,60,,"drawer storage for clothes, papers and small items","bedroom, storage, small-room",Beds; Wardrobes,Ola Wihlborg,https://www.ikea.com/sa/en/p/nordli-modular-chest-of-2-drawers-white-90383457/
19276522,"NORDLI - Chest of drawers, 40x54 cm",Chests of drawers & drawer units,8930,380.0,60,,"drawer storage for clothes, papers and small items","bedroom, storage, small-room",Beds; Wardrobes,Ola Wihlborg,https://www.ikea.com/sa/en/p/nordli-chest-of-drawers-white-s19276522/
90365161,"GALANT - Drawer unit, 80x80 cm",Chests of drawers & drawer units,42182,1795.0,60,,"drawer storage for clothes, papers and small items","bedroom, storage, small-room",Beds; Wardrobes,K Malmvall/E Lilja Löwenhielm,https://www.ikea.com/sa/en/p/galant-drawer-unit-white-90365161/
29248010,"NORDLI - Chest of 10 drawers, 160x99 cm",Chests of drawers & drawer units,38540,1640.0,60,,"drawer storage for clothes, papers and small items","bedroom, storage, small-room",Beds; Wardrobes,Ola Wihlborg,https://www.ikea.com/sa/en/p/nordli-chest-of-10-drawers-white-s29248010/
30151808,"ERIK - Drawer unit w 2 drawers on castors, 41x57 cm",Chests of drawers & drawer units,9282,395.0,60,,"drawer storage for clothes, papers and small items","bedroom, storage, small-room",Beds; Wardrobes,IKEA of Sweden,https://www.ikea.com/sa/en/p/erik-drawer-unit-w-2-drawers-on-castors-white-30151808/
20383465,"NORDLI - Modular chest of 3 drawers, 40x68 cm",Chests of drawers & drawer units,7520,320.0,60,,"drawer storage for clothes, papers and small items","bedroom, storage, small-room",Beds; Wardrobes,Ola Wihlborg,https://www.ikea.com/sa/en/p/nordli-modular-chest-of-3-drawers-white-20383465/
99279588,"STUVA / FRITIDS - Toy storage with wheels, 60x50x64 cm",Chests of drawers & drawer units,8812,375.0,60,,"drawer storage for clothes, papers and small items","bedroom, storage, small-room",Beds; Wardrobes,Ebba Strandmark/IKEA of Sweden,https://www.ikea.com/sa/en/p/stuva-fritids-toy-storage-with-wheels-white-light-blue-s99279588/
19276621,"NORDLI - Chest of 8 drawers, 160x99 cm",Chests of drawers & drawer units,38540,1640.0,60,,"drawer storage for clothes, papers and small items","bedroom, storage, small-room",Beds; Wardrobes,Ola Wihlborg,https://www.ikea.com/sa/en/p/nordli-chest-of-8-drawers-white-s19276621/
69239495,"NORDLI - Chest of 3 drawers, 80x76 cm",Chests of drawers & drawer units,13630,580.0,60,,"drawer storage for clothes, papers and small items","bedroom, storage, small-room",Beds; Wardrobes,Ola Wihlborg,https://www.ikea.com/sa/en/p/nordli-chest-of-3-drawers-white-s69239495/
40383474,"NORDLI - Top and plinth, 120x47 cm",Chests of drawers & drawer units,4700,200.0,60,,"drawer storage for clothes, papers and small items","bedroom, storage, small-room",Beds; Wardrobes,Ola Wihlborg,https://www.ikea.com/sa/en/p/nordli-top-and-plinth-white-40383474/
50397913,"IDÅSEN - Drawer unit on castors, 42x61 cm",Chests of drawers & drawer units,13982,595.0,60,,"drawer storage for clothes, papers and small items","bedroom, storage, small-room",Beds; Wardrobes,Jon Karlsson,https://www.ikea.com/sa/en/p/idasen-drawer-unit-on-castors-golden-brown-50397913/
29276550,"NORDLI - Chest of 5 drawers, 80x122 cm",Chests of drawers & drawer units,24910,1060.0,60,,"drawer storage for clothes, papers and small items","bedroom, storage, small-room",Beds; Wardrobes,Ola Wihlborg,https://www.ikea.com/sa/en/p/nordli-chest-of-5-drawers-white-s29276550/
60365855,"NORDLI - Modular chest of 2 drawers, 80x45 cm",Chests of drawers & drawer units,7520,320.0,60,,"drawer storage for clothes, papers and small items","bedroom, storage, small-room",Beds; Wardrobes,Ola Wihlborg,https://www.ikea.com/sa/en/p/nordli-modular-chest-of-2-drawers-anthracite-60365855/
49286510,"BEKANT - Storage unit with smart lock, 41x61 cm",Chests of drawers & drawer units,22066,939.0,60,,"drawer storage for clothes, papers and small items","bedroom, storage, small-room",Beds; Wardrobes,Eva Lilja Löwenhielm/IKEA of Sweden,https://www.ikea.com/sa/en/p/bekant-storage-unit-with-smart-lock-mesh-black-s49286510/
79282426,"BEKANT - Storage unit on castors, 41x61 cm",Chests of drawers & drawer units,21268,905.0,60,,"drawer storage for clothes, papers and small items","bedroom, storage, small-room",Beds; Wardrobes,Eva Lilja Löwenhielm,https://www.ikea.com/sa/en/p/bekant-storage-unit-on-castors-mesh-white-s79282426/
40383469,"NORDLI - Modular chest of 3 drawers, 80x68 cm",Chests of drawers & drawer units,9400,400.0,60,,"drawer storage for clothes, papers and small items","bedroom, storage, small-room",Beds; Wardrobes,Ola Wihlborg,https://www.ikea.com/sa/en/p/nordli-modular-chest-of-3-drawers-white-40383469/
99211758,"NORDLI - Chest of 7 drawers, 80x122 cm",Chests of drawers & drawer units,24910,1060.0,60,,"drawer storage for clothes, papers and small items","bedroom, storage, small-room",Beds; Wardrobes,Ola Wihlborg,https://www.ikea.com/sa/en/p/nordli-chest-of-7-drawers-white-anthracite-s99211758/
49276629,"NORDLI - Chest of 6 drawers, 160x54 cm",Chests of drawers & drawer units,28670,1220.0,60,,"drawer storage for clothes, papers and small items","bedroom, storage, small-room",Beds; Wardrobes,Ola Wihlborg,https://www.ikea.com/sa/en/p/nordli-chest-of-6-drawers-white-s49276629/
69276633,"NORDLI - Chest of 6 drawers, 120x99 cm",Chests of drawers & drawer units,31020,1320.0,60,,"drawer storage for clothes, papers and small items","bedroom, storage, small-room",Beds; Wardrobes,Ola Wihlborg,https://www.ikea.com/sa/en/p/nordli-chest-of-6-drawers-white-s69276633/
50391421,"NORDLI - Top and plinth, 40x47 cm",Chests of drawers & drawer units,3290,140.0,60,,"drawer storage for clothes, papers and small items","bedroom, storage, small-room",Beds; Wardrobes,Ola Wihlborg,https://www.ikea.com/sa/en/p/nordli-top-and-plinth-anthracite-50391421/
99239502,"NORDLI - Chest of 7 drawers, 80x122 cm",Chests of drawers & drawer units,24910,1060.0,60,,"drawer storage for clothes, papers and small items","bedroom, storage, small-room",Beds; Wardrobes,Ola Wihlborg,https://www.ikea.com/sa/en/p/nordli-chest-of-7-drawers-white-s99239502/
19248015,"NORDLI - Chest of 9 drawers, 160x99 cm",Chests of drawers & drawer units,37130,1580.0,60,,"drawer storage for clothes, papers and small items","bedroom, storage, small-room",Beds; Wardrobes,Ola Wihlborg,https://www.ikea.com/sa/en/p/nordli-chest-of-9-drawers-white-s19248015/
10365928,"NORDLI - Modular chest of 3 drawers, 40x68 cm",Chests of drawers & drawer units,7520,320.0,60,,"drawer storage for clothes, papers and small items","bedroom, storage, small-room",Beds; Wardrobes,Ola Wihlborg,https://www.ikea.com/sa/en/p/nordli-modular-chest-of-3-drawers-anthracite-10365928/
19211757,"NORDLI - Chest of 6 drawers, 160x54 cm",Chests of drawers & drawer units,24910,1060.0,60,,"drawer storage for clothes, papers and small items","bedroom, storage, small-room",Beds; Wardrobes,Ola Wihlborg,https://www.ikea.com/sa/en/p/nordli-chest-of-6-drawers-white-anthracite-s19211757/
49276549,"NORDLI - Chest of 2 drawers, 40x99 cm",Chests of drawers & drawer units,14570,620.0,60,,"drawer storage for clothes, papers and small items","bedroom, storage, small-room",Beds; Wardrobes,Ola Wihlborg,https://www.ikea.com/sa/en/p/nordli-chest-of-2-drawers-white-s49276549/
365924,"NORDLI - Modular chest of 2 drawers, 40x45 cm",Chests of drawers & drawer units,5640,240.0,60,,"drawer storage for clothes, papers and small items","bedroom, storage, small-room",Beds; Wardrobes,Ola Wihlborg,https://www.ikea.com/sa/en/p/nordli-modular-chest-of-2-drawers-anthracite-00365924/
59211760,"NORDLI - Chest of 6 drawers, 80x99 cm",Chests of drawers & drawer units,23030,980.0,60,,"drawer storage for clothes, papers and small items","bedroom, storage, small-room",Beds; Wardrobes,Ola Wihlborg,https://www.ikea.com/sa/en/p/nordli-chest-of-6-drawers-white-anthracite-s59211760/
79239503,"NORDLI - Chest of 8 drawers, 120x99 cm",Chests of drawers & drawer units,31020,1320.0,60,,"drawer storage for clothes, papers and small items","bedroom, storage, small-room",Beds; Wardrobes,Ola Wihlborg,https://www.ikea.com/sa/en/p/nordli-chest-of-8-drawers-white-s79239503/
9248006,"NORDLI - Chest of 7 drawers, 80x99 cm",Chests of drawers & drawer units,25380,1080.0,60,,"drawer storage for clothes, papers and small items","bedroom, storage, small-room",Beds; Wardrobes,Ola Wihlborg,https://www.ikea.com/sa/en/p/nordli-chest-of-7-drawers-white-s09248006/
79211759,"NORDLI - Chest of 8 drawers, 120x99 cm",Chests of drawers & drawer units,31020,1320.0,60,,"drawer storage for clothes, papers and small items","bedroom, storage, small-room",Beds; Wardrobes,Ola Wihlborg,https://www.ikea.com/sa/en/p/nordli-chest-of-8-drawers-white-anthracite-s79211759/
10460888,"SMÅGÖRA - Wardrobe, 80x50x187 cm",Children's furniture,11632,495.0,24,,sized and shaped for children to use safely,"kids, playroom, storage",Children's furniture; Bookcases & shelving units,IKEA of Sweden,https://www.ikea.com/sa/en/p/smagoera-wardrobe-white-10460888/
19338054,"TROFAST - Storage combination, 44x30x91 cm",Children's furniture,5758,245.0,24,,sized and shaped for children to use safely,"kids, playroom, storage",Children's furniture; Bookcases & shelving units,Studio Copenhagen,https://www.ikea.com/sa/en/p/trofast-storage-combination-light-white-stained-pine-white-pink-s19338054/
50178411,LÄTT - Children's table with 2 chairs,Children's furniture,3172,135.0,24,,sized and shaped for children to use safely,"kids, playroom, storage",Children's furniture; Bookcases & shelving units,IKEA of Sweden,https://www.ikea.com/sa/en/p/laett-childrens-table-with-2-chairs-white-pine-50178411/
50365177,"MAMMUT - Children's table, 77x55 cm",Children's furniture,3032,129.0,24,,sized and shaped for children to use safely,"kids, playroom, storage",Children's furniture; Bookcases & shelving units,M Kjelstrup/A Östgaard,https://www.ikea.com/sa/en/p/mammut-childrens-table-in-outdoor-white-50365177/
40365371,MAMMUT - Children's chair,Children's furniture,1386,59.0,24,,sized and shaped for children to use safely,"kids, playroom, storage",Children's furniture; Bookcases & shelving units,M Kjelstrup/A Östgaard,https://www.ikea.com/sa/en/p/mammut-childrens-chair-in-outdoor-white-40365371/
80382321,MAMMUT - Children's chair,Children's furniture,1386,59.0,24,,sized and shaped for children to use safely,"kids, playroom, storage",Children's furniture; Bookcases & shelving units,M Kjelstrup/A Östgaard,https://www.ikea.com/sa/en/p/mammut-childrens-chair-in-outdoor-pink-80382321/
90365180,"MAMMUT - Children's table, 85 cm",Children's furniture,3502,149.0,24,,sized and shaped for children to use safely,"kids, playroom, storage",Children's furniture; Bookcases & shelving units,M Kjelstrup/A Östgaard,https://www.ikea.com/sa/en/p/mammut-childrens-table-in-outdoor-blue-90365180/
80342052,CIRKUSTÄLT - Children's tent,Children's furniture,1856,79.0,24,,sized and shaped for children to use safely,"kids, playroom, storage",Children's furniture; Bookcases & shelving units,IKEA of Sweden,https://www.ikea.com/sa/en/p/cirkustaelt-childrens-tent-80342052/
60357737,UTTER - Children's table,Children's furniture,1058,45.0,24,,sized and shaped for children to use safely,"kids, playroom, storage",Children's furniture; Bookcases & shelving units,K Hagberg/M Hagberg,https://www.ikea.com/sa/en/p/utter-childrens-table-in-outdoor-white-60357737/
60365346,MAMMUT - Children's chair,Children's furniture,1386,59.0,24,,sized and shaped for children to use safely,"kids, playroom, storage",Children's furniture; Bookcases & shelving units,M Kjelstrup/A Östgaard,https://www.ikea.com/sa/en/p/mammut-childrens-chair-in-outdoor-blue-60365346/
29042877,"TROFAST - Storage combination, 99x44x94 cm",Children's furniture,8578,365.0,24,,sized and shaped for children to use safely,"kids, playroom, storage",Children's furniture; Bookcases & shelving units,Studio Copenhagen,https://www.ikea.com/sa/en/p/trofast-storage-combination-white-s29042877/
40365366,MAMMUT - Children's chair,Children's furniture,1386,59.0,24,,sized and shaped for children to use safely,"kids, playroom, storage",Children's furniture; Bookcases & shelving units,M Kjelstrup/A Östgaard,https://www.ikea.com/sa/en/p/mammut-childrens-chair-in-outdoor-red-40365366/
60365167,"MAMMUT - Children's table, 77x55 cm",Children's furniture,3032,129.0,24,,sized and shaped for children to use safely,"kids, playroom, storage",Children's furniture; Bookcases & shelving units,M Kjelstrup/A Östgaard,https://www.ikea.com/sa/en/p/mammut-childrens-table-in-outdoor-red-60365167/
30213076,"MICKE - Desk, 73x50 cm",Children's furniture,4112,175.0,24,,sized and shaped for children to use safely,"kids, playroom, storage",Children's furniture; Bookcases & shelving units,Henrik Preutz,https://www.ikea.com/sa/en/p/micke-desk-white-30213076/
80201740,SUNDVIK - Rocking-chair,Children's furniture,5758,245.0,24,,sized and shaped for children to use safely,"kids, playroom, storage",Children's furniture; Bookcases & shelving units,Eva Schildt,https://www.ikea.com/sa/en/p/sundvik-rocking-chair-white-80201740/
50298418,"FLISAT - Children's table, 83x58 cm",Children's furniture,8202,349.0,24,,sized and shaped for children to use safely,"kids, playroom, storage",Children's furniture; Bookcases & shelving units,S Fager/J Karlsson,https://www.ikea.com/sa/en/p/flisat-childrens-table-50298418/
60306494,"PÅHL - Desk top shelf, 64x60 cm",Children's furniture,2938,125.0,24,,sized and shaped for children to use safely,"kids, playroom, storage",Children's furniture; Bookcases & shelving units,S Fager/J Jelinek,https://www.ikea.com/sa/en/p/pahl-desk-top-shelf-white-green-60306494/
9903014,"MICKE - Desk, 105x50 cm",Children's furniture,10598,451.0,24,,sized and shaped for children to use safely,"kids, playroom, storage",Children's furniture; Bookcases & shelving units,Henrik Preutz,https://www.ikea.com/sa/en/p/micke-desk-white-s09903014/
79898306,"TROFAST - Wall storage, 99x21x30 cm",Children's furniture,3642,155.0,24,,sized and shaped for children to use safely,"kids, playroom, storage",Children's furniture; Bookcases & shelving units,Studio Copenhagen,https://www.ikea.com/sa/en/p/trofast-wall-storage-white-white-s79898306/
89228472,"TROFAST - Storage combination, 99x44x56 cm",Children's furniture,8225,350.0,24,,sized and shaped for children to use safely,"kids, playroom, storage",Children's furniture; Bookcases & shelving units,Studio Copenhagen,https://www.ikea.com/sa/en/p/trofast-storage-combination-white-green-s89228472/
10201673,"SUNDVIK - Children's table, 76x50 cm",Children's furniture,4112,175.0,24,,sized and shaped for children to use safely,"kids, playroom, storage",Children's furniture; Bookcases & shelving units,IKEA of Sweden,https://www.ikea.com/sa/en/p/sundvik-childrens-table-white-10201673/
19102659,"TROFAST - Storage combination, 94x44x52 cm",Children's furniture,9282,395.0,24,,sized and shaped for children to use safely,"kids, playroom, storage",Children's furniture; Bookcases & shelving units,Studio Copenhagen,https://www.ikea.com/sa/en/p/trofast-storage-combination-light-white-stained-pine-pine-white-s19102659/
10243574,BUSA - Children's tent,Children's furniture,1152,49.0,24,,sized and shaped for children to use safely,"kids, playroom, storage",Children's furniture; Bookcases & shelving units,Maria Vinka,https://www.ikea.com/sa/en/p/busa-childrens-tent-10243574/
80213074,"MICKE - Desk, 105x50 cm",Children's furniture,6486,276.0,24,,sized and shaped for children to use safely,"kids, playroom, storage",Children's furniture; Bookcases & shelving units,Henrik Preutz,https://www.ikea.com/sa/en/p/micke-desk-white-80213074/
39252756,"STUVA / FRITIDS - Wardrobe, 60x50x128 cm",Children's furniture,9988,425.0,24,,sized and shaped for children to use safely,"kids, playroom, storage",Children's furniture; Bookcases & shelving units,IKEA of Sweden/Ebba Strandmark,https://www.ikea.com/sa/en/p/stuva-fritids-wardrobe-white-white-s39252756/
99228570,"TROFAST - Storage combination, 46x30x94 cm",Children's furniture,4582,195.0,24,,sized and shaped for children to use safely,"kids, playroom, storage",Children's furniture; Bookcases & shelving units,Studio Copenhagen,https://www.ikea.com/sa/en/p/trofast-storage-combination-white-pink-s99228570/
60196358,SUNDVIK - Children's chair,Children's furniture,2938,125.0,24,,sized and shaped for children to use safely,"kids, playroom, storage",Children's furniture; Bookcases & shelving units,IKEA of Sweden,https://www.ikea.com/sa/en/p/sundvik-childrens-chair-white-60196358/
70228325,RESÖ - Children's picnic table,Children's furniture,4818,205.0,24,,sized and shaped for children to use safely,"kids, playroom, storage",Children's furniture; Bookcases & shelving units,IKEA of Sweden,https://www.ikea.com/sa/en/p/resoe-childrens-picnic-table-grey-brown-stained-grey-brown-70228325/
49102304,"TROFAST - Wall storage, 93x21x30 cm",Children's furniture,4582,195.0,24,,sized and shaped for children to use safely,"kids, playroom, storage",Children's furniture; Bookcases & shelving units,Studio Copenhagen/Mia Lagerman,https://www.ikea.com/sa/en/p/trofast-wall-storage-light-white-stained-pine-pine-white-s49102304/
10091453,"TROFAST - Frame, 99x44x94 cm",Children's furniture,6462,275.0,24,,sized and shaped for children to use safely,"kids, playroom, storage",Children's furniture; Bookcases & shelving units,Studio Copenhagen,https://www.ikea.com/sa/en/p/trofast-frame-white-10091453/
19275075,"STUVA / FRITIDS - Wardrobe, 120x50x192 cm",Children's furniture,36308,1545.0,24,,sized and shaped for children to use safely,"kids, playroom, storage",Children's furniture; Bookcases & shelving units,Ebba Strandmark/IKEA of Sweden,https://www.ikea.com/sa/en/p/stuva-fritids-wardrobe-white-white-s19275075/
50422494,"GODISHUS - Wardrobe, 60x51x178 cm",Children's furniture,9282,395.0,24,,sized and shaped for children to use safely,"kids, playroom, storage",Children's furniture; Bookcases & shelving units,"504.224.94 You can position the shelf and clothes rail in two different ways – clothes rail at the top and shelf down below, or both together at the top of the wardrobe.Deep enough to hold standard-sized adult hangers.With the included colourful stickers, you can quickly label the doors in your own personal way.You can also write with chalk on the sticker to keep track of where you have your things.WARNING! TIPPING HAZARD – Unanchored furniture can tip over. This furniture shall be anchored to the wall with the enclosed safety fitting to prevent it from tipping over.Different wall materials require different types of fixing devices. Use fixing devices suitable for the walls in your home, sold separately.",https://www.ikea.com/sa/en/p/godishus-wardrobe-white-50422494/
50171122,"TROFAST - Wall storage, 99x30 cm",Children's furniture,2938,125.0,24,,sized and shaped for children to use safely,"kids, playroom, storage",Children's furniture; Bookcases & shelving units,Studio Copenhagen,https://www.ikea.com/sa/en/p/trofast-wall-storage-white-50171122/
30306495,"PÅHL - Add-on unit, 64x39 cm",Children's furniture,2350,100.0,24,,sized and shaped for children to use safely,"kids, playroom, storage",Children's furniture; Bookcases & shelving units,S Fager/J Jelinek,https://www.ikea.com/sa/en/p/pahl-add-on-unit-white-green-30306495/
10192013,BUSA - Play tunnel,Children's furniture,2092,89.0,24,,sized and shaped for children to use safely,"kids, playroom, storage",Children's furniture; Bookcases & shelving units,Maria Vinka,https://www.ikea.com/sa/en/p/busa-play-tunnel-10192013/
29228470,"TROFAST - Storage combination, 99x44x56 cm",Children's furniture,8578,365.0,24,,sized and shaped for children to use safely,"kids, playroom, storage",Children's furniture; Bookcases & shelving units,Studio Copenhagen,https://www.ikea.com/sa/en/p/trofast-storage-combination-white-white-s29228470/
99228476,"TROFAST - Storage combination, 46x30x145 cm",Children's furniture,5875,250.0,24,,sized and shaped for children to use safely,"kids, playroom, storage",Children's furniture; Bookcases & shelving units,Studio Copenhagen,https://www.ikea.com/sa/en/p/trofast-storage-combination-white-white-s99228476/
50196354,"SUNDVIK - Children's table, 76x50 cm",Children's furniture,3290,140.0,24,,sized and shaped for children to use safely,"kids, playroom, storage",Children's furniture; Bookcases & shelving units,IKEA of Sweden,https://www.ikea.com/sa/en/p/sundvik-childrens-table-grey-brown-50196354/
59128959,"PÅHL - Desk with add-on unit, 96x58 cm",Children's furniture,9282,395.0,24,,sized and shaped for children to use safely,"kids, playroom, storage",Children's furniture; Bookcases & shelving units,S Fager/J Jelinek,https://www.ikea.com/sa/en/p/pahl-desk-with-add-on-unit-white-pink-s59128959/
49123405,"TROFAST - Storage combination, 99x44x56 cm",Children's furniture,8225,350.0,24,,sized and shaped for children to use safely,"kids, playroom, storage",Children's furniture; Bookcases & shelving units,Studio Copenhagen,https://www.ikea.com/sa/en/p/trofast-storage-combination-white-white-s49123405/
10269696,"SUNDVIK - Wardrobe, 80x50x171 cm",Children's furniture,25732,1095.0,24,,sized and shaped for children to use safely,"kids, playroom, storage",Children's furniture; Bookcases & shelving units,Jon Karlsson,https://www.ikea.com/sa/en/p/sundvik-wardrobe-white-10269696/
95685100,"TROFAST - Storage box, 42x30x23 cm",Children's furniture,352,15.0,24,,sized and shaped for children to use safely,"kids, playroom, storage",Children's furniture; Bookcases & shelving units,Studio Copenhagen,https://www.ikea.com/sa/en/p/trofast-storage-box-white-95685100/
20273594,FLISAT - Children's desk,Children's furniture,10552,449.0,24,,sized and shaped for children to use safely,"kids, playroom, storage",Children's furniture; Bookcases & shelving units,S Fager/J Karlsson,https://www.ikea.com/sa/en/p/flisat-childrens-desk-adjustable-20273594/
90091454,TROFAST - Shelf,Children's furniture,705,30.0,24,,sized and shaped for children to use safely,"kids, playroom, storage",Children's furniture; Bookcases & shelving units,Studio Copenhagen,https://www.ikea.com/sa/en/p/trofast-shelf-white-90091454/
20305707,"BUSUNGE - Wardrobe, 80x139 cm",Children's furniture,15158,645.0,24,,sized and shaped for children to use safely,"kids, playroom, storage",Children's furniture; Bookcases & shelving units,Carl Öjerstam,https://www.ikea.com/sa/en/p/busunge-wardrobe-white-20305707/
80196357,SUNDVIK - Children's chair,Children's furniture,2938,125.0,24,,sized and shaped for children to use safely,"kids, playroom, storage",Children's furniture; Bookcases & shelving units,IKEA of Sweden,https://www.ikea.com/sa/en/p/sundvik-childrens-chair-grey-brown-80196357/
80229008,"BUSUNGE - Wardrobe, 80x139 cm",Children's furniture,15158,645.0,24,,sized and shaped for children to use safely,"kids, playroom, storage",Children's furniture; Bookcases & shelving units,Carl Öjerstam,https://www.ikea.com/sa/en/p/busunge-wardrobe-light-pink-80229008/
89102095,"TROFAST - Storage combination, 94x44x91 cm",Children's furniture,11162,475.0,24,,sized and shaped for children to use safely,"kids, playroom, storage",Children's furniture; Bookcases & shelving units,Studio Copenhagen,https://www.ikea.com/sa/en/p/trofast-storage-combination-light-white-stained-pine-pine-white-s89102095/
29252912,"STUVA / FRITIDS - Wardrobe, 60x50x192 cm",Children's furniture,19505,830.0,24,,sized and shaped for children to use safely,"kids, playroom, storage",Children's furniture; Bookcases & shelving units,Ebba Strandmark/IKEA of Sweden,https://www.ikea.com/sa/en/p/stuva-fritids-wardrobe-white-white-s29252912/
50308002,"TROFAST - Storage box, 42x30x10 cm",Children's furniture,235,10.0,24,,sized and shaped for children to use safely,"kids, playroom, storage",Children's furniture; Bookcases & shelving units,Studio Copenhagen,https://www.ikea.com/sa/en/p/trofast-storage-box-yellow-50308002/
20089242,"TROFAST - Storage box, 42x30x36 cm",Children's furniture,588,25.0,24,,sized and shaped for children to use safely,"kids, playroom, storage",Children's furniture; Bookcases & shelving units,Studio Copenhagen,https://www.ikea.com/sa/en/p/trofast-storage-box-white-20089242/
69260081,YPPERLIG - Children's table with 2 benches,Children's furniture,15628,665.0,24,,sized and shaped for children to use safely,"kids, playroom, storage",Children's furniture; Bookcases & shelving units,HAY,https://www.ikea.com/sa/en/p/ypperlig-childrens-table-with-2-benches-s69260081/
59253043,"STUVA / FRITIDS - Wardrobe with storage bench, 150x50x192 cm",Children's furniture,28788,1225.0,24,,sized and shaped for children to use safely,"kids, playroom, storage",Children's furniture; Bookcases & shelving units,IKEA of Sweden/Ebba Strandmark,https://www.ikea.com/sa/en/p/stuva-fritids-wardrobe-with-storage-bench-white-white-s59253043/
99129004,"PÅHL - Desk with shelf unit, 128x58 cm",Children's furniture,10575,450.0,24,,sized and shaped for children to use safely,"kids, playroom, storage",Children's furniture; Bookcases & shelving units,S Fager/J Jelinek,https://www.ikea.com/sa/en/p/pahl-desk-with-shelf-unit-white-s99129004/
30298023,"TROFAST - Storage box, 42x30x23 cm",Children's furniture,352,15.0,24,,sized and shaped for children to use safely,"kids, playroom, storage",Children's furniture; Bookcases & shelving units,Studio Copenhagen,https://www.ikea.com/sa/en/p/trofast-storage-box-orange-30298023/
70091412,"TROFAST - Storage box, 20x30x10 cm",Children's furniture,118,5.0,24,,sized and shaped for children to use safely,"kids, playroom, storage",Children's furniture; Bookcases & shelving units,Studio Copenhagen,https://www.ikea.com/sa/en/p/trofast-storage-box-white-70091412/
59279585,"STUVA / FRITIDS - Toy storage with wheels, 60x50x64 cm",Children's furniture,8812,375.0,24,,sized and shaped for children to use safely,"kids, playroom, storage",Children's furniture; Bookcases & shelving units,IKEA of Sweden/Ebba Strandmark,https://www.ikea.com/sa/en/p/stuva-fritids-toy-storage-with-wheels-white-white-s59279585/
90269697,"SUNDVIK - Wardrobe, 80x50x171 cm",Children's furniture,25732,1095.0,24,,sized and shaped for children to use safely,"kids, playroom, storage",Children's furniture; Bookcases & shelving units,Jon Karlsson,https://www.ikea.com/sa/en/p/sundvik-wardrobe-grey-brown-90269697/
80308699,"TROFAST - Shelf, 30 cm",Children's furniture,1292,55.0,24,,sized and shaped for children to use safely,"kids, playroom, storage",Children's furniture; Bookcases & shelving units,Studio Copenhagen,https://www.ikea.com/sa/en/p/trofast-shelf-light-white-stained-pine-pine-80308699/
80153800,"TROFAST - Frame, 99x44x56 cm",Children's furniture,6462,275.0,24,,sized and shaped for children to use safely,"kids, playroom, storage",Children's furniture; Bookcases & shelving units,Studio Copenhagen,https://www.ikea.com/sa/en/p/trofast-frame-white-80153800/
49128945,"PÅHL - Desk, 96x58 cm",Children's furniture,6932,295.0,24,,sized and shaped for children to use safely,"kids, playroom, storage",Children's furniture; Bookcases & shelving units,S Fager/J Jelinek,https://www.ikea.com/sa/en/p/pahl-desk-white-s49128945/
89128953,"PÅHL - Desk, 128x58 cm",Children's furniture,7638,325.0,24,,sized and shaped for children to use safely,"kids, playroom, storage",Children's furniture; Bookcases & shelving units,S Fager/J Jelinek,https://www.ikea.com/sa/en/p/pahl-desk-white-s89128953/
60308695,"TROFAST - Frame, 94x44x91 cm",Children's furniture,9048,385.0,24,,sized and shaped for children to use safely,"kids, playroom, storage",Children's furniture; Bookcases & shelving units,Studio Copenhagen,https://www.ikea.com/sa/en/p/trofast-frame-light-white-stained-pine-pine-60308695/
30128629,"STUVA - Bench, 90x50x50 cm",Children's furniture,4112,175.0,24,,sized and shaped for children to use safely,"kids, playroom, storage",Children's furniture; Bookcases & shelving units,Ebba Strandmark,https://www.ikea.com/sa/en/p/stuva-bench-white-30128629/
90287413,"BUNSÖ - Children's easy chair, outdoor",Children's furniture,1622,69.0,24,,sized and shaped for children to use safely,"kids, playroom, storage",Children's furniture; Bookcases & shelving units,Thomas Sandell,https://www.ikea.com/sa/en/p/bunsoe-childrens-easy-chair-outdoor-white-90287413/
19252856,"STUVA / FRITIDS - Wardrobe, 60x50x192 cm",Children's furniture,15862,675.0,24,,sized and shaped for children to use safely,"kids, playroom, storage",Children's furniture; Bookcases & shelving units,Ebba Strandmark/IKEA of Sweden,https://www.ikea.com/sa/en/p/stuva-fritids-wardrobe-white-white-s19252856/
30091452,"TROFAST - Frame, 46x30x94 cm",Children's furniture,3525,150.0,24,,sized and shaped for children to use safely,"kids, playroom, storage",Children's furniture; Bookcases & shelving units,Studio Copenhagen,https://www.ikea.com/sa/en/p/trofast-frame-white-30091452/
29103007,"TROFAST - Storage combination, 44x30x91 cm",Children's furniture,5640,240.0,24,,sized and shaped for children to use safely,"kids, playroom, storage",Children's furniture; Bookcases & shelving units,Studio Copenhagen,https://www.ikea.com/sa/en/p/trofast-storage-combination-light-white-stained-pine-pine-white-s29103007/
20308701,"TROFAST - Wall storage, 93x30 cm",Children's furniture,3878,165.0,24,,sized and shaped for children to use safely,"kids, playroom, storage",Children's furniture; Bookcases & shelving units,Mia Lagerman,https://www.ikea.com/sa/en/p/trofast-wall-storage-light-white-stained-pine-pine-20308701/
99228551,"TROFAST - Storage combination, 46x30x145 cm",Children's furniture,6110,260.0,24,,sized and shaped for children to use safely,"kids, playroom, storage",Children's furniture; Bookcases & shelving units,Studio Copenhagen,https://www.ikea.com/sa/en/p/trofast-storage-combination-white-green-white-s99228551/
69128992,"PÅHL - Desk with shelf unit, 96x58 cm",Children's furniture,9870,420.0,24,,sized and shaped for children to use safely,"kids, playroom, storage",Children's furniture; Bookcases & shelving units,S Fager/J Jelinek,https://www.ikea.com/sa/en/p/pahl-desk-with-shelf-unit-white-s69128992/
49128969,"PÅHL - Desk with add-on unit, 128x58 cm",Children's furniture,9988,425.0,24,,sized and shaped for children to use safely,"kids, playroom, storage",Children's furniture; Bookcases & shelving units,S Fager/J Jelinek,https://www.ikea.com/sa/en/p/pahl-desk-with-add-on-unit-white-s49128969/
80089239,"TROFAST - Storage box, 42x30x10 cm",Children's furniture,235,10.0,24,,sized and shaped for children to use safely,"kids, playroom, storage",Children's furniture; Bookcases & shelving units,Studio Copenhagen,https://www.ikea.com/sa/en/p/trofast-storage-box-white-80089239/
91415,"TROFAST - Lid, 20x28 cm",Children's furniture,118,5.0,24,,sized and shaped for children to use safely,"kids, playroom, storage",Children's furniture; Bookcases & shelving units,Studio Copenhagen,https://www.ikea.com/sa/en/p/trofast-lid-white-00091415/
20308697,"TROFAST - Frame, 94x52 cm",Children's furniture,7520,320.0,24,,sized and shaped for children to use safely,"kids, playroom, storage",Children's furniture; Bookcases & shelving units,Studio Copenhagen,https://www.ikea.com/sa/en/p/trofast-frame-light-white-stained-pine-pine-20308697/
10308693,"TROFAST - Frame, 44x91 cm",Children's furniture,4582,195.0,24,,sized and shaped for children to use safely,"kids, playroom, storage",Children's furniture; Bookcases & shelving units,Studio Copenhagen,https://www.ikea.com/sa/en/p/trofast-frame-light-white-stained-pine-pine-10308693/
9102532,"TROFAST - Storage combination, 94x44x52 cm",Children's furniture,9282,395.0,24,,sized and shaped for children to use safely,"kids, playroom, storage",Children's furniture; Bookcases & shelving units,Studio Copenhagen,https://www.ikea.com/sa/en/p/trofast-storage-combination-light-white-stained-pine-pine-white-s09102532/
40466285,"TROFAST - Storage box, 42x30x10 cm",Children's furniture,235,10.0,24,,sized and shaped for children to use safely,"kids, playroom, storage",Children's furniture; Bookcases & shelving units,404.662.85 Fits in TROFAST frames.Can be stacked when completed with a lid.May be completed with TROFAST lid.,https://www.ikea.com/sa/en/p/trofast-storage-box-green-40466285/
69337801,"TROFAST - Storage combination, 46x30x94 cm",Children's furniture,4700,200.0,24,,sized and shaped for children to use safely,"kids, playroom, storage",Children's furniture; Bookcases & shelving units,Studio Copenhagen,https://www.ikea.com/sa/en/p/trofast-storage-combination-white-white-pink-s69337801/
79102958,"TROFAST - Storage combination, 94x44x52 cm",Children's furniture,9635,410.0,24,,sized and shaped for children to use safely,"kids, playroom, storage",Children's furniture; Bookcases & shelving units,Studio Copenhagen,https://www.ikea.com/sa/en/p/trofast-storage-combination-light-white-stained-pine-pine-white-s79102958/
30171123,"TROFAST - Frame, 46x30x145 cm",Children's furniture,4112,175.0,24,,sized and shaped for children to use safely,"kids, playroom, storage",Children's furniture; Bookcases & shelving units,Studio Copenhagen,https://www.ikea.com/sa/en/p/trofast-frame-white-30171123/
30466281,"TROFAST - Storage box, 42x30x23 cm",Children's furniture,352,15.0,24,,sized and shaped for children to use safely,"kids, playroom, storage",Children's furniture; Bookcases & shelving units,304.662.81 Fits in TROFAST frames.Can be stacked when completed with a lid.May be completed with TROFAST lid.,https://www.ikea.com/sa/en/p/trofast-storage-box-orange-30466281/
50466275,"TROFAST - Storage box, 42x30x23 cm",Children's furniture,352,15.0,24,,sized and shaped for children to use safely,"kids, playroom, storage",Children's furniture; Bookcases & shelving units,504.662.75 Fits in TROFAST frames.Can be stacked when completed with a lid.May be completed with TROFAST lid.,https://www.ikea.com/sa/en/p/trofast-storage-box-pink-50466275/
40348664,"YPPERLIG - Children's table, 74x62 cm",Children's furniture,6462,275.0,24,,sized and shaped for children to use safely,"kids, playroom, storage",Children's furniture; Bookcases & shelving units,HAY,https://www.ikea.com/sa/en/p/ypperlig-childrens-table-beech-dark-red-40348664/
99323614,SMÅGÖRA - Changing tbl/bookshelf w 1 shlf ut,Nursery furniture,8695,370.0,24,,practical furniture for caring for a baby,"baby, nursery",Nursery furniture; Chests of drawers & drawer units,IKEA of Sweden,https://www.ikea.com/sa/en/p/smagoera-changing-tbl-bookshelf-w-1-shlf-ut-white-s99323614/
50460886,SMÅGÖRA - Changing table/bookshelf,Nursery furniture,6462,275.0,24,,practical furniture for caring for a baby,"baby, nursery",Nursery furniture; Chests of drawers & drawer units,IKEA of Sweden,https://www.ikea.com/sa/en/p/smagoera-changing-table-bookshelf-white-50460886/
9323623,SMÅGÖRA - Changing tbl/bookshelf w 2 shlf ut,Nursery furniture,10928,465.0,24,,practical furniture for caring for a baby,"baby, nursery",Nursery furniture; Chests of drawers & drawer units,IKEA of Sweden,https://www.ikea.com/sa/en/p/smagoera-changing-tbl-bookshelf-w-2-shlf-ut-white-s09323623/
80226137,"VÄDRA - Babycare mat, 48x74 cm",Nursery furniture,2232,95.0,24,,practical furniture for caring for a baby,"baby, nursery",Nursery furniture; Chests of drawers & drawer units,IKEA of Sweden,https://www.ikea.com/sa/en/p/vaedra-babycare-mat-80226137/
10356127,"VÄDRA - Cover for babycare mat, 48x74 cm",Nursery furniture,705,30.0,24,,practical furniture for caring for a baby,"baby, nursery",Nursery furniture; Chests of drawers & drawer units,Annie Huldén,https://www.ikea.com/sa/en/p/vaedra-cover-for-babycare-mat-10356127/
30199283,ÖNSKLIG - Stor baskets changing tbl set of 4,Nursery furniture,1386,59.0,24,,practical furniture for caring for a baby,"baby, nursery",Nursery furniture; Chests of drawers & drawer units,Monika Mulder,https://www.ikea.com/sa/en/p/oensklig-stor-baskets-changing-tbl-set-of-4-white-30199283/
20045205,"SNIGLAR - Changing table, 72x53 cm",Nursery furniture,3408,145.0,24,,practical furniture for caring for a baby,"baby, nursery",Nursery furniture; Chests of drawers & drawer units,IKEA of Sweden,https://www.ikea.com/sa/en/p/sniglar-changing-table-beech-white-20045205/
20400243,"LEN - Nursing pillow, 60x50x18 cm",Nursery furniture,2092,89.0,24,,practical furniture for caring for a baby,"baby, nursery",Nursery furniture; Chests of drawers & drawer units,IKEA of Sweden,https://www.ikea.com/sa/en/p/len-nursing-pillow-grey-20400243/
69253146,"STUVA / FRITIDS - Changing table with drawers, 90x79x102 cm",Nursery furniture,19035,810.0,24,,practical furniture for caring for a baby,"baby, nursery",Nursery furniture; Chests of drawers & drawer units,Ebba Strandmark/IKEA of Sweden,https://www.ikea.com/sa/en/p/stuva-fritids-changing-table-with-drawers-white-white-s69253146/
20307037,GULLIVER - Changing table,Nursery furniture,18682,795.0,24,,practical furniture for caring for a baby,"baby, nursery",Nursery furniture; Chests of drawers & drawer units,IKEA of Sweden,https://www.ikea.com/sa/en/p/gulliver-changing-table-white-20307037/
360479,"SKÖTSAM - Cover, 55x83 cm",Nursery furniture,588,25.0,24,,practical furniture for caring for a baby,"baby, nursery",Nursery furniture; Chests of drawers & drawer units,Annie Huldén,https://www.ikea.com/sa/en/p/skoetsam-cover-white-grey-00360479/
30424007,SUNDVIK - Changing table/chest of drawers,Nursery furniture,23382,995.0,24,,practical furniture for caring for a baby,"baby, nursery",Nursery furniture; Chests of drawers & drawer units,Jon Karlsson,https://www.ikea.com/sa/en/p/sundvik-changing-table-chest-of-drawers-white-30424007/
39180830,"STUVA / FÖLJA - Changing table with 4 drawers, 90x79x102 cm",Nursery furniture,19388,825.0,24,,practical furniture for caring for a baby,"baby, nursery",Nursery furniture; Chests of drawers & drawer units,IKEA of Sweden/Ebba Strandmark,https://www.ikea.com/sa/en/p/stuva-foelja-changing-table-with-4-drawers-white-s39180830/
69253047,"STUVA / FRITIDS - Wardrobe with storage bench, 150x50x192 cm",Nursery furniture,28788,1225.0,24,,practical furniture for caring for a baby,"baby, nursery",Nursery furniture; Chests of drawers & drawer units,Ebba Strandmark/IKEA of Sweden,https://www.ikea.com/sa/en/p/stuva-fritids-wardrobe-with-storage-bench-white-light-blue-s69253047/
19240892,"TROFAST - Storage combination, 44x30x91 cm",Nursery furniture,5758,245.0,24,,practical furniture for caring for a baby,"baby, nursery",Nursery furniture; Chests of drawers & drawer units,Studio Copenhagen,https://www.ikea.com/sa/en/p/trofast-storage-combination-light-white-stained-pine-white-pink-s19240892/
30465489,"SMÅGÖRA - Shelf unit, 29x88 cm",Nursery furniture,2232,95.0,24,,practical furniture for caring for a baby,"baby, nursery",Nursery furniture; Chests of drawers & drawer units,IKEA of Sweden,https://www.ikea.com/sa/en/p/smagoera-shelf-unit-white-30465489/
20225334,STUVA - Changing table/desk,Nursery furniture,12808,545.0,24,,practical furniture for caring for a baby,"baby, nursery",Nursery furniture; Chests of drawers & drawer units,IKEA of Sweden,https://www.ikea.com/sa/en/p/stuva-changing-table-desk-white-20225334/
50424006,SUNDVIK - Changing table/chest of drawers,Nursery furniture,18706,796.0,24,,practical furniture for caring for a baby,"baby, nursery",Nursery furniture; Chests of drawers & drawer units,Jon Karlsson,https://www.ikea.com/sa/en/p/sundvik-changing-table-chest-of-drawers-grey-brown-50424006/
79228590,"TROFAST - Storage combination, 46x30x94 cm",Nursery furniture,4700,200.0,24,,practical furniture for caring for a baby,"baby, nursery",Nursery furniture; Chests of drawers & drawer units,Studio Copenhagen,https://www.ikea.com/sa/en/p/trofast-storage-combination-white-green-white-s79228590/
19262233,"STUVA / FRITIDS - Bookcase with drawers, 60x50x128 cm",Nursery furniture,12808,545.0,24,,practical furniture for caring for a baby,"baby, nursery",Nursery furniture; Chests of drawers & drawer units,Ebba Strandmark/IKEA of Sweden,https://www.ikea.com/sa/en/p/stuva-fritids-bookcase-with-drawers-white-light-pink-s19262233/
69252868,"STUVA / FRITIDS - Wardrobe, 60x50x192 cm",Nursery furniture,15862,675.0,24,,practical furniture for caring for a baby,"baby, nursery",Nursery furniture; Chests of drawers & drawer units,Ebba Strandmark/IKEA of Sweden,https://www.ikea.com/sa/en/p/stuva-fritids-wardrobe-white-light-blue-s69252868/
89335976,"TROFAST - Storage combination, 46x30x94 cm",Nursery furniture,4582,195.0,24,,practical furniture for caring for a baby,"baby, nursery",Nursery furniture; Chests of drawers & drawer units,Studio Copenhagen,https://www.ikea.com/sa/en/p/trofast-storage-combination-white-pink-s89335976/
69898415,"TÄRNÖ - Table+2 chairs, outdoor",Outdoor furniture,4676,199.0,12,,"made for use outside on a balcony, patio or garden","outdoor, balcony, guests",Outdoor furniture; Cafe furniture,IKEA of Sweden,https://www.ikea.com/sa/en/p/taernoe-table-2-chairs-outdoor-black-acacia-grey-brown-stained-steel-light-brown-stained-s69898415/
49048425,GÅRÖ / FREDÖN - Hammock with stand,Outdoor furniture,13254,564.0,12,,"made for use outside on a balcony, patio or garden","outdoor, balcony, guests",Outdoor furniture; Cafe furniture,IKEA of Sweden,https://www.ikea.com/sa/en/p/garoe-fredoen-hammock-with-stand-grey-beige-s49048425/
19217863,"FALHOLMEN - Table+4 chairs w armrests, outdoor",Outdoor furniture,33628,1431.0,12,,"made for use outside on a balcony, patio or garden","outdoor, balcony, guests",Outdoor furniture; Cafe furniture,IKEA of Sweden/Andreas Fredriksson,https://www.ikea.com/sa/en/p/falholmen-table-4-chairs-w-armrests-outdoor-grey-brown-light-brown-stained-ytteroen-blue-s19217863/
80213446,"ÄPPLARÖ - Table/stool section, outdoor, 63x63 cm",Outdoor furniture,4818,205.0,12,,"made for use outside on a balcony, patio or garden","outdoor, balcony, guests",Outdoor furniture; Cafe furniture,K Hagberg/M Hagberg,https://www.ikea.com/sa/en/p/aepplaroe-table-stool-section-outdoor-brown-stained-brown-80213446/
80208529,"ÄPPLARÖ - Bench with backrest, outdoor",Outdoor furniture,10458,445.0,12,,"made for use outside on a balcony, patio or garden","outdoor, balcony, guests",Outdoor furniture; Cafe furniture,K Hagberg/M Hagberg,https://www.ikea.com/sa/en/p/aepplaroe-bench-with-backrest-outdoor-brown-stained-brown-80208529/
19217518,"MASTHOLMEN - 2-seat conversation set, outdoor",Outdoor furniture,23124,984.0,12,,"made for use outside on a balcony, patio or garden","outdoor, balcony, guests",Outdoor furniture; Cafe furniture,Nike Karlsson,https://www.ikea.com/sa/en/p/mastholmen-2-seat-conversation-set-outdoor-rattan-s19217518/
29289821,"ÄPPLARÖ - Table+6 chairs armr+bench, outdoor",Outdoor furniture,80887,3442.0,12,,"made for use outside on a balcony, patio or garden","outdoor, balcony, guests",Outdoor furniture; Cafe furniture,IKEA of Sweden/K Hagberg/M Hagberg,https://www.ikea.com/sa/en/p/aepplaroe-table-6-chairs-armr-bench-outdoor-brown-stained-ytteroen-blue-s29289821/
10411440,"TOSTERÖ - Storage box, outdoor, 129x44x79 cm",Outdoor furniture,4112,175.0,12,,"made for use outside on a balcony, patio or garden","outdoor, balcony, guests",Outdoor furniture; Cafe furniture,"104.114.40 This waterproof storage box protects your outdoor pads and cushions from rain, sun, dirt, dust and pollen and helps you keep them organised when they’re not being used.Protecting your outdoor pads and cushions in a waterproof storage box is a simple and effective way to make them look new and fresh longer.The colour stays fresh for longer as the fabric is fade resistant. Handles make it easy to move.Make sure the cushions are completely dry before storing them away in the storage box.During the off-season, store the box filled with cushions in a cool dry place indoors.The storage box is light in weight, so you may need to fill it to keep it from moving around in the wind.For example, the storage box can be filled with 3 seat cushions and 3 back cushions for outdoor sofas and 4 decorative cushions.For example, the storage box can be filled with 6 seat/back cushions and 6 decorative cushions.For example, the storage box can be filled with 2 seat cushions and 2 back cushions for outdoor sofas, 2 chair cushions for armchairs and 2-4 decorative cushions.",https://www.ikea.com/sa/en/p/tosteroe-storage-box-outdoor-black-10411440/
49054015,"ÄPPLARÖ - Wall panel+gate-leg table, outdoor, 80x62x158 cm",Outdoor furniture,9024,384.0,12,,"made for use outside on a balcony, patio or garden","outdoor, balcony, guests",Outdoor furniture; Cafe furniture,K Hagberg/M Hagberg,https://www.ikea.com/sa/en/p/aepplaroe-wall-panel-gate-leg-table-outdoor-brown-stained-s49054015/
40332682,"BROMMÖ - Lounger, outdoor",Outdoor furniture,4818,205.0,12,,"made for use outside on a balcony, patio or garden","outdoor, balcony, guests",Outdoor furniture; Cafe furniture,IKEA of Sweden,https://www.ikea.com/sa/en/p/brommoe-lounger-outdoor-black-brown-stained-brown-40332682/
79183681,ÄPPLARÖ - Table+2 chrs w armr+bench,Outdoor furniture,41971,1786.0,12,,"made for use outside on a balcony, patio or garden","outdoor, balcony, guests",Outdoor furniture; Cafe furniture,K Hagberg/M Hagberg/IKEA of Sweden,https://www.ikea.com/sa/en/p/aepplaroe-table-2-chrs-w-armr-bench-brown-stained-ytteroen-blue-s79183681/
80287362,FREDÖN - Hammock,Outdoor furniture,5288,225.0,12,,"made for use outside on a balcony, patio or garden","outdoor, balcony, guests",Outdoor furniture; Cafe furniture,IKEA of Sweden,https://www.ikea.com/sa/en/p/fredoen-hammock-beige-80287362/
20204925,"ÄPPLARÖ - Stool, outdoor",Outdoor furniture,2326,99.0,12,,"made for use outside on a balcony, patio or garden","outdoor, balcony, guests",Outdoor furniture; Cafe furniture,K Hagberg/M Hagberg,https://www.ikea.com/sa/en/p/aepplaroe-stool-outdoor-foldable-brown-stained-20204925/
99262168,"ÄPPLARÖ - Modular corner sofa 3-seat, outdoor, 143/223x80x84 cm",Outdoor furniture,60536,2576.0,12,,"made for use outside on a balcony, patio or garden","outdoor, balcony, guests",Outdoor furniture; Cafe furniture,Eva Lilja Löwenhielm/K Hagberg/M Hagberg/IKEA of Sweden,https://www.ikea.com/sa/en/p/aepplaroe-modular-corner-sofa-3-seat-outdoor-brown-stained-froesoen-duvholmen-dark-grey-s99262168/
39291418,ÄPPLARÖ - Wall panel+gatleg table+2 chairs,Outdoor furniture,19764,841.0,12,,"made for use outside on a balcony, patio or garden","outdoor, balcony, guests",Outdoor furniture; Cafe furniture,K Hagberg/M Hagberg/IKEA of Sweden,https://www.ikea.com/sa/en/p/aepplaroe-wall-panel-gatleg-table-2-chairs-brown-stained-kuddarna-grey-s39291418/
324561,"TOSTERÖ - Parasol cover, 220 cm",Outdoor furniture,1856,79.0,12,,"made for use outside on a balcony, patio or garden","outdoor, balcony, guests",Outdoor furniture; Cafe furniture,IKEA of Sweden,https://www.ikea.com/sa/en/p/tosteroe-parasol-cover-black-00324561/
49275903,"ÄPPLARÖ - 4-seat conversation set, outdoor",Outdoor furniture,65354,2781.0,12,,"made for use outside on a balcony, patio or garden","outdoor, balcony, guests",Outdoor furniture; Cafe furniture,Eva Lilja Löwenhielm/IKEA of Sweden/K Hagberg/M Hagberg,https://www.ikea.com/sa/en/p/aepplaroe-4-seat-conversation-set-outdoor-brown-stained-froesoen-duvholmen-dark-grey-s49275903/
39251993,"HAVSTEN - Add-on unit, in/outdoor, 83x94x90 cm",Outdoor furniture,22325,950.0,12,,"made for use outside on a balcony, patio or garden","outdoor, balcony, guests",Outdoor furniture; Cafe furniture,Andreas Fredriksson,https://www.ikea.com/sa/en/p/havsten-add-on-unit-in-outdoor-beige-s39251993/
80336466,"KROKHOLMEN - Coffee table, outdoor",Outdoor furniture,4112,175.0,12,,"made for use outside on a balcony, patio or garden","outdoor, balcony, guests",Outdoor furniture; Cafe furniture,Marcus Arvonen,https://www.ikea.com/sa/en/p/krokholmen-coffee-table-outdoor-beige-80336466/
20208527,"ÄPPLARÖ - Chair with armrests, outdoor",Outdoor furniture,5992,255.0,12,,"made for use outside on a balcony, patio or garden","outdoor, balcony, guests",Outdoor furniture; Cafe furniture,K Hagberg/M Hagberg,https://www.ikea.com/sa/en/p/aepplaroe-chair-with-armrests-outdoor-brown-stained-brown-20208527/
50313094,"FALHOLMEN - Chair with armrests, outdoor",Outdoor furniture,3642,155.0,12,,"made for use outside on a balcony, patio or garden","outdoor, balcony, guests",Outdoor furniture; Cafe furniture,Andreas Fredriksson,https://www.ikea.com/sa/en/p/falholmen-chair-with-armrests-outdoor-grey-brown-stained-light-brown-stained-50313094/
10205181,"ÄPPLARÖ - Bench, outdoor, 114 cm",Outdoor furniture,5992,255.0,12,,"made for use outside on a balcony, patio or garden","outdoor, balcony, guests",Outdoor furniture; Cafe furniture,K Hagberg/M Hagberg,https://www.ikea.com/sa/en/p/aepplaroe-bench-outdoor-brown-stained-brown-10205181/
49256867,"SOLLERÖN - 4-seat conversation set, outdoor",Outdoor furniture,112400,4783.0,12,,"made for use outside on a balcony, patio or garden","outdoor, balcony, guests",Outdoor furniture; Cafe furniture,Jonas Hultqvist/IKEA of Sweden/Eva Lilja Löwenhielm,https://www.ikea.com/sa/en/p/solleroen-4-seat-conversation-set-outdoor-brown-froesoen-duvholmen-beige-s49256867/
90208543,ÄPPLARÖ - Sun lounger,Outdoor furniture,12196,519.0,12,,"made for use outside on a balcony, patio or garden","outdoor, balcony, guests",Outdoor furniture; Cafe furniture,K Hagberg/M Hagberg,https://www.ikea.com/sa/en/p/aepplaroe-sun-lounger-brown-stained-brown-90208543/
59048415,"VÄDDÖ - Table+4 chairs, outdoor",Outdoor furniture,11210,477.0,12,,"made for use outside on a balcony, patio or garden","outdoor, balcony, guests",Outdoor furniture; Cafe furniture,Henrik Preutz,https://www.ikea.com/sa/en/p/vaeddoe-table-4-chairs-outdoor-white-s59048415/
30264565,"HÅLLÖ - Sun lounger pad, 190x60 cm",Outdoor furniture,5758,245.0,12,,"made for use outside on a balcony, patio or garden","outdoor, balcony, guests",Outdoor furniture; Cafe furniture,IKEA of Sweden,https://www.ikea.com/sa/en/p/halloe-sun-lounger-pad-black-30264565/
401941,"SJÄLLAND - Table top, 67x67 cm",Outdoor furniture,4230,180.0,12,,"made for use outside on a balcony, patio or garden","outdoor, balcony, guests",Outdoor furniture; Cafe furniture,David Wahl,https://www.ikea.com/sa/en/p/sjaelland-table-top-light-brown-00401941/
50339206,"MASTHOLMEN - Armchair, outdoor",Outdoor furniture,10928,465.0,12,,"made for use outside on a balcony, patio or garden","outdoor, balcony, guests",Outdoor furniture; Cafe furniture,Nike Karlsson,https://www.ikea.com/sa/en/p/mastholmen-armchair-outdoor-50339206/
39286153,"ASKHOLMEN - Table+2 chairs, outdoor",Outdoor furniture,10928,465.0,12,,"made for use outside on a balcony, patio or garden","outdoor, balcony, guests",Outdoor furniture; Cafe furniture,IKEA of Sweden,https://www.ikea.com/sa/en/p/askholmen-table-2-chairs-outdoor-grey-brown-stained-kuddarna-beige-s39286153/
19212182,"ASKHOLMEN - Table+4 chairs, outdoor",Outdoor furniture,18118,771.0,12,,"made for use outside on a balcony, patio or garden","outdoor, balcony, guests",Outdoor furniture; Cafe furniture,IKEA of Sweden,https://www.ikea.com/sa/en/p/askholmen-table-4-chairs-outdoor-grey-brown-stained-s19212182/
20411425,"STACKHOLMEN - Stool, outdoor, 48x35x43 cm",Outdoor furniture,2938,125.0,12,,"made for use outside on a balcony, patio or garden","outdoor, balcony, guests",Outdoor furniture; Cafe furniture,Ola Wihlborg,https://www.ikea.com/sa/en/p/stackholmen-stool-outdoor-light-brown-stained-20411425/
70208539,"ÄPPLARÖ - Reclining chair, outdoor",Outdoor furniture,6462,275.0,12,,"made for use outside on a balcony, patio or garden","outdoor, balcony, guests",Outdoor furniture; Cafe furniture,K Hagberg/M Hagberg,https://www.ikea.com/sa/en/p/aepplaroe-reclining-chair-outdoor-brown-foldable-brown-stained-brown-70208539/
50208535,"ÄPPLARÖ - Gateleg table, outdoor, 20/77/133x62 cm",Outdoor furniture,9282,395.0,12,,"made for use outside on a balcony, patio or garden","outdoor, balcony, guests",Outdoor furniture; Cafe furniture,K Hagberg/M Hagberg,https://www.ikea.com/sa/en/p/aepplaroe-gateleg-table-outdoor-brown-stained-brown-50208535/
39251988,"HAVSTEN - 4-seat conversation set, in/outdoor",Outdoor furniture,112448,4785.0,12,,"made for use outside on a balcony, patio or garden","outdoor, balcony, guests",Outdoor furniture; Cafe furniture,Marcus Arvonen/Andreas Fredriksson,https://www.ikea.com/sa/en/p/havsten-4-seat-conversation-set-in-outdoor-beige-s39251988/
29267334,"ÄPPLARÖ - 3-seat modular sofa, outdoor, 143/223x80x84 cm",Outdoor furniture,56024,2384.0,12,,"made for use outside on a balcony, patio or garden","outdoor, balcony, guests",Outdoor furniture; Cafe furniture,IKEA of Sweden/Eva Lilja Löwenhielm/K Hagberg/M Hagberg,https://www.ikea.com/sa/en/p/aepplaroe-3-seat-modular-sofa-outdoor-with-footstool-brown-stained-brown-stained-froesoen-duvholmen-beige-s29267334/
70419787,"ÄPPLARÖ - Table, outdoor, 140x140 cm",Outdoor furniture,15862,675.0,12,,"made for use outside on a balcony, patio or garden","outdoor, balcony, guests",Outdoor furniture; Cafe furniture,K Hagberg/M Hagberg,https://www.ikea.com/sa/en/p/aepplaroe-table-outdoor-brown-stained-70419787/
50285265,"TOSTERÖ - Cover for furniture set, 100x70 cm",Outdoor furniture,2420,103.0,12,,"made for use outside on a balcony, patio or garden","outdoor, balcony, guests",Outdoor furniture; Cafe furniture,IKEA of Sweden,https://www.ikea.com/sa/en/p/tosteroe-cover-for-furniture-set-black-50285265/
9048413,"VÄDDÖ - Table+2 chairs, outdoor",Outdoor furniture,6134,261.0,12,,"made for use outside on a balcony, patio or garden","outdoor, balcony, guests",Outdoor furniture; Cafe furniture,Henrik Preutz,https://www.ikea.com/sa/en/p/vaeddoe-table-2-chairs-outdoor-white-s09048413/
40208531,"ÄPPLARÖ - Drop-leaf table, outdoor, 140/200/260x78 cm",Outdoor furniture,17508,745.0,12,,"made for use outside on a balcony, patio or garden","outdoor, balcony, guests",Outdoor furniture; Cafe furniture,K Hagberg/M Hagberg,https://www.ikea.com/sa/en/p/aepplaroe-drop-leaf-table-outdoor-brown-stained-brown-40208531/
59289424,"ÄPPLARÖ - Table+4 chairs w armrests, outdoor",Outdoor furniture,46084,1961.0,12,,"made for use outside on a balcony, patio or garden","outdoor, balcony, guests",Outdoor furniture; Cafe furniture,IKEA of Sweden/K Hagberg/M Hagberg,https://www.ikea.com/sa/en/p/aepplaroe-table-4-chairs-w-armrests-outdoor-brown-stained-kuddarna-grey-s59289424/
70095429,"TÄRNÖ - Table, outdoor, 55x54 cm",Outdoor furniture,2092,89.0,12,,"made for use outside on a balcony, patio or garden","outdoor, balcony, guests",Outdoor furniture; Cafe furniture,IKEA of Sweden,https://www.ikea.com/sa/en/p/taernoe-table-outdoor-black-acacia-grey-brown-stained-steel-light-brown-stained-70095429/
10337817,"ASKHOLMEN - Table, outdoor, 112x62 cm",Outdoor furniture,5992,255.0,12,,"made for use outside on a balcony, patio or garden","outdoor, balcony, guests",Outdoor furniture; Cafe furniture,IKEA of Sweden,https://www.ikea.com/sa/en/p/askholmen-table-outdoor-foldable-light-brown-light-brown-stained-grey-brown-stained-10337817/
70234185,"SKARPÖ - Armchair, outdoor",Outdoor furniture,4206,179.0,12,,"made for use outside on a balcony, patio or garden","outdoor, balcony, guests",Outdoor furniture; Cafe furniture,Magnus Elebäck,https://www.ikea.com/sa/en/p/skarpoe-armchair-outdoor-white-70234185/
90339742,"MASTHOLMEN - Coffee table, outdoor, 68 cm",Outdoor furniture,5992,255.0,12,,"made for use outside on a balcony, patio or garden","outdoor, balcony, guests",Outdoor furniture; Cafe furniture,Nike Karlsson,https://www.ikea.com/sa/en/p/mastholmen-coffee-table-outdoor-90339742/
90336550,"BENÖ - Chair pad, outdoor, 35 cm",Outdoor furniture,212,9.0,12,,"made for use outside on a balcony, patio or garden","outdoor, balcony, guests",Outdoor furniture; Cafe furniture,Paulin Machado,https://www.ikea.com/sa/en/p/benoe-chair-pad-outdoor-90336550/
90095428,"TÄRNÖ - Chair, outdoor",Outdoor furniture,1292,55.0,12,,"made for use outside on a balcony, patio or garden","outdoor, balcony, guests",Outdoor furniture; Cafe furniture,IKEA of Sweden,https://www.ikea.com/sa/en/p/taernoe-chair-outdoor-acacia-foldable-black-grey-brown-stained-steel-light-brown-stained-90095428/
80373618,"SOLLERÖN - Coffee table, outdoor, 92x62 cm",Outdoor furniture,9282,395.0,12,,"made for use outside on a balcony, patio or garden","outdoor, balcony, guests",Outdoor furniture; Cafe furniture,Jonas Hultqvist,https://www.ikea.com/sa/en/p/solleroen-coffee-table-outdoor-anthracite-brown-80373618/
59268775,"ÄPPLARÖ - Table+8 reclining chairs, outdoor",Outdoor furniture,97408,4145.0,12,,"made for use outside on a balcony, patio or garden","outdoor, balcony, guests",Outdoor furniture; Cafe furniture,Eva Lilja Löwenhielm/K Hagberg/M Hagberg/IKEA of Sweden,https://www.ikea.com/sa/en/p/aepplaroe-table-8-reclining-chairs-outdoor-brown-stained-froesoen-duvholmen-beige-s59268775/
80291731,"ÄPPLARÖ - Gateleg table for wall, outdoor, 80x56 cm",Outdoor furniture,4818,205.0,12,,"made for use outside on a balcony, patio or garden","outdoor, balcony, guests",Outdoor furniture; Cafe furniture,K Hagberg/M Hagberg,https://www.ikea.com/sa/en/p/aepplaroe-gateleg-table-for-wall-outdoor-brown-stained-80291731/
9289737,"ÄPPLARÖ - Table+6 reclining chairs, outdoor",Outdoor furniture,69678,2965.0,12,,"made for use outside on a balcony, patio or garden","outdoor, balcony, guests",Outdoor furniture; Cafe furniture,K Hagberg/M Hagberg/IKEA of Sweden,https://www.ikea.com/sa/en/p/aepplaroe-table-6-reclining-chairs-outdoor-brown-stained-kuddarna-grey-s09289737/
89260075,"ÄPPLARÖ - 3-seat modular sofa, outdoor, 223x80x84 cm",Outdoor furniture,47799,2034.0,12,,"made for use outside on a balcony, patio or garden","outdoor, balcony, guests",Outdoor furniture; Cafe furniture,IKEA of Sweden/Eva Lilja Löwenhielm/K Hagberg/M Hagberg,https://www.ikea.com/sa/en/p/aepplaroe-3-seat-modular-sofa-outdoor-brown-stained-froesoen-duvholmen-beige-s89260075/
19216689,"MASTHOLMEN - 4-seat conversation set, outdoor",Outdoor furniture,49702,2115.0,12,,"made for use outside on a balcony, patio or garden","outdoor, balcony, guests",Outdoor furniture; Cafe furniture,Nike Karlsson,https://www.ikea.com/sa/en/p/mastholmen-4-seat-conversation-set-outdoor-rattan-s19216689/
39289811,ÄPPLARÖ - Table+8 reclining chairs,Outdoor furniture,67562,2875.0,12,,"made for use outside on a balcony, patio or garden","outdoor, balcony, guests",Outdoor furniture; Cafe furniture,K Hagberg/M Hagberg,https://www.ikea.com/sa/en/p/aepplaroe-table-8-reclining-chairs-outdoor-brown-stained-s39289811/
40411047,"KUDDARNA - Back cushion, outdoor, 62x44 cm",Outdoor furniture,1058,45.0,12,,"made for use outside on a balcony, patio or garden","outdoor, balcony, guests",Outdoor furniture; Cafe furniture,IKEA of Sweden,https://www.ikea.com/sa/en/p/kuddarna-back-cushion-outdoor-beige-40411047/
70267133,"VÄDDÖ - Stool, outdoor",Outdoor furniture,832,35.4,12,,"made for use outside on a balcony, patio or garden","outdoor, balcony, guests",Outdoor furniture; Cafe furniture,Henrik Preutz,https://www.ikea.com/sa/en/p/vaeddoe-stool-outdoor-white-70267133/
50312424,"INNAMO - Chair with armrests, outdoor",Outdoor furniture,2524,107.4,12,,"made for use outside on a balcony, patio or garden","outdoor, balcony, guests",Outdoor furniture; Cafe furniture,IKEA of Sweden,https://www.ikea.com/sa/en/p/innamo-chair-with-armrests-outdoor-white-50312424/
60205188,"ÄPPLARÖ - One-seat section, outdoor",Outdoor furniture,7262,309.0,12,,"made for use outside on a balcony, patio or garden","outdoor, balcony, guests",Outdoor furniture; Cafe furniture,K Hagberg/M Hagberg,https://www.ikea.com/sa/en/p/aepplaroe-one-seat-section-outdoor-brown-stained-brown-60205188/
60409821,"TOSTERÖ - Storage bag for cushions, 62x62 cm",Outdoor furniture,1762,75.0,12,,"made for use outside on a balcony, patio or garden","outdoor, balcony, guests",Outdoor furniture; Cafe furniture,IKEA of Sweden,https://www.ikea.com/sa/en/p/tosteroe-storage-bag-for-cushions-black-60409821/
9183528,"ASKHOLMEN - Table f wall+2 fold chairs, outdoor",Outdoor furniture,10974,467.0,12,,"made for use outside on a balcony, patio or garden","outdoor, balcony, guests",Outdoor furniture; Cafe furniture,Jon Karlsson/IKEA of Sweden,https://www.ikea.com/sa/en/p/askholmen-table-f-wall-2-fold-chairs-outdoor-grey-brown-grey-brown-stained-ytteroen-blue-s09183528/
40259511,"VÄDDÖ - Table, outdoor, 58x74 cm",Outdoor furniture,2608,111.0,12,,"made for use outside on a balcony, patio or garden","outdoor, balcony, guests",Outdoor furniture; Cafe furniture,Henrik Preutz,https://www.ikea.com/sa/en/p/vaeddoe-table-outdoor-white-40259511/
49898435,"LÄCKÖ - Table+2 chairs, outdoor",Outdoor furniture,11586,493.0,12,,"made for use outside on a balcony, patio or garden","outdoor, balcony, guests",Outdoor furniture; Cafe furniture,Jon Karlsson,https://www.ikea.com/sa/en/p/laeckoe-table-2-chairs-outdoor-grey-s49898435/
9227532,"ÄPPLARÖ - 2-seat modular sofa, outdoor, 160x80x73 cm",Outdoor furniture,37318,1588.0,12,,"made for use outside on a balcony, patio or garden","outdoor, balcony, guests",Outdoor furniture; Cafe furniture,IKEA of Sweden/K Hagberg/M Hagberg,https://www.ikea.com/sa/en/p/aepplaroe-2-seat-modular-sofa-outdoor-brown-stained-kungsoe-white-white-s09227532/
20292328,"TOSTERÖ - Storage bag for cushions, 116x49 cm",Outdoor furniture,2420,103.0,12,,"made for use outside on a balcony, patio or garden","outdoor, balcony, guests",Outdoor furniture; Cafe furniture,IKEA of Sweden,https://www.ikea.com/sa/en/p/tosteroe-storage-bag-for-cushions-black-20292328/
10411143,"KUDDARNA - Seat/back cushion, outdoor, 116x45 cm",Outdoor furniture,2232,95.0,12,,"made for use outside on a balcony, patio or garden","outdoor, balcony, guests",Outdoor furniture; Cafe furniture,IKEA of Sweden,https://www.ikea.com/sa/en/p/kuddarna-seat-back-cushion-outdoor-grey-10411143/
59292643,"SJÄLLAND - Table+2 chairs w armrests, outdoor, 71x71x73 cm",Outdoor furniture,22889,974.0,12,,"made for use outside on a balcony, patio or garden","outdoor, balcony, guests",Outdoor furniture; Cafe furniture,David Wahl/IKEA of Sweden,https://www.ikea.com/sa/en/p/sjaelland-table-2-chairs-w-armrests-outdoor-dark-grey-halloe-black-s59292643/
9290104,"ÄPPLARÖ - Table+2 folding chairs, outdoor",Outdoor furniture,17508,745.0,12,,"made for use outside on a balcony, patio or garden","outdoor, balcony, guests",Outdoor furniture; Cafe furniture,K Hagberg/M Hagberg,https://www.ikea.com/sa/en/p/aepplaroe-table-2-folding-chairs-outdoor-brown-stained-s09290104/
80251513,"GÅRÖ - Hammock stand, outdoor",Outdoor furniture,7966,339.0,12,,"made for use outside on a balcony, patio or garden","outdoor, balcony, guests",Outdoor furniture; Cafe furniture,IKEA of Sweden,https://www.ikea.com/sa/en/p/garoe-hammock-stand-outdoor-grey-80251513/
49251983,"HAVSTEN - 3-seat sofa, in/outdoor, 245x94x90 cm",Outdoor furniture,69912,2975.0,12,,"made for use outside on a balcony, patio or garden","outdoor, balcony, guests",Outdoor furniture; Cafe furniture,Andreas Fredriksson,https://www.ikea.com/sa/en/p/havsten-3-seat-sofa-in-outdoor-with-open-end-without-armrests-beige-s49251983/
79258271,"KUNGSHOLMEN - Modular corner sofa 3-seat, outdoor",Outdoor furniture,65631,2792.8,12,,"made for use outside on a balcony, patio or garden","outdoor, balcony, guests",Outdoor furniture; Cafe furniture,Eva Lilja Löwenhielm/IKEA of Sweden/Nike Karlsson,https://www.ikea.com/sa/en/p/kungsholmen-modular-corner-sofa-3-seat-outdoor-black-brown-froesoen-duvholmen-beige-s79258271/
60240035,"ASKHOLMEN - Table, outdoor, 60x62 cm",Outdoor furniture,3502,149.0,12,,"made for use outside on a balcony, patio or garden","outdoor, balcony, guests",Outdoor furniture; Cafe furniture,IKEA of Sweden,https://www.ikea.com/sa/en/p/askholmen-table-outdoor-foldable-grey-brown-grey-brown-stained-light-brown-light-brown-stained-60240035/
10255307,"FEJAN - Chair, outdoor",Outdoor furniture,1386,59.0,12,,"made for use outside on a balcony, patio or garden","outdoor, balcony, guests",Outdoor furniture; Cafe furniture,K Hagberg/M Hagberg,https://www.ikea.com/sa/en/p/fejan-chair-outdoor-foldable-white-10255307/
89259963,"ÄPPLARÖ - Easy chair, outdoor, 63x80x84 cm",Outdoor furniture,12737,542.0,12,,"made for use outside on a balcony, patio or garden","outdoor, balcony, guests",Outdoor furniture; Cafe furniture,IKEA of Sweden/Eva Lilja Löwenhielm/K Hagberg/M Hagberg,https://www.ikea.com/sa/en/p/aepplaroe-easy-chair-outdoor-brown-stained-froesoen-duvholmen-dark-grey-s89259963/
70391712,"FRÖSÖN - Cover for back cushion, 62x44 cm",Outdoor furniture,916,39.0,12,,"made for use outside on a balcony, patio or garden","outdoor, balcony, guests",Outdoor furniture; Cafe furniture,Eva Lilja Löwenhielm,https://www.ikea.com/sa/en/p/froesoen-cover-for-back-cushion-outdoor-beige-70391712/
40373615,"SOLLERÖN - Stool, outdoor, 62x62 cm",Outdoor furniture,8108,345.0,12,,"made for use outside on a balcony, patio or garden","outdoor, balcony, guests",Outdoor furniture; Cafe furniture,Jonas Hultqvist,https://www.ikea.com/sa/en/p/solleroen-stool-outdoor-brown-40373615/
40413131,"ÄPPLARÖ - Chair, outdoor",Outdoor furniture,4112,175.0,12,,"made for use outside on a balcony, patio or garden","outdoor, balcony, guests",Outdoor furniture; Cafe furniture,K Hagberg/M Hagberg,https://www.ikea.com/sa/en/p/aepplaroe-chair-outdoor-foldable-brown-stained-40413131/
10174641,"IKEA PS VÅGÖ - Easy chair, outdoor",Outdoor furniture,3266,139.0,12,,"made for use outside on a balcony, patio or garden","outdoor, balcony, guests",Outdoor furniture; Cafe furniture,Thomas Sandell,https://www.ikea.com/sa/en/p/ikea-ps-vagoe-easy-chair-outdoor-white-10174641/
80321021,"ASKHOLMEN - Table for wall, outdoor, 70x44 cm",Outdoor furniture,3642,155.0,12,,"made for use outside on a balcony, patio or garden","outdoor, balcony, guests",Outdoor furniture; Cafe furniture,Jon Karlsson,https://www.ikea.com/sa/en/p/askholmen-table-for-wall-outdoor-folding-grey-brown-stained-light-brown-stained-light-brown-80321021/
70418170,"PRÄSTHOLM - Bench with backrest, outdoor",Outdoor furniture,16332,695.0,12,,"made for use outside on a balcony, patio or garden","outdoor, balcony, guests",Outdoor furniture; Cafe furniture,Ola Wihlborg,https://www.ikea.com/sa/en/p/praestholm-bench-with-backrest-outdoor-grey-70418170/
49252609,"SOLLERÖN - Modular corner sofa 3-seat, outdoor",Outdoor furniture,88031,3746.0,12,,"made for use outside on a balcony, patio or garden","outdoor, balcony, guests",Outdoor furniture; Cafe furniture,Jonas Hultqvist/IKEA of Sweden/Eva Lilja Löwenhielm,https://www.ikea.com/sa/en/p/solleroen-modular-corner-sofa-3-seat-outdoor-brown-froesoen-duvholmen-beige-s49252609/
40411108,"KUDDARNA - Seat cushion, outdoor, 62x62 cm",Outdoor furniture,1762,75.0,12,,"made for use outside on a balcony, patio or garden","outdoor, balcony, guests",Outdoor furniture; Cafe furniture,IKEA of Sweden,https://www.ikea.com/sa/en/p/kuddarna-seat-cushion-outdoor-beige-40411108/
20314698,"YTTERÖN - Chair cushion, outdoor, 40x40 cm",Outdoor furniture,916,39.0,12,,"made for use outside on a balcony, patio or garden","outdoor, balcony, guests",Outdoor furniture; Cafe furniture,IKEA of Sweden,https://www.ikea.com/sa/en/p/ytteroen-chair-cushion-outdoor-blue-20314698/
90313092,"FALHOLMEN - Table, outdoor, 153x73 cm",Outdoor furniture,9752,415.0,12,,"made for use outside on a balcony, patio or garden","outdoor, balcony, guests",Outdoor furniture; Cafe furniture,Andreas Fredriksson,https://www.ikea.com/sa/en/p/falholmen-table-outdoor-grey-brown-stained-light-brown-stained-90313092/
40160478,"LÄCKÖ - Chair with armrests, outdoor",Outdoor furniture,3502,149.0,12,,"made for use outside on a balcony, patio or garden","outdoor, balcony, guests",Outdoor furniture; Cafe furniture,IKEA of Sweden,https://www.ikea.com/sa/en/p/laeckoe-chair-with-armrests-outdoor-grey-40160478/
50267049,"KUNGSHOLMEN - One-seat section, outdoor",Outdoor furniture,7318,311.4,12,,"made for use outside on a balcony, patio or garden","outdoor, balcony, guests",Outdoor furniture; Cafe furniture,Nike Karlsson,https://www.ikea.com/sa/en/p/kungsholmen-one-seat-section-outdoor-black-brown-50267049/
69291902,"SJÄLLAND - Table+6 reclining chairs, outdoor, 156x90 cm",Outdoor furniture,77221,3286.0,12,,"made for use outside on a balcony, patio or garden","outdoor, balcony, guests",Outdoor furniture; Cafe furniture,IKEA of Sweden/David Wahl,https://www.ikea.com/sa/en/p/sjaelland-table-6-reclining-chairs-outdoor-light-brown-kuddarna-light-blue-s69291902/
20411133,"KUDDARNA - Seat/back cushion, outdoor, 116x45 cm",Outdoor furniture,2232,95.0,12,,"made for use outside on a balcony, patio or garden","outdoor, balcony, guests",Outdoor furniture; Cafe furniture,IKEA of Sweden,https://www.ikea.com/sa/en/p/kuddarna-seat-back-cushion-outdoor-light-blue-20411133/
70292321,"TOSTERÖ - Cover for sun lounger, 200x60 cm",Outdoor furniture,2420,103.0,12,,"made for use outside on a balcony, patio or garden","outdoor, balcony, guests",Outdoor furniture; Cafe furniture,IKEA of Sweden,https://www.ikea.com/sa/en/p/tosteroe-cover-for-sun-lounger-black-70292321/
50401986,"SJÄLLAND - Bench, outdoor, 136 cm",Outdoor furniture,7426,316.0,12,,"made for use outside on a balcony, patio or garden","outdoor, balcony, guests",Outdoor furniture; Cafe furniture,David Wahl,https://www.ikea.com/sa/en/p/sjaelland-bench-outdoor-light-grey-light-brown-50401986/
70410744,"HUSARÖ - Side table, outdoor, 49x49 cm",Outdoor furniture,5758,245.0,12,,"made for use outside on a balcony, patio or garden","outdoor, balcony, guests",Outdoor furniture; Cafe furniture,Ola Wihlborg,https://www.ikea.com/sa/en/p/husaroe-side-table-outdoor-dark-grey-70410744/
40151841,"LÄCKÖ - Table, outdoor, 70 cm",Outdoor furniture,4582,195.0,12,,"made for use outside on a balcony, patio or garden","outdoor, balcony, guests",Outdoor furniture; Cafe furniture,Jon Karlsson,https://www.ikea.com/sa/en/p/laeckoe-table-outdoor-grey-40151841/
19241472,"SOLLERÖN - Modular corner sofa 4-seat, outdoor",Outdoor furniture,120884,5144.0,12,,"made for use outside on a balcony, patio or garden","outdoor, balcony, guests",Outdoor furniture; Cafe furniture,IKEA of Sweden/Jonas Hultqvist,https://www.ikea.com/sa/en/p/solleroen-modular-corner-sofa-4-seat-outdoor-with-footstool-brown-brown-kungsoe-white-s19241472/
39252704,"SOLLERÖN - 3-seat modular sofa, outdoor, 223x144x88 cm",Outdoor furniture,75341,3206.0,12,,"made for use outside on a balcony, patio or garden","outdoor, balcony, guests",Outdoor furniture; Cafe furniture,Eva Lilja Löwenhielm/Jonas Hultqvist/IKEA of Sweden,https://www.ikea.com/sa/en/p/solleroen-3-seat-modular-sofa-outdoor-with-footstool-brown-brown-froesoen-duvholmen-dark-grey-s39252704/
80259514,"VÄDDÖ - Table, outdoor, 116x74 cm",Outdoor furniture,4160,177.0,12,,"made for use outside on a balcony, patio or garden","outdoor, balcony, guests",Outdoor furniture; Cafe furniture,Henrik Preutz,https://www.ikea.com/sa/en/p/vaeddoe-table-outdoor-white-80259514/
60391717,"FRÖSÖN - Cover for chair cushion, 44x44 cm",Outdoor furniture,409,17.4,12,,"made for use outside on a balcony, patio or garden","outdoor, balcony, guests",Outdoor furniture; Cafe furniture,Eva Lilja Löwenhielm,https://www.ikea.com/sa/en/p/froesoen-cover-for-chair-cushion-outdoor-dark-grey-60391717/
19265203,"SJÄLLAND - Table+6 chairs w armrests, outdoor, 156x90 cm",Outdoor furniture,51606,2196.0,12,,"made for use outside on a balcony, patio or garden","outdoor, balcony, guests",Outdoor furniture; Cafe furniture,David Wahl,https://www.ikea.com/sa/en/p/sjaelland-table-6-chairs-w-armrests-outdoor-dark-grey-light-grey-s19265203/
30411415,"SVANÖ - Arbor bench, 119x48 cm",Outdoor furniture,11632,495.0,12,,"made for use outside on a balcony, patio or garden","outdoor, balcony, guests",Outdoor furniture; Cafe furniture,Mikael Axelsson,https://www.ikea.com/sa/en/p/svanoe-arbor-bench-grey-30411415/
39053931,"ÄPPLARÖ - Table+2 benches, outdoor",Outdoor furniture,33958,1445.0,12,,"made for use outside on a balcony, patio or garden","outdoor, balcony, guests",Outdoor furniture; Cafe furniture,K Hagberg/M Hagberg,https://www.ikea.com/sa/en/p/aepplaroe-table-2-benches-outdoor-brown-stained-s39053931/
20312326,TORHOLMEN - Sun lounger,Outdoor furniture,18448,785.0,12,,"made for use outside on a balcony, patio or garden","outdoor, balcony, guests",Outdoor furniture; Cafe furniture,Andreas Fredriksson,https://www.ikea.com/sa/en/p/torholmen-sun-lounger-grey-20312326/
50205179,"ÄPPLARÖ - Corner section, outdoor",Outdoor furniture,9988,425.0,12,,"made for use outside on a balcony, patio or garden","outdoor, balcony, guests",Outdoor furniture; Cafe furniture,K Hagberg/M Hagberg,https://www.ikea.com/sa/en/p/aepplaroe-corner-section-outdoor-brown-stained-brown-50205179/
60406808,"KROKHOLMEN - Coffee table, outdoor",Outdoor furniture,4112,175.0,12,,"made for use outside on a balcony, patio or garden","outdoor, balcony, guests",Outdoor furniture; Cafe furniture,Marcus Arvonen,https://www.ikea.com/sa/en/p/krokholmen-coffee-table-outdoor-orange-60406808/
60373624,"SOLLERÖN - One-seat section, outdoor",Outdoor furniture,12196,519.0,12,,"made for use outside on a balcony, patio or garden","outdoor, balcony, guests",Outdoor furniture; Cafe furniture,Jonas Hultqvist,https://www.ikea.com/sa/en/p/solleroen-one-seat-section-outdoor-brown-60373624/
39287789,"SOLLERÖN - Modular corner sofa 3-seat, outdoor",Outdoor furniture,88854,3781.0,12,,"made for use outside on a balcony, patio or garden","outdoor, balcony, guests",Outdoor furniture; Cafe furniture,Eva Lilja Löwenhielm/IKEA of Sweden/Jonas Hultqvist,https://www.ikea.com/sa/en/p/solleroen-modular-corner-sofa-3-seat-outdoor-dark-grey-froesoen-duvholmen-beige-s39287789/
80267137,"VÄDDÖ - Chair, outdoor",Outdoor furniture,1762,75.0,12,,"made for use outside on a balcony, patio or garden","outdoor, balcony, guests",Outdoor furniture; Cafe furniture,Henrik Preutz,https://www.ikea.com/sa/en/p/vaeddoe-chair-outdoor-white-80267137/
50422210,"HÅLLÖ - Chair cushion, outdoor, 44x44 cm",Outdoor furniture,1152,49.0,12,,"made for use outside on a balcony, patio or garden","outdoor, balcony, guests",Outdoor furniture; Cafe furniture,IKEA of Sweden,https://www.ikea.com/sa/en/p/halloe-chair-cushion-outdoor-black-50422210/
40391718,"FRÖSÖN - Cover for seat cushion, 62x62 cm",Outdoor furniture,1528,65.0,12,,"made for use outside on a balcony, patio or garden","outdoor, balcony, guests",Outdoor furniture; Cafe furniture,Eva Lilja Löwenhielm,https://www.ikea.com/sa/en/p/froesoen-cover-for-seat-cushion-outdoor-dark-grey-40391718/
59267653,"SJÄLLAND - Table+2 chairs+ bench, outdoor, 156x90 cm",Outdoor furniture,40584,1727.0,12,,"made for use outside on a balcony, patio or garden","outdoor, balcony, guests",Outdoor furniture; Cafe furniture,Eva Lilja Löwenhielm/IKEA of Sweden/David Wahl,https://www.ikea.com/sa/en/p/sjaelland-table-2-chairs-bench-outdoor-light-brown-froesoen-duvholmen-dark-grey-s59267653/
9251956,"HAVSTEN - 2-seat sofa, in/outdoor, 179x94x90 cm",Outdoor furniture,50995,2170.0,12,,"made for use outside on a balcony, patio or garden","outdoor, balcony, guests",Outdoor furniture; Cafe furniture,Andreas Fredriksson,https://www.ikea.com/sa/en/p/havsten-2-seat-sofa-in-outdoor-beige-s09251956/
70424147,"BRUSEN - 3-seat sofa, outdoor",Outdoor furniture,24346,1036.0,12,,"made for use outside on a balcony, patio or garden","outdoor, balcony, guests",Outdoor furniture; Cafe furniture,Ola Wihlborg,https://www.ikea.com/sa/en/p/brusen-3-seat-sofa-outdoor-red-70424147/
59253123,"FRÖSÖN/DUVHOLMEN - Seat/back cushion, outdoor, 116x45 cm",Outdoor furniture,3525,150.0,12,,"made for use outside on a balcony, patio or garden","outdoor, balcony, guests",Outdoor furniture; Cafe furniture,IKEA of Sweden/Eva Lilja Löwenhielm,https://www.ikea.com/sa/en/p/froesoen-duvholmen-seat-back-cushion-outdoor-beige-s59253123/
39898474,"ÄPPLARÖ - Table+6 chairs w armrests, outdoor",Outdoor furniture,53462,2275.0,12,,"made for use outside on a balcony, patio or garden","outdoor, balcony, guests",Outdoor furniture; Cafe furniture,K Hagberg/M Hagberg,https://www.ikea.com/sa/en/p/aepplaroe-table-6-chairs-w-armrests-outdoor-brown-stained-brown-s39898474/
50240031,"ASKHOLMEN - Chair, outdoor",Outdoor furniture,3032,129.0,12,,"made for use outside on a balcony, patio or garden","outdoor, balcony, guests",Outdoor furniture; Cafe furniture,IKEA of Sweden,https://www.ikea.com/sa/en/p/askholmen-chair-outdoor-grey-brown-foldable-grey-brown-stained-light-brown-stained-light-brown-50240031/
70319288,"YTTERÖN - Chair cushion, outdoor, 35 cm",Outdoor furniture,634,27.0,12,,"made for use outside on a balcony, patio or garden","outdoor, balcony, guests",Outdoor furniture; Cafe furniture,IKEA of Sweden,https://www.ikea.com/sa/en/p/ytteroen-chair-cushion-outdoor-blue-70319288/
411087,"KUDDARNA - Chair cushion, outdoor, 44x44 cm",Outdoor furniture,916,39.0,12,,"made for use outside on a balcony, patio or garden","outdoor, balcony, guests",Outdoor furniture; Cafe furniture,IKEA of Sweden,https://www.ikea.com/sa/en/p/kuddarna-chair-cushion-outdoor-beige-00411087/
80314704,"YTTERÖN - Seat/back cushion, outdoor, 92x50 cm",Outdoor furniture,2326,99.0,12,,"made for use outside on a balcony, patio or garden","outdoor, balcony, guests",Outdoor furniture; Cafe furniture,IKEA of Sweden,https://www.ikea.com/sa/en/p/ytteroen-seat-back-cushion-outdoor-blue-80314704/
20312604,"STEGÖN - Chair cushion, outdoor, 35 cm",Outdoor furniture,381,16.2,12,,"made for use outside on a balcony, patio or garden","outdoor, balcony, guests",Outdoor furniture; Cafe furniture,Lisel Garsveden,https://www.ikea.com/sa/en/p/stegoen-chair-cushion-outdoor-beige-20312604/
39265481,"SJÄLLAND - Table+4 reclining chairs, outdoor, 156x90 cm",Outdoor furniture,44650,1900.0,12,,"made for use outside on a balcony, patio or garden","outdoor, balcony, guests",Outdoor furniture; Cafe furniture,David Wahl,https://www.ikea.com/sa/en/p/sjaelland-table-4-reclining-chairs-outdoor-dark-grey-light-grey-s39265481/
49264872,"SJÄLLAND - Table, outdoor, 156x90 cm",Outdoor furniture,14946,636.0,12,,"made for use outside on a balcony, patio or garden","outdoor, balcony, guests",Outdoor furniture; Cafe furniture,David Wahl,https://www.ikea.com/sa/en/p/sjaelland-table-outdoor-dark-grey-light-grey-s49264872/
59289990,"ÄPPLARÖ - Table+4 folding chairs, outdoor",Outdoor furniture,25732,1095.0,12,,"made for use outside on a balcony, patio or garden","outdoor, balcony, guests",Outdoor furniture; Cafe furniture,K Hagberg/M Hagberg,https://www.ikea.com/sa/en/p/aepplaroe-table-4-folding-chairs-outdoor-brown-stained-s59289990/
19241491,"SOLLERÖN - 2-seat modular sofa, outdoor, 161x82x87 cm",Outdoor furniture,47376,2016.0,12,,"made for use outside on a balcony, patio or garden","outdoor, balcony, guests",Outdoor furniture; Cafe furniture,IKEA of Sweden/Jonas Hultqvist,https://www.ikea.com/sa/en/p/solleroen-2-seat-modular-sofa-outdoor-brown-kungsoe-white-s19241491/
19267099,"SJÄLLAND - Table+4 reclining chairs, outdoor, 156x90 cm",Outdoor furniture,61946,2636.0,12,,"made for use outside on a balcony, patio or garden","outdoor, balcony, guests",Outdoor furniture; Cafe furniture,Eva Lilja Löwenhielm/IKEA of Sweden/David Wahl,https://www.ikea.com/sa/en/p/sjaelland-table-4-reclining-chairs-outdoor-light-brown-froesoen-duvholmen-beige-s19267099/
29268946,"ASKHOLMEN - Table for wall+1 fold chr, outdoor",Outdoor furniture,7590,323.0,12,,"made for use outside on a balcony, patio or garden","outdoor, balcony, guests",Outdoor furniture; Cafe furniture,Jon Karlsson/IKEA of Sweden/Eva Lilja Löwenhielm,https://www.ikea.com/sa/en/p/askholmen-table-for-wall-1-fold-chr-outdoor-grey-brown-stained-froesoen-duvholmen-beige-s29268946/
30405339,"SJÄLLAND - Reclining chair, outdoor",Outdoor furniture,7990,340.0,12,,"made for use outside on a balcony, patio or garden","outdoor, balcony, guests",Outdoor furniture; Cafe furniture,David Wahl,https://www.ikea.com/sa/en/p/sjaelland-reclining-chair-outdoor-light-grey-foldable-light-brown-30405339/
19183815,"SALTHOLMEN - Table+2 folding chairs, outdoor",Outdoor furniture,10458,445.0,12,,"made for use outside on a balcony, patio or garden","outdoor, balcony, guests",Outdoor furniture; Cafe furniture,Jon Karlsson,https://www.ikea.com/sa/en/p/saltholmen-table-2-folding-chairs-outdoor-beige-s19183815/
80311833,"SALTHOLMEN - Table, outdoor, 65 cm",Outdoor furniture,4582,195.0,12,,"made for use outside on a balcony, patio or garden","outdoor, balcony, guests",Outdoor furniture; Cafe furniture,Jon Karlsson,https://www.ikea.com/sa/en/p/saltholmen-table-outdoor-foldable-beige-80311833/
9241509,"SOLLERÖN - Armchair, outdoor",Outdoor furniture,29093,1238.0,12,,"made for use outside on a balcony, patio or garden","outdoor, balcony, guests",Outdoor furniture; Cafe furniture,IKEA of Sweden/Jonas Hultqvist,https://www.ikea.com/sa/en/p/solleroen-armchair-outdoor-brown-kungsoe-white-s09241509/
29252078,"HAVSTEN - 4-seat sofa, in/outdoor, 341x94x90 cm",Outdoor furniture,95645,4070.0,12,,"made for use outside on a balcony, patio or garden","outdoor, balcony, guests",Outdoor furniture; Cafe furniture,Andreas Fredriksson,https://www.ikea.com/sa/en/p/havsten-4-seat-sofa-in-outdoor-beige-s29252078/
49287920,"SOLLERÖN - 4-seat conversation set, outdoor",Outdoor furniture,114868,4888.0,12,,"made for use outside on a balcony, patio or garden","outdoor, balcony, guests",Outdoor furniture; Cafe furniture,Jonas Hultqvist/IKEA of Sweden/Eva Lilja Löwenhielm,https://www.ikea.com/sa/en/p/solleroen-4-seat-conversation-set-outdoor-dark-grey-froesoen-duvholmen-beige-s49287920/
99262432,"SJÄLLAND - Table, outdoor, 71x71x73 cm",Outdoor furniture,8930,380.0,12,,"made for use outside on a balcony, patio or garden","outdoor, balcony, guests",Outdoor furniture; Cafe furniture,David Wahl,https://www.ikea.com/sa/en/p/sjaelland-table-outdoor-light-brown-light-grey-s99262432/
69253033,"FRÖSÖN/DUVHOLMEN - Chair cushion, outdoor, 35 cm",Outdoor furniture,691,29.4,12,,"made for use outside on a balcony, patio or garden","outdoor, balcony, guests",Outdoor furniture; Cafe furniture,IKEA of Sweden/Eva Lilja Löwenhielm,https://www.ikea.com/sa/en/p/froesoen-duvholmen-chair-cushion-outdoor-dark-grey-s69253033/
29267659,"SJÄLLAND - Table+2 chairs+ bench, outdoor, 156x90 cm",Outdoor furniture,39456,1679.0,12,,"made for use outside on a balcony, patio or garden","outdoor, balcony, guests",Outdoor furniture; Cafe furniture,IKEA of Sweden/David Wahl/Eva Lilja Löwenhielm,https://www.ikea.com/sa/en/p/sjaelland-table-2-chairs-bench-outdoor-dark-grey-froesoen-duvholmen-dark-grey-s29267659/
9219278,"KUNGSHOLMEN - 2-seat modular sofa, outdoor, 160x80x89 cm",Outdoor furniture,39198,1668.0,12,,"made for use outside on a balcony, patio or garden","outdoor, balcony, guests",Outdoor furniture; Cafe furniture,Nike Karlsson/IKEA of Sweden,https://www.ikea.com/sa/en/p/kungsholmen-2-seat-modular-sofa-outdoor-black-brown-kungsoe-white-s09219278/
39156401,"ÄPPLARÖ - Table+2 chrsw armr+ bench, outdoor",Outdoor furniture,47000,2000.0,12,,"made for use outside on a balcony, patio or garden","outdoor, balcony, guests",Outdoor furniture; Cafe furniture,K Hagberg/M Hagberg/IKEA of Sweden,https://www.ikea.com/sa/en/p/aepplaroe-table-2-chrsw-armr-bench-outdoor-brown-stained-halloe-black-s39156401/
49257386,"KUNGSHOLMEN - Easy chair, outdoor, 62x80x90 cm",Outdoor furniture,12793,544.4,12,,"made for use outside on a balcony, patio or garden","outdoor, balcony, guests",Outdoor furniture; Cafe furniture,Nike Karlsson/IKEA of Sweden/Eva Lilja Löwenhielm,https://www.ikea.com/sa/en/p/kungsholmen-easy-chair-outdoor-black-brown-froesoen-duvholmen-dark-grey-s49257386/
99258005,"KUNGSHOLMEN - 3-seat modular sofa, outdoor, 222x80x90 cm",Outdoor furniture,50769,2160.4,12,,"made for use outside on a balcony, patio or garden","outdoor, balcony, guests",Outdoor furniture; Cafe furniture,IKEA of Sweden/Nike Karlsson/Eva Lilja Löwenhielm,https://www.ikea.com/sa/en/p/kungsholmen-3-seat-modular-sofa-outdoor-black-brown-froesoen-duvholmen-dark-grey-s99258005/
410747,"HUSARÖ - Armchair, outdoor",Outdoor furniture,11632,495.0,12,,"made for use outside on a balcony, patio or garden","outdoor, balcony, guests",Outdoor furniture; Cafe furniture,Ola Wihlborg,https://www.ikea.com/sa/en/p/husaroe-armchair-outdoor-dark-grey-00410747/
50405338,"SJÄLLAND - Reclining chair, outdoor",Outdoor furniture,7426,316.0,12,,"made for use outside on a balcony, patio or garden","outdoor, balcony, guests",Outdoor furniture; Cafe furniture,David Wahl,https://www.ikea.com/sa/en/p/sjaelland-reclining-chair-outdoor-light-grey-foldable-dark-grey-50405338/
70386503,"SJÄLLAND - Chair with armrests, outdoor",Outdoor furniture,6486,276.0,12,,"made for use outside on a balcony, patio or garden","outdoor, balcony, guests",Outdoor furniture; Cafe furniture,David Wahl,https://www.ikea.com/sa/en/p/sjaelland-chair-with-armrests-outdoor-light-grey-light-brown-70386503/
59048397,"ÄPPLARÖ - Table+4 reclining chairs, outdoor",Outdoor furniture,43358,1845.0,12,,"made for use outside on a balcony, patio or garden","outdoor, balcony, guests",Outdoor furniture; Cafe furniture,K Hagberg/M Hagberg,https://www.ikea.com/sa/en/p/aepplaroe-table-4-reclining-chairs-outdoor-brown-stained-s59048397/
80391839,"DUVHOLMEN - Inner cushion for chair cushion, 35 cm",Outdoor furniture,352,15.0,12,,"made for use outside on a balcony, patio or garden","outdoor, balcony, guests",Outdoor furniture; Cafe furniture,IKEA of Sweden,https://www.ikea.com/sa/en/p/duvholmen-inner-cushion-for-chair-cushion-outdoor-grey-80391839/
10386450,"SOLLERÖN - Armrest section, outdoor",Outdoor furniture,10810,460.0,12,,"made for use outside on a balcony, patio or garden","outdoor, balcony, guests",Outdoor furniture; Cafe furniture,Jonas Hultqvist,https://www.ikea.com/sa/en/p/solleroen-armrest-section-outdoor-brown-10386450/
29262435,"SJÄLLAND - Table, outdoor, 71x71x73 cm",Outdoor furniture,8366,356.0,12,,"made for use outside on a balcony, patio or garden","outdoor, balcony, guests",Outdoor furniture; Cafe furniture,David Wahl,https://www.ikea.com/sa/en/p/sjaelland-table-outdoor-dark-grey-light-grey-s29262435/
49267286,"HAVSTEN - 4-seat sofa, in/outdoor, 326x94x90 cm",Outdoor furniture,92238,3925.0,12,,"made for use outside on a balcony, patio or garden","outdoor, balcony, guests",Outdoor furniture; Cafe furniture,Andreas Fredriksson,https://www.ikea.com/sa/en/p/havsten-4-seat-sofa-in-outdoor-with-open-end-without-armrests-beige-s49267286/
59303665,"SOLLERÖN - 2-seat modular sofa, outdoor, 161x82x84 cm",Outdoor furniture,41666,1773.0,12,,"made for use outside on a balcony, patio or garden","outdoor, balcony, guests",Outdoor furniture; Cafe furniture,Jonas Hultqvist/IKEA of Sweden,https://www.ikea.com/sa/en/p/solleroen-2-seat-modular-sofa-outdoor-dark-grey-kuddarna-beige-s59303665/
79303645,"SOLLERÖN - 3-seat modular sofa, outdoor, 223x82x84 cm",Outdoor furniture,56682,2412.0,12,,"made for use outside on a balcony, patio or garden","outdoor, balcony, guests",Outdoor furniture; Cafe furniture,Jonas Hultqvist/IKEA of Sweden,https://www.ikea.com/sa/en/p/solleroen-3-seat-modular-sofa-outdoor-dark-grey-kuddarna-beige-s79303645/
80391716,"FRÖSÖN - Cover for chair cushion, 35 cm",Outdoor furniture,338,14.4,12,,"made for use outside on a balcony, patio or garden","outdoor, balcony, guests",Outdoor furniture; Cafe furniture,Eva Lilja Löwenhielm,https://www.ikea.com/sa/en/p/froesoen-cover-for-chair-cushion-outdoor-dark-grey-80391716/
20411067,"KUDDARNA - Chair cushion, outdoor, 36x32 cm",Outdoor furniture,682,29.0,12,,"made for use outside on a balcony, patio or garden","outdoor, balcony, guests",Outdoor furniture; Cafe furniture,IKEA of Sweden,https://www.ikea.com/sa/en/p/kuddarna-chair-cushion-outdoor-beige-20411067/
10391833,"DUVHOLMEN - Inner cushion for back cushion, 62x44 cm",Outdoor furniture,1152,49.0,12,,"made for use outside on a balcony, patio or garden","outdoor, balcony, guests",Outdoor furniture; Cafe furniture,IKEA of Sweden,https://www.ikea.com/sa/en/p/duvholmen-inner-cushion-for-back-cushion-outdoor-grey-10391833/
10386501,"SJÄLLAND - Chair with armrests, outdoor",Outdoor furniture,6110,260.0,12,,"made for use outside on a balcony, patio or garden","outdoor, balcony, guests",Outdoor furniture; Cafe furniture,David Wahl,https://www.ikea.com/sa/en/p/sjaelland-chair-with-armrests-outdoor-light-grey-dark-grey-10386501/
69253108,"FRÖSÖN/DUVHOLMEN - Back cushion, outdoor, 62x44 cm",Outdoor furniture,2068,88.0,12,,"made for use outside on a balcony, patio or garden","outdoor, balcony, guests",Outdoor furniture; Cafe furniture,Eva Lilja Löwenhielm/IKEA of Sweden,https://www.ikea.com/sa/en/p/froesoen-duvholmen-back-cushion-outdoor-dark-grey-s69253108/
70401706,"SJÄLLAND - Bench, outdoor, 136 cm",Outdoor furniture,7990,340.0,12,,"made for use outside on a balcony, patio or garden","outdoor, balcony, guests",Outdoor furniture; Cafe furniture,David Wahl,https://www.ikea.com/sa/en/p/sjaelland-bench-outdoor-light-grey-dark-grey-70401706/
19252371,"SJÄLLAND - Table+4 chairs, outdoor",Outdoor furniture,41830,1780.0,12,,"made for use outside on a balcony, patio or garden","outdoor, balcony, guests",Outdoor furniture; Cafe furniture,David Wahl,https://www.ikea.com/sa/en/p/sjaelland-table-4-chairs-outdoor-light-brown-light-grey-s19252371/
99335985,FREKVENS - Bar table and 2 bar stools,Outdoor furniture,14546,619.0,12,,"made for use outside on a balcony, patio or garden","outdoor, balcony, guests",Outdoor furniture; Cafe furniture,Nicholai Wiig Hansen,https://www.ikea.com/sa/en/p/frekvens-bar-table-and-2-bar-stools-s99335985/
29287676,"SJÄLLAND - Table+2 chairs w armrests, outdoor, 71x71x73 cm",Outdoor furniture,23735,1010.0,12,,"made for use outside on a balcony, patio or garden","outdoor, balcony, guests",Outdoor furniture; Cafe furniture,David Wahl/IKEA of Sweden,https://www.ikea.com/sa/en/p/sjaelland-table-2-chairs-w-armrests-outdoor-light-brown-kuddarna-light-blue-blue-s29287676/
50412942,"FRÖSÖN - Cover for chair cushion, 50x50 cm",Outdoor furniture,822,35.0,12,,"made for use outside on a balcony, patio or garden","outdoor, balcony, guests",Outdoor furniture; Cafe furniture,Eva Lilja Löwenhielm,https://www.ikea.com/sa/en/p/froesoen-cover-for-chair-cushion-outdoor-dark-grey-50412942/
99251966,"HAVSTEN - 3-seat sofa, in/outdoor, 260x94x90 cm",Outdoor furniture,73320,3120.0,12,,"made for use outside on a balcony, patio or garden","outdoor, balcony, guests",Outdoor furniture; Cafe furniture,Andreas Fredriksson,https://www.ikea.com/sa/en/p/havsten-3-seat-sofa-in-outdoor-beige-s99251966/
404534,"HAVSTEN - Back cushion, outdoor, 72x98 cm",Outdoor furniture,5288,225.0,12,,"made for use outside on a balcony, patio or garden","outdoor, balcony, guests",Outdoor furniture; Cafe furniture,Andreas Fredriksson,https://www.ikea.com/sa/en/p/havsten-back-cushion-outdoor-beige-00404534/
29265014,"SJÄLLAND - Table+4 chairs w armrests, outdoor, 156x90 cm",Outdoor furniture,39386,1676.0,12,,"made for use outside on a balcony, patio or garden","outdoor, balcony, guests",Outdoor furniture; Cafe furniture,David Wahl,https://www.ikea.com/sa/en/p/sjaelland-table-4-chairs-w-armrests-outdoor-dark-grey-light-grey-s29265014/
90417909,"KUDDARNA - Chair cushion, outdoor, 50x50 cm",Outdoor furniture,1152,49.0,12,,"made for use outside on a balcony, patio or garden","outdoor, balcony, guests",Outdoor furniture; Cafe furniture,IKEA of Sweden,https://www.ikea.com/sa/en/p/kuddarna-chair-cushion-outdoor-beige-90417909/
29303624,"SOLLERÖN - 3-seat modular sofa, outdoor",Outdoor furniture,66552,2832.0,12,,"made for use outside on a balcony, patio or garden","outdoor, balcony, guests",Outdoor furniture; Cafe furniture,Jonas Hultqvist/IKEA of Sweden,https://www.ikea.com/sa/en/p/solleroen-3-seat-modular-sofa-outdoor-with-footstool-dark-grey-kuddarna-beige-s29303624/
80391844,"DUVHOLMEN - Inner cushion for chair cushion, 44x44 cm",Outdoor furniture,705,30.0,12,,"made for use outside on a balcony, patio or garden","outdoor, balcony, guests",Outdoor furniture; Cafe furniture,IKEA of Sweden,https://www.ikea.com/sa/en/p/duvholmen-inner-cushion-for-chair-cushion-outdoor-grey-80391844/
9251961,"HAVSTEN - 2-seat sofa, in/outdoor, 164x94x90 cm",Outdoor furniture,47588,2025.0,12,,"made for use outside on a balcony, patio or garden","outdoor, balcony, guests",Outdoor furniture; Cafe furniture,Andreas Fredriksson,https://www.ikea.com/sa/en/p/havsten-2-seat-sofa-in-outdoor-with-open-end-without-armrests-beige-s09251961/
9266477,"SJÄLLAND - Table+6 chairs w armrests, outdoor, 156x90 cm",Outdoor furniture,61485,2616.4,12,,"made for use outside on a balcony, patio or garden","outdoor, balcony, guests",Outdoor furniture; Cafe furniture,Eva Lilja Löwenhielm/IKEA of Sweden/David Wahl,https://www.ikea.com/sa/en/p/sjaelland-table-6-chairs-w-armrests-outdoor-light-brown-froesoen-duvholmen-dark-grey-s09266477/
10267046,"KUNGSHOLMEN - Corner section, outdoor",Outdoor furniture,13512,575.0,12,,"made for use outside on a balcony, patio or garden","outdoor, balcony, guests",Outdoor furniture; Cafe furniture,Nike Karlsson,https://www.ikea.com/sa/en/p/kungsholmen-corner-section-outdoor-black-brown-10267046/
19287714,"SOLLERÖN - Armchair, outdoor",Outdoor furniture,29304,1247.0,12,,"made for use outside on a balcony, patio or garden","outdoor, balcony, guests",Outdoor furniture; Cafe furniture,Jonas Hultqvist/IKEA of Sweden/Eva Lilja Löwenhielm,https://www.ikea.com/sa/en/p/solleroen-armchair-outdoor-dark-grey-froesoen-duvholmen-beige-s19287714/
70264460,"HÅLLÖ - Seat/back cushion, outdoor, 116x47 cm",Outdoor furniture,3502,149.0,12,,"made for use outside on a balcony, patio or garden","outdoor, balcony, guests",Outdoor furniture; Cafe furniture,IKEA of Sweden,https://www.ikea.com/sa/en/p/halloe-seat-back-cushion-outdoor-black-70264460/
20386505,"SJÄLLAND - Table top, outdoor, 85x72 cm",Outdoor furniture,8366,356.0,12,,"made for use outside on a balcony, patio or garden","outdoor, balcony, guests",Outdoor furniture; Cafe furniture,David Wahl,https://www.ikea.com/sa/en/p/sjaelland-table-top-outdoor-light-brown-20386505/
20404528,"HAVSTEN - Seat cushion, outdoor, 100x98 cm",Outdoor furniture,9048,385.0,12,,"made for use outside on a balcony, patio or garden","outdoor, balcony, guests",Outdoor furniture; Cafe furniture,Andreas Fredriksson,https://www.ikea.com/sa/en/p/havsten-seat-cushion-outdoor-beige-20404528/
60424586,"SOLLERÖN - Armrest section, outdoor",Outdoor furniture,11632,495.0,12,,"made for use outside on a balcony, patio or garden","outdoor, balcony, guests",Outdoor furniture; Cafe furniture,Jonas Hultqvist,https://www.ikea.com/sa/en/p/solleroen-armrest-section-outdoor-dark-grey-60424586/
50339763,"KUNGSÖ - Back cushion, outdoor, 62x44 cm",Outdoor furniture,2585,110.0,12,,"made for use outside on a balcony, patio or garden","outdoor, balcony, guests",Outdoor furniture; Cafe furniture,IKEA of Sweden,https://www.ikea.com/sa/en/p/kungsoe-back-cushion-outdoor-white-50339763/
80351819,"KUNGSÖ - Seat cushion, outdoor, 62x62 cm",Outdoor furniture,3502,149.0,12,,"made for use outside on a balcony, patio or garden","outdoor, balcony, guests",Outdoor furniture; Cafe furniture,IKEA of Sweden,https://www.ikea.com/sa/en/p/kungsoe-seat-cushion-outdoor-white-80351819/
80292330,"TOSTERÖ - Cover for barbecue, 72x52 cm",Outdoor furniture,2420,103.0,12,,"made for use outside on a balcony, patio or garden","outdoor, balcony, guests",Outdoor furniture; Cafe furniture,IKEA of Sweden,https://www.ikea.com/sa/en/p/tosteroe-cover-for-barbecue-black-80292330/
79262447,"SJÄLLAND - Table, outdoor, 156x90 cm",Outdoor furniture,15886,676.0,12,,"made for use outside on a balcony, patio or garden","outdoor, balcony, guests",Outdoor furniture; Cafe furniture,David Wahl,https://www.ikea.com/sa/en/p/sjaelland-table-outdoor-light-brown-light-grey-s79262447/
80264493,"HÅLLÖ - Back cushion, outdoor, 62x42 cm",Outdoor furniture,1762,75.0,12,,"made for use outside on a balcony, patio or garden","outdoor, balcony, guests",Outdoor furniture; Cafe furniture,IKEA of Sweden,https://www.ikea.com/sa/en/p/halloe-back-cushion-outdoor-black-80264493/
30391714,"FRÖSÖN - Cover for seat/back cushion, 116x45 cm",Outdoor furniture,1762,75.0,12,,"made for use outside on a balcony, patio or garden","outdoor, balcony, guests",Outdoor furniture; Cafe furniture,Eva Lilja Löwenhielm,https://www.ikea.com/sa/en/p/froesoen-cover-for-seat-back-cushion-outdoor-beige-30391714/
90417914,"KUDDARNA - Chair cushion, outdoor, 50x50 cm",Outdoor furniture,1152,49.0,12,,"made for use outside on a balcony, patio or garden","outdoor, balcony, guests",Outdoor furniture; Cafe furniture,IKEA of Sweden,https://www.ikea.com/sa/en/p/kuddarna-chair-cushion-outdoor-light-blue-90417914/
10404519,"HAVSTEN - Supporting stand, outdoor",Outdoor furniture,2938,125.0,12,,"made for use outside on a balcony, patio or garden","outdoor, balcony, guests",Outdoor furniture; Cafe furniture,Andreas Fredriksson,https://www.ikea.com/sa/en/p/havsten-supporting-stand-outdoor-beige-10404519/
20424593,"SOLLERÖN - Corner section, outdoor",Outdoor furniture,16662,709.0,12,,"made for use outside on a balcony, patio or garden","outdoor, balcony, guests",Outdoor furniture; Cafe furniture,Jonas Hultqvist,https://www.ikea.com/sa/en/p/solleroen-corner-section-outdoor-dark-grey-20424593/
49303595,"SOLLERÖN - Modular corner sofa 4-seat, outdoor",Outdoor furniture,102108,4345.0,12,,"made for use outside on a balcony, patio or garden","outdoor, balcony, guests",Outdoor furniture; Cafe furniture,IKEA of Sweden/Jonas Hultqvist,https://www.ikea.com/sa/en/p/solleroen-modular-corner-sofa-4-seat-outdoor-with-footstool-dark-grey-kuddarna-beige-s49303595/
50404522,"HAVSTEN - Seat and back part, outdoor",Outdoor furniture,5052,215.0,12,,"made for use outside on a balcony, patio or garden","outdoor, balcony, guests",Outdoor furniture; Cafe furniture,Andreas Fredriksson,https://www.ikea.com/sa/en/p/havsten-seat-and-back-part-outdoor-beige-50404522/
59253439,"FRÖSÖN/DUVHOLMEN - Chair cushion, outdoor, 44x44 cm",Outdoor furniture,1386,59.0,12,,"made for use outside on a balcony, patio or garden","outdoor, balcony, guests",Outdoor furniture; Cafe furniture,Eva Lilja Löwenhielm/IKEA of Sweden,https://www.ikea.com/sa/en/p/froesoen-duvholmen-chair-cushion-outdoor-beige-s59253439/
60264540,"HÅLLÖ - Seat cushion, outdoor, 62x62 cm",Outdoor furniture,2702,115.0,12,,"made for use outside on a balcony, patio or garden","outdoor, balcony, guests",Outdoor furniture; Cafe furniture,IKEA of Sweden,https://www.ikea.com/sa/en/p/halloe-seat-cushion-outdoor-black-60264540/
20411072,"KUDDARNA - Chair cushion, outdoor, 36x32 cm",Outdoor furniture,682,29.0,12,,"made for use outside on a balcony, patio or garden","outdoor, balcony, guests",Outdoor furniture; Cafe furniture,IKEA of Sweden,https://www.ikea.com/sa/en/p/kuddarna-chair-cushion-outdoor-light-blue-20411072/
50391850,"DUVHOLMEN - Inner cushion for seat cushion, 62x62 cm",Outdoor furniture,1880,80.0,12,,"made for use outside on a balcony, patio or garden","outdoor, balcony, guests",Outdoor furniture; Cafe furniture,IKEA of Sweden,https://www.ikea.com/sa/en/p/duvholmen-inner-cushion-for-seat-cushion-outdoor-grey-50391850/
39253077,"FRÖSÖN/DUVHOLMEN - Seat cushion, outdoor, 62x62 cm",Outdoor furniture,3408,145.0,12,,"made for use outside on a balcony, patio or garden","outdoor, balcony, guests",Outdoor furniture; Cafe furniture,IKEA of Sweden/Eva Lilja Löwenhielm,https://www.ikea.com/sa/en/p/froesoen-duvholmen-seat-cushion-outdoor-beige-s39253077/
60151840,"LÄCKÖ - Chair, outdoor",Outdoor furniture,3502,149.0,12,,"made for use outside on a balcony, patio or garden","outdoor, balcony, guests",Outdoor furniture; Cafe furniture,Jon Karlsson,https://www.ikea.com/sa/en/p/laeckoe-chair-outdoor-grey-60151840/
79291360,"FRÖSÖN/DUVHOLMEN - Chair cushion, outdoor, 50x50 cm",Outdoor furniture,1645,70.0,12,,"made for use outside on a balcony, patio or garden","outdoor, balcony, guests",Outdoor furniture; Cafe furniture,Eva Lilja Löwenhielm/IKEA of Sweden,https://www.ikea.com/sa/en/p/froesoen-duvholmen-chair-cushion-outdoor-dark-grey-s79291360/
411092,"KUDDARNA - Chair cushion, outdoor, 44x44 cm",Outdoor furniture,916,39.0,12,,"made for use outside on a balcony, patio or garden","outdoor, balcony, guests",Outdoor furniture; Cafe furniture,IKEA of Sweden,https://www.ikea.com/sa/en/p/kuddarna-chair-cushion-outdoor-light-blue-00411092/
80311828,"SALTHOLMEN - Chair, outdoor",Outdoor furniture,2938,125.0,12,,"made for use outside on a balcony, patio or garden","outdoor, balcony, guests",Outdoor furniture; Cafe furniture,Jon Karlsson,https://www.ikea.com/sa/en/p/saltholmen-chair-outdoor-foldable-beige-80311828/
339204,"MASTHOLMEN - 2-seat sofa, outdoor, 118x67x80 cm",Outdoor furniture,17132,729.0,12,,"made for use outside on a balcony, patio or garden","outdoor, balcony, guests",Outdoor furniture; Cafe furniture,Nike Karlsson,https://www.ikea.com/sa/en/p/mastholmen-2-seat-sofa-outdoor-00339204/
20391856,"DUVHOLMEN - Inner cushion for seat/back cushion, 71x45/42x45 cm",Outdoor furniture,1762,75.0,12,,"made for use outside on a balcony, patio or garden","outdoor, balcony, guests",Outdoor furniture; Cafe furniture,IKEA of Sweden,https://www.ikea.com/sa/en/p/duvholmen-inner-cushion-for-seat-back-cushion-outdoor-grey-20391856/
19241387,"SOLLERÖN - 3-seat modular sofa, outdoor, 223x82x87 cm",Outdoor furniture,65659,2794.0,12,,"made for use outside on a balcony, patio or garden","outdoor, balcony, guests",Outdoor furniture; Cafe furniture,Jonas Hultqvist/IKEA of Sweden,https://www.ikea.com/sa/en/p/solleroen-3-seat-modular-sofa-outdoor-brown-kungsoe-white-s19241387/
20373621,"SOLLERÖN - Corner section, outdoor",Outdoor furniture,16662,709.0,12,,"made for use outside on a balcony, patio or garden","outdoor, balcony, guests",Outdoor furniture; Cafe furniture,Jonas Hultqvist,https://www.ikea.com/sa/en/p/solleroen-corner-section-outdoor-brown-20373621/
29291857,"SJÄLLAND - Table+6 reclining chairs, outdoor, 156x90 cm",Outdoor furniture,72897,3102.0,12,,"made for use outside on a balcony, patio or garden","outdoor, balcony, guests",Outdoor furniture; Cafe furniture,David Wahl/IKEA of Sweden,https://www.ikea.com/sa/en/p/sjaelland-table-6-reclining-chairs-outdoor-dark-grey-kuddarna-beige-s29291857/
40404513,"HAVSTEN - Armrest section, outdoor",Outdoor furniture,9282,395.0,12,,"made for use outside on a balcony, patio or garden","outdoor, balcony, guests",Outdoor furniture; Cafe furniture,Andreas Fredriksson,https://www.ikea.com/sa/en/p/havsten-armrest-section-outdoor-beige-40404513/
40264485,"HÅLLÖ - Chair cushion, outdoor, 50x50 cm",Outdoor furniture,1762,75.0,12,,"made for use outside on a balcony, patio or garden","outdoor, balcony, guests",Outdoor furniture; Cafe furniture,IKEA of Sweden,https://www.ikea.com/sa/en/p/halloe-chair-cushion-outdoor-black-40264485/
60417897,"DUVHOLMEN - Inner cushion for chair cushion, 50x50 cm",Outdoor furniture,822,35.0,12,,"made for use outside on a balcony, patio or garden","outdoor, balcony, guests",Outdoor furniture; Cafe furniture,IKEA of Sweden,https://www.ikea.com/sa/en/p/duvholmen-inner-cushion-for-chair-cushion-outdoor-grey-60417897/
99285928,"SOLLERÖN - Modular corner sofa 3-seat, outdoor",Outdoor furniture,83754,3564.0,12,,"made for use outside on a balcony, patio or garden","outdoor, balcony, guests",Outdoor furniture; Cafe furniture,Eva Lilja Löwenhielm/Jonas Hultqvist/IKEA of Sweden,https://www.ikea.com/sa/en/p/solleroen-modular-corner-sofa-3-seat-outdoor-brown-froesoen-duvholmen-beige-s99285928/
90443135,"RÅSKOG - Trolley, 35x45x78 cm",Room dividers,4442,189.0,24,,splits a room into zones without building walls,"small-room, office, decoration",Bookcases & shelving units; Tables & desks,Nike Karlsson,https://www.ikea.com/sa/en/p/raskog-trolley-grey-green-90443135/
70301537,"KALLAX - Shelving unit, 182x182 cm",Room dividers,17038,725.0,24,,splits a room into zones without building walls,"small-room, office, decoration",Bookcases & shelving units; Tables & desks,IKEA of Sweden,https://www.ikea.com/sa/en/p/kallax-shelving-unit-white-70301537/
79166399,VIDGA - Room divider for corner,Room dividers,5170,220.0,24,,splits a room into zones without building walls,"small-room, office, decoration",Bookcases & shelving units; Tables & desks,David Wahl,https://www.ikea.com/sa/en/p/vidga-room-divider-for-corner-white-s79166399/
30275861,"KALLAX - Shelving unit, 147x147 cm",Room dividers,11632,495.0,24,,splits a room into zones without building walls,"small-room, office, decoration",Bookcases & shelving units; Tables & desks,Tord Björklund,https://www.ikea.com/sa/en/p/kallax-shelving-unit-white-30275861/
9157261,"ELVARLI - 1 section, 52x36x222-350 cm",Room dividers,10340,440.0,24,,splits a room into zones without building walls,"small-room, office, decoration",Bookcases & shelving units; Tables & desks,Ehlén Johansson,https://www.ikea.com/sa/en/p/elvarli-1-section-white-s09157261/
99188003,"ELVARLI - 4 sections, 262x36x222-350 cm",Room dividers,55860,2377.0,24,,splits a room into zones without building walls,"small-room, office, decoration",Bookcases & shelving units; Tables & desks,Ehlén Johansson,https://www.ikea.com/sa/en/p/elvarli-4-sections-white-bamboo-s99188003/
59315159,"ELVARLI - 3 sections, 258x51x222-350 cm",Room dividers,56330,2397.0,24,,splits a room into zones without building walls,"small-room, office, decoration",Bookcases & shelving units; Tables & desks,Ehlén Johansson,https://www.ikea.com/sa/en/p/elvarli-3-sections-s59315159/
70268811,"BEKANT - Screen for desk, 120 cm",Room dividers,8390,357.0,24,,splits a room into zones without building walls,"small-room, office, decoration",Bookcases & shelving units; Tables & desks,K Malmvall/E Lilja Löwenhielm,https://www.ikea.com/sa/en/p/bekant-screen-for-desk-grey-70268811/
69157376,"ELVARLI - 2 sections, 175x51x222-350 cm",Room dividers,28928,1231.0,24,,splits a room into zones without building walls,"small-room, office, decoration",Bookcases & shelving units; Tables & desks,Ehlén Johansson,https://www.ikea.com/sa/en/p/elvarli-2-sections-white-s69157376/
9017483,"KALLAX - Shelving unit with 4 inserts, 147x147 cm",Room dividers,16332,695.0,24,,splits a room into zones without building walls,"small-room, office, decoration",Bookcases & shelving units; Tables & desks,Tord Björklund,https://www.ikea.com/sa/en/p/kallax-shelving-unit-with-4-inserts-black-brown-s09017483/
10459903,"KALLAX - Shelving unit, 77x147 cm","Sideboards, buffets & console tables",6932,295.0,60,,storage and a display surface for dining or hallway spaces,"dining, decoration, storage",Tables & desks; Chairs,Tord Björklund,https://www.ikea.com/sa/en/p/kallax-shelving-unit-white-green-10459903/
105064,"LIATORP - Console table, 133x37 cm","Sideboards, buffets & console tables",10458,445.0,60,,storage and a display surface for dining or hallway spaces,"dining, decoration, storage",Tables & desks; Chairs,Carina Bengs,https://www.ikea.com/sa/en/p/liatorp-console-table-white-glass-00105064/
30409035,"LISTERBY - Console table, 92x38x71 cm","Sideboards, buffets & console tables",11632,495.0,60,,storage and a display surface for dining or hallway spaces,"dining, decoration, storage",Tables & desks; Chairs,Henrik Preutz,https://www.ikea.com/sa/en/p/listerby-console-table-brown-30409035/
9139724,"BESTÅ - Storage combination with doors, 180x40x74 cm","Sideboards, buffets & console tables",20915,890.0,60,,storage and a display surface for dining or hallway spaces,"dining, decoration, storage",Tables & desks; Chairs,IKEA of Sweden,https://www.ikea.com/sa/en/p/besta-storage-combination-with-doors-lappviken-grey-stained-walnut-effect-s09139724/
40404202,"HAVSTA - Console table, 100x35x63 cm","Sideboards, buffets & console tables",11632,495.0,60,,storage and a display surface for dining or hallway spaces,"dining, decoration, storage",Tables & desks; Chairs,IKEA of Sweden,https://www.ikea.com/sa/en/p/havsta-console-table-white-40404202/
9208029,"BESTÅ - Storage combination with doors, 180x42x112 cm","Sideboards, buffets & console tables",38775,1650.0,60,,storage and a display surface for dining or hallway spaces,"dining, decoration, storage",Tables & desks; Chairs,Marcus Arvonen/IKEA of Sweden,https://www.ikea.com/sa/en/p/besta-storage-combination-with-doors-white-lappviken-sindvik-white-clear-glass-s09208029/
89265836,"HAVSTA - Storage combination, 162x37x134 cm","Sideboards, buffets & console tables",36425,1550.0,60,,storage and a display surface for dining or hallway spaces,"dining, decoration, storage",Tables & desks; Chairs,IKEA of Sweden,https://www.ikea.com/sa/en/p/havsta-storage-combination-white-s89265836/
79275119,"HAVSTA - Glass-door cabinet with plinth, 121x37x134 cm","Sideboards, buffets & console tables",32782,1395.0,60,,storage and a display surface for dining or hallway spaces,"dining, decoration, storage",Tables & desks; Chairs,IKEA of Sweden,https://www.ikea.com/sa/en/p/havsta-glass-door-cabinet-with-plinth-white-clear-glass-s79275119/
79265945,"HAVSTA - Storage combination w glass doors, 162x37x134 cm","Sideboards, buffets & console tables",45825,1950.0,60,,storage and a display surface for dining or hallway spaces,"dining, decoration, storage",Tables & desks; Chairs,IKEA of Sweden,https://www.ikea.com/sa/en/p/havsta-storage-combination-w-glass-doors-white-s79265945/
39300856,"BESTÅ - Storage combination w glass doors, 60x42x193 cm","Sideboards, buffets & console tables",22678,965.0,60,,storage and a display surface for dining or hallway spaces,"dining, decoration, storage",Tables & desks; Chairs,IKEA of Sweden/Marcus Arvonen,https://www.ikea.com/sa/en/p/besta-storage-combination-w-glass-doors-white-lappviken-white-clear-glass-s39300856/
79151312,SÖDERHAMN - 1-seat section,Sofas & armchairs,20915,890.0,120,,soft seating to relax with family and guests,"living-room, relaxing, guests",TV & media furniture; Tables & desks,Ola Wihlborg,https://www.ikea.com/sa/en/p/soederhamn-1-seat-section-samsta-light-pink-s79151312/
79135746,SÖDERHAMN - Chaise longue,Sofas & armchairs,30550,1300.0,120,,soft seating to relax with family and guests,"living-room, relaxing, guests",TV & media furniture; Tables & desks,Ola Wihlborg,https://www.ikea.com/sa/en/p/soederhamn-chaise-longue-finnsta-turquoise-s79135746/
79315945,STOCKSUND - Bench,Sofas & armchairs,23382,995.0,120,,soft seating to relax with family and guests,"living-room, relaxing, guests",TV & media furniture; Tables & desks,Nike Karlsson,https://www.ikea.com/sa/en/p/stocksund-bench-ljungen-medium-grey-light-brown-wood-s79315945/
19305567,KIVIK - 3-seat sofa,Sofas & armchairs,70382,2995.0,120,,soft seating to relax with family and guests,"living-room, relaxing, guests",TV & media furniture; Tables & desks,Ola Wihlborg,https://www.ikea.com/sa/en/p/kivik-3-seat-sofa-with-chaise-longue-skiftebo-dark-grey-s19305567/
19305572,KIVIK - 2-seat sofa,Sofas & armchairs,39832,1695.0,120,,soft seating to relax with family and guests,"living-room, relaxing, guests",TV & media furniture; Tables & desks,Ola Wihlborg,https://www.ikea.com/sa/en/p/kivik-2-seat-sofa-skiftebo-dark-grey-s19305572/
79135751,SÖDERHAMN - Corner section,Sofas & armchairs,30432,1295.0,120,,soft seating to relax with family and guests,"living-room, relaxing, guests",TV & media furniture; Tables & desks,Ola Wihlborg,https://www.ikea.com/sa/en/p/soederhamn-corner-section-finnsta-turquoise-s79135751/
10424621,KNOPPARP - 2-seat sofa,Sofas & armchairs,8108,345.0,120,,soft seating to relax with family and guests,"living-room, relaxing, guests",TV & media furniture; Tables & desks,"104.246.21 KNOPPARP sofa is very durable thanks to the metal construction and strong supporting fabric.Thanks to the innovative construction, we can use less materials and foam when we make KNOPPARP sofa, while the padded cover ensures that the comfort is maintained.A sofa with small, neat dimensions which is easy to furnish with, even when space is limited. This cover is made from KNISA fabric in polyester, which is dope-dyed. It’s a durable material which has a soft feel.The dope-dyeing process reduces consumption of water and dyestuff compared to traditional dyeing techniques.The cover is easy to keep clean as it is removable and can be machine washed.Easy to bring home if you choose to carry it on your own. The packaging is just over one metre in height and weighs 17 kg.10 year guarantee. Read about the terms in the guarantee brochure.This cover’s ability to resist abrasion has been tested to handle 40,000 cycles. 15,000 cycles or more is suitable for furniture used every day at home. Over 30,000 cycles means a good ability to resist abrasion.The cover has a lightfastness level of 5-6 (the ability to resist colour fading) on a scale of 1 to 8. According to industry standards, a lightfastness level of 4 or higher is suitable for home use.",https://www.ikea.com/sa/en/p/knopparp-2-seat-sofa-knisa-light-grey-10424621/
10469186,ANGERSBY - 2-seat sofa,Sofas & armchairs,17508,745.0,120,,soft seating to relax with family and guests,"living-room, relaxing, guests",TV & media furniture; Tables & desks,"104.691.86 The sofa is packaged in a space-efficient way, making it easy to transport and carry into your home.You can store remote controls and other smaller items in the practical pockets on the sides of the armrests.",https://www.ikea.com/sa/en/p/angersby-2-seat-sofa-knisa-light-grey-10469186/
19129178,EKTORP - Two-seat sofa,Sofas & armchairs,25262,1075.0,120,,soft seating to relax with family and guests,"living-room, relaxing, guests",TV & media furniture; Tables & desks,IKEA of Sweden,https://www.ikea.com/sa/en/p/ektorp-two-seat-sofa-lofallet-beige-s19129178/
49129209,EKTORP - Three-seat sofa,Sofas & armchairs,41125,1750.0,120,,soft seating to relax with family and guests,"living-room, relaxing, guests",TV & media furniture; Tables & desks,IKEA of Sweden,https://www.ikea.com/sa/en/p/ektorp-three-seat-sofa-nordvalla-dark-beige-s49129209/
79135949,"SÖDERHAMN - Corner sofa, 6-seat",Sofas & armchairs,115972,4935.0,120,,soft seating to relax with family and guests,"living-room, relaxing, guests",TV & media furniture; Tables & desks,Ola Wihlborg,https://www.ikea.com/sa/en/p/soederhamn-corner-sofa-6-seat-finnsta-turquoise-s79135949/
39217838,"SANDBACKEN - Corner sofa, 3-seat",Sofas & armchairs,31184,1327.0,120,,soft seating to relax with family and guests,"living-room, relaxing, guests",TV & media furniture; Tables & desks,IKEA of Sweden/David Wahl/Lisa Hilland,https://www.ikea.com/sa/en/p/sandbacken-corner-sofa-3-seat-lofallet-beige-s39217838/
9251777,KLIPPAN - 2-seat sofa,Sofas & armchairs,23382,995.0,120,,soft seating to relax with family and guests,"living-room, relaxing, guests",TV & media furniture; Tables & desks,IKEA of Sweden,https://www.ikea.com/sa/en/p/klippan-2-seat-sofa-kabusa-dark-grey-s09251777/
385314,"SANDARED - Pouffe, 45 cm",Sofas & armchairs,5758,245.0,120,,soft seating to relax with family and guests,"living-room, relaxing, guests",TV & media furniture; Tables & desks,Synnöve Mork,https://www.ikea.com/sa/en/p/sandared-pouffe-beige-00385314/
49282989,SÖDERHAMN - 4-seat sofa,Sofas & armchairs,73320,3120.0,120,,soft seating to relax with family and guests,"living-room, relaxing, guests",TV & media furniture; Tables & desks,Ola Wihlborg,https://www.ikea.com/sa/en/p/soederhamn-4-seat-sofa-with-chaise-longue-and-open-end-finnsta-turquoise-s49282989/
69217790,SANDBACKEN - 3-seat sofa,Sofas & armchairs,27636,1176.0,120,,soft seating to relax with family and guests,"living-room, relaxing, guests",TV & media furniture; Tables & desks,Lisa Hilland/IKEA of Sweden/David Wahl,https://www.ikea.com/sa/en/p/sandbacken-3-seat-sofa-frillestad-light-grey-s69217790/
79254683,"GRÖNLID - Corner sofa, 5-seat",Sofas & armchairs,107748,4585.0,120,,soft seating to relax with family and guests,"living-room, relaxing, guests",TV & media furniture; Tables & desks,Francis Cayouette/Ehlén Johansson,https://www.ikea.com/sa/en/p/groenlid-corner-sofa-5-seat-inseros-white-s79254683/
69129798,STOCKSUND - 3-seat sofa,Sofas & armchairs,63332,2695.0,120,,soft seating to relax with family and guests,"living-room, relaxing, guests",TV & media furniture; Tables & desks,Nike Karlsson,https://www.ikea.com/sa/en/p/stocksund-3-seat-sofa-ljungen-blue-black-wood-s69129798/
19325457,HÄSSELBY - 3-seat sofa,Sofas & armchairs,30432,1295.0,120,,soft seating to relax with family and guests,"living-room, relaxing, guests",TV & media furniture; Tables & desks,193.254.57 The cover is easy to keep clean as it is removable and can be machine washed.,https://www.ikea.com/sa/en/p/haesselby-3-seat-sofa-knisa-grey-s19325457/
89135944,SÖDERHAMN - 3-seat sofa,Sofas & armchairs,46882,1995.0,120,,soft seating to relax with family and guests,"living-room, relaxing, guests",TV & media furniture; Tables & desks,Ola Wihlborg,https://www.ikea.com/sa/en/p/soederhamn-3-seat-sofa-finnsta-turquoise-s89135944/
79257498,"EKTORP - Corner sofa, 4-seat",Sofas & armchairs,79782,3395.0,120,,soft seating to relax with family and guests,"living-room, relaxing, guests",TV & media furniture; Tables & desks,IKEA of Sweden,https://www.ikea.com/sa/en/p/ektorp-corner-sofa-4-seat-lingbo-multicolour-s79257498/
69240026,NORSBORG - 4-seat sofa,Sofas & armchairs,77550,3300.0,120,,soft seating to relax with family and guests,"living-room, relaxing, guests",TV & media furniture; Tables & desks,Ehlén Johansson,https://www.ikea.com/sa/en/p/norsborg-4-seat-sofa-edum-with-chaise-longue-edum-birch-beige-birch-s69240026/
20033919,ALSEDA - Stool,Sofas & armchairs,4582,195.0,120,,soft seating to relax with family and guests,"living-room, relaxing, guests",TV & media furniture; Tables & desks,IKEA of Sweden,https://www.ikea.com/sa/en/p/alseda-stool-banana-fibre-20033919/
30451067,GAMLARP - 3-seat sofa,Sofas & armchairs,65682,2795.0,120,,soft seating to relax with family and guests,"living-room, relaxing, guests",TV & media furniture; Tables & desks,304.510.67,https://www.ikea.com/sa/en/p/gamlarp-3-seat-sofa-dark-grey-30451067/
80437489,GRYTTBY - Cover 3-seat sofa,Sofas & armchairs,4853,206.5,120,,soft seating to relax with family and guests,"living-room, relaxing, guests",TV & media furniture; Tables & desks,David Wahl,https://www.ikea.com/sa/en/p/gryttby-cover-3-seat-sofa-knisa-dark-grey-80437489/
29284381,"SÖDERHAMN - Corner sofa, 4-seat",Sofas & armchairs,98465,4190.0,120,,soft seating to relax with family and guests,"living-room, relaxing, guests",TV & media furniture; Tables & desks,Ola Wihlborg,https://www.ikea.com/sa/en/p/soederhamn-corner-sofa-4-seat-with-open-end-finnsta-turquoise-s29284381/
9217830,"BRÅTHULT - Corner sofa, 3-seat",Sofas & armchairs,30010,1277.0,120,,soft seating to relax with family and guests,"living-room, relaxing, guests",TV & media furniture; Tables & desks,David Wahl/Lisa Hilland/IKEA of Sweden,https://www.ikea.com/sa/en/p/brathult-corner-sofa-3-seat-vissle-red-orange-s09217830/
89254786,GRÖNLID - 3-seat sofa,Sofas & armchairs,51582,2195.0,120,,soft seating to relax with family and guests,"living-room, relaxing, guests",TV & media furniture; Tables & desks,Ehlén Johansson/Francis Cayouette,https://www.ikea.com/sa/en/p/groenlid-3-seat-sofa-inseros-white-s89254786/
59270274,LANDSKRONA - 2-seat sofa,Sofas & armchairs,46882,1995.0,120,,soft seating to relax with family and guests,"living-room, relaxing, guests",TV & media furniture; Tables & desks,IKEA of Sweden/Tord Björklund,https://www.ikea.com/sa/en/p/landskrona-2-seat-sofa-gunnared-dark-grey-metal-s59270274/
29193692,"KIVIK - Corner sofa, 6-seat",Sofas & armchairs,153808,6545.0,120,,soft seating to relax with family and guests,"living-room, relaxing, guests",TV & media furniture; Tables & desks,Ola Wihlborg,https://www.ikea.com/sa/en/p/kivik-corner-sofa-6-seat-with-chaise-longue-hillared-hillared-dark-blue-s29193692/
50360009,STRANDMON - Footstool,Sofas & armchairs,7050,300.0,120,,soft seating to relax with family and guests,"living-room, relaxing, guests",TV & media furniture; Tables & desks,IKEA of Sweden,https://www.ikea.com/sa/en/p/strandmon-footstool-djuparp-dark-green-50360009/
59307649,GRÖNLID - 4-seat sofa,Sofas & armchairs,84365,3590.0,120,,soft seating to relax with family and guests,"living-room, relaxing, guests",TV & media furniture; Tables & desks,Francis Cayouette/Ehlén Johansson,https://www.ikea.com/sa/en/p/groenlid-4-seat-sofa-with-chaise-longue-inseros-white-s59307649/
89135939,SÖDERHAMN - 3-seat section,Sofas & armchairs,38658,1645.0,120,,soft seating to relax with family and guests,"living-room, relaxing, guests",TV & media furniture; Tables & desks,Ola Wihlborg,https://www.ikea.com/sa/en/p/soederhamn-3-seat-section-finnsta-turquoise-s89135939/
59217804,BRÅTHULT - 3-seat sofa,Sofas & armchairs,27636,1176.0,120,,soft seating to relax with family and guests,"living-room, relaxing, guests",TV & media furniture; Tables & desks,IKEA of Sweden/David Wahl/Lisa Hilland,https://www.ikea.com/sa/en/p/brathult-3-seat-sofa-borred-grey-green-s59217804/
89239786,"NORSBORG - Corner sofa, 5-seat",Sofas & armchairs,107630,4580.0,120,,soft seating to relax with family and guests,"living-room, relaxing, guests",TV & media furniture; Tables & desks,Ehlén Johansson,https://www.ikea.com/sa/en/p/norsborg-corner-sofa-5-seat-edum-beige-birch-beige-s89239786/
69298772,VIMLE - 3-seat sofa,Sofas & armchairs,61335,2610.0,120,,soft seating to relax with family and guests,"living-room, relaxing, guests",TV & media furniture; Tables & desks,Ehlén Johansson,https://www.ikea.com/sa/en/p/vimle-3-seat-sofa-dalstorp-multicolour-s69298772/
49240193,NORSBORG - 3-seat sofa,Sofas & armchairs,47470,2020.0,120,,soft seating to relax with family and guests,"living-room, relaxing, guests",TV & media furniture; Tables & desks,Ehlén Johansson,https://www.ikea.com/sa/en/p/norsborg-3-seat-sofa-edum-beige-birch-beige-s49240193/
99239620,NORSBORG - Cover for 2-seat sofa,Sofas & armchairs,8930,380.0,120,,soft seating to relax with family and guests,"living-room, relaxing, guests",TV & media furniture; Tables & desks,992.396.20 The cover is easy to keep clean as it is removable and can be machine washed.This product is an extra cover. Sofa is sold separately.,https://www.ikea.com/sa/en/p/norsborg-cover-for-2-seat-sofa-edum-beige-s99239620/
19257509,EKTORP - 3-seat sofa,Sofas & armchairs,55108,2345.0,120,,soft seating to relax with family and guests,"living-room, relaxing, guests",TV & media furniture; Tables & desks,IKEA of Sweden,https://www.ikea.com/sa/en/p/ektorp-3-seat-sofa-with-chaise-longue-lingbo-multicolour-s19257509/
40266682,BOSNÄS - Footstool with storage,Sofas & armchairs,2232,95.0,120,,soft seating to relax with family and guests,"living-room, relaxing, guests",TV & media furniture; Tables & desks,IKEA of Sweden,https://www.ikea.com/sa/en/p/bosnaes-footstool-with-storage-ransta-black-40266682/
89272667,LANDSKRONA - 3-seat sofa,Sofas & armchairs,89182,3795.0,120,,soft seating to relax with family and guests,"living-room, relaxing, guests",TV & media furniture; Tables & desks,IKEA of Sweden/Tord Björklund,https://www.ikea.com/sa/en/p/landskrona-3-seat-sofa-with-chaise-longue-gunnared-dark-grey-metal-s89272667/
79284958,VIMLE - 4-seat sofa,Sofas & armchairs,89418,3805.0,120,,soft seating to relax with family and guests,"living-room, relaxing, guests",TV & media furniture; Tables & desks,Ehlén Johansson,https://www.ikea.com/sa/en/p/vimle-4-seat-sofa-with-chaise-longue-gunnared-medium-grey-s79284958/
19254780,GRÖNLID - 2-seat sofa,Sofas & armchairs,42182,1795.0,120,,soft seating to relax with family and guests,"living-room, relaxing, guests",TV & media furniture; Tables & desks,Ehlén Johansson/Francis Cayouette,https://www.ikea.com/sa/en/p/groenlid-2-seat-sofa-inseros-white-s19254780/
49151276,SÖDERHAMN - Armchair,Sofas & armchairs,27589,1174.0,120,,soft seating to relax with family and guests,"living-room, relaxing, guests",TV & media furniture; Tables & desks,Ola Wihlborg,https://www.ikea.com/sa/en/p/soederhamn-armchair-samsta-light-pink-s49151276/
19239817,NORSBORG - 2-seat sofa,Sofas & armchairs,39010,1660.0,120,,soft seating to relax with family and guests,"living-room, relaxing, guests",TV & media furniture; Tables & desks,Ehlén Johansson,https://www.ikea.com/sa/en/p/norsborg-2-seat-sofa-edum-beige-beige-birch-s19239817/
20403374,EKTORP - Cover three-seat sofa,Sofas & armchairs,9282,395.0,120,,soft seating to relax with family and guests,"living-room, relaxing, guests",TV & media furniture; Tables & desks,IKEA of Sweden,https://www.ikea.com/sa/en/p/ektorp-cover-three-seat-sofa-lingbo-multicolour-20403374/
10434309,GAMLEHULT - Footstool with storage,Sofas & armchairs,7638,325.0,120,,soft seating to relax with family and guests,"living-room, relaxing, guests",TV & media furniture; Tables & desks,A Fredriksson/J Hultqvist/W Chong,https://www.ikea.com/sa/en/p/gamlehult-footstool-with-storage-rattan-anthracite-10434309/
19282962,SÖDERHAMN - 2-seat sofa,Sofas & armchairs,46765,1990.0,120,,soft seating to relax with family and guests,"living-room, relaxing, guests",TV & media furniture; Tables & desks,Ola Wihlborg,https://www.ikea.com/sa/en/p/soederhamn-2-seat-sofa-with-chaise-longue-samsta-dark-grey-s19282962/
59284351,SÖDERHAMN - 4-seat sofa,Sofas & armchairs,90358,3845.0,120,,soft seating to relax with family and guests,"living-room, relaxing, guests",TV & media furniture; Tables & desks,Ola Wihlborg,https://www.ikea.com/sa/en/p/soederhamn-4-seat-sofa-with-chaise-longue-finnsta-turquoise-s59284351/
39270326,LANDSKRONA - 3-seat sofa,Sofas & armchairs,58632,2495.0,120,,soft seating to relax with family and guests,"living-room, relaxing, guests",TV & media furniture; Tables & desks,IKEA of Sweden/Tord Björklund,https://www.ikea.com/sa/en/p/landskrona-3-seat-sofa-gunnared-light-green-wood-s39270326/
80328292,SÖDERHAMN - Cover for armrest,Sofas & armchairs,634,27.0,120,,soft seating to relax with family and guests,"living-room, relaxing, guests",TV & media furniture; Tables & desks,Ola Wihlborg,https://www.ikea.com/sa/en/p/soederhamn-cover-for-armrest-samsta-light-pink-80328292/
69192657,FÄRLÖV - 3-seat sofa,Sofas & armchairs,60982,2595.0,120,,soft seating to relax with family and guests,"living-room, relaxing, guests",TV & media furniture; Tables & desks,Francis Cayouette,https://www.ikea.com/sa/en/p/faerloev-3-seat-sofa-djuparp-yellow-beige-s69192657/
79150751,HOLMSUND - Corner sofa-bed,Sofas & armchairs,70382,2995.0,120,,soft seating to relax with family and guests,"living-room, relaxing, guests",TV & media furniture; Tables & desks,K Hagberg/M Hagberg/IKEA of Sweden,https://www.ikea.com/sa/en/p/holmsund-corner-sofa-bed-nordvalla-beige-s79150751/
70451065,GAMLARP - 2-seat sofa,Sofas & armchairs,56282,2395.0,120,,soft seating to relax with family and guests,"living-room, relaxing, guests",TV & media furniture; Tables & desks,704.510.65,https://www.ikea.com/sa/en/p/gamlarp-2-seat-sofa-dark-grey-70451065/
9193754,KIVIK - Three-seat sofa,Sofas & armchairs,51582,2195.0,120,,soft seating to relax with family and guests,"living-room, relaxing, guests",TV & media furniture; Tables & desks,Ola Wihlborg,https://www.ikea.com/sa/en/p/kivik-three-seat-sofa-hillared-dark-blue-s09193754/
89305535,"KIVIK - Corner sofa, 5-seat",Sofas & armchairs,120908,5145.0,120,,soft seating to relax with family and guests,"living-room, relaxing, guests",TV & media furniture; Tables & desks,Ola Wihlborg,https://www.ikea.com/sa/en/p/kivik-corner-sofa-5-seat-skiftebo-dark-grey-s89305535/
9256256,"GRÖNLID - Corner sofa, 5-seat",Sofas & armchairs,140765,5990.0,120,,soft seating to relax with family and guests,"living-room, relaxing, guests",TV & media furniture; Tables & desks,Ehlén Johansson/Francis Cayouette,https://www.ikea.com/sa/en/p/groenlid-corner-sofa-5-seat-with-chaise-longue-ljungen-light-green-s09256256/
29254647,GRÖNLID - 2-seat section,Sofas & armchairs,32782,1395.0,120,,soft seating to relax with family and guests,"living-room, relaxing, guests",TV & media furniture; Tables & desks,Ehlén Johansson/Francis Cayouette,https://www.ikea.com/sa/en/p/groenlid-2-seat-section-inseros-white-s29254647/
9270295,LANDSKRONA - 3-seat sofa,Sofas & armchairs,82132,3495.0,120,,soft seating to relax with family and guests,"living-room, relaxing, guests",TV & media furniture; Tables & desks,Tord Björklund/IKEA of Sweden,https://www.ikea.com/sa/en/p/landskrona-3-seat-sofa-grann-bomstad-golden-brown-metal-s09270295/
40399314,KLIPPAN - 2-seat sofa,Sofas & armchairs,30432,1295.0,120,,soft seating to relax with family and guests,"living-room, relaxing, guests",TV & media furniture; Tables & desks,IKEA of Sweden,https://www.ikea.com/sa/en/p/klippan-2-seat-sofa-bomstad-black-40399314/
29257504,EKTORP - Footstool,Sofas & armchairs,9282,395.0,120,,soft seating to relax with family and guests,"living-room, relaxing, guests",TV & media furniture; Tables & desks,IKEA of Sweden,https://www.ikea.com/sa/en/p/ektorp-footstool-lingbo-multicolour-s29257504/
59256414,"GRÖNLID - Corner sofa, 4-seat",Sofas & armchairs,106808,4545.0,120,,soft seating to relax with family and guests,"living-room, relaxing, guests",TV & media furniture; Tables & desks,Ehlén Johansson/Francis Cayouette,https://www.ikea.com/sa/en/p/groenlid-corner-sofa-4-seat-ljungen-dark-red-s59256414/
99135934,SÖDERHAMN - Footstool,Sofas & armchairs,17508,745.0,120,,soft seating to relax with family and guests,"living-room, relaxing, guests",TV & media furniture; Tables & desks,Ola Wihlborg,https://www.ikea.com/sa/en/p/soederhamn-footstool-finnsta-turquoise-s99135934/
99295593,VIMLE - 3-seat sofa,Sofas & armchairs,83072,3535.0,120,,soft seating to relax with family and guests,"living-room, relaxing, guests",TV & media furniture; Tables & desks,Ehlén Johansson,https://www.ikea.com/sa/en/p/vimle-3-seat-sofa-with-chaise-longue-with-headrest-gunnared-medium-grey-s99295593/
99299708,"VIMLE - Corner sofa, 5-seat",Sofas & armchairs,129955,5530.0,120,,soft seating to relax with family and guests,"living-room, relaxing, guests",TV & media furniture; Tables & desks,Ehlén Johansson,https://www.ikea.com/sa/en/p/vimle-corner-sofa-5-seat-dalstorp-multicolour-s99299708/
69254792,GRÖNLID - 3-seat sofa,Sofas & armchairs,74965,3190.0,120,,soft seating to relax with family and guests,"living-room, relaxing, guests",TV & media furniture; Tables & desks,Francis Cayouette/Ehlén Johansson,https://www.ikea.com/sa/en/p/groenlid-3-seat-sofa-with-chaise-longue-inseros-white-s69254792/
90413478,STOCKSUND - Cover for armchair,Sofas & armchairs,8108,345.0,120,,soft seating to relax with family and guests,"living-room, relaxing, guests",TV & media furniture; Tables & desks,"904.134.78 SEGERSTA cover is made of cotton and polyester and is a very durable fabric, with a woven checkered pattern and a soft, smooth surface.This product is an extra cover. Armchair is sold separately.This cover’s ability to resist abrasion has been tested to handle 50,000 cycles. 15,000 cycles or more is suitable for furniture used every day at home. Over 30,000 cycles means a good ability to resist abrasion.The cover has a lightfastness level of 5 (the ability to resist colour fading) on a scale of 1 to 8. According to industry standards, a lightfastness level of 4 or higher is suitable for home use.",https://www.ikea.com/sa/en/p/stocksund-cover-for-armchair-segersta-multicolour-90413478/
9289346,DELAKTIG - 2-seat sofa,Sofas & armchairs,76962,3275.0,120,,soft seating to relax with family and guests,"living-room, relaxing, guests",TV & media furniture; Tables & desks,Tom Dixon,https://www.ikea.com/sa/en/p/delaktig-2-seat-sofa-gunnared-light-brown-pink-s09289346/
59254641,GRÖNLID - 1-seat section,Sofas & armchairs,17508,745.0,120,,soft seating to relax with family and guests,"living-room, relaxing, guests",TV & media furniture; Tables & desks,Francis Cayouette/Ehlén Johansson,https://www.ikea.com/sa/en/p/groenlid-1-seat-section-inseros-white-s59254641/
80245051,STOCKHOLM - Three-seat sofa,Sofas & armchairs,156980,6680.0,120,,soft seating to relax with family and guests,"living-room, relaxing, guests",TV & media furniture; Tables & desks,Niels Gammelgaard,https://www.ikea.com/sa/en/p/stockholm-three-seat-sofa-seglora-natural-80245051/
69254810,"GRÖNLID - U-shaped sofa, 6 seat",Sofas & armchairs,154512,6575.0,120,,soft seating to relax with family and guests,"living-room, relaxing, guests",TV & media furniture; Tables & desks,Ehlén Johansson/Francis Cayouette,https://www.ikea.com/sa/en/p/groenlid-u-shaped-sofa-6-seat-with-open-end-inseros-white-s69254810/
69285232,"VIMLE - Corner sofa, 5-seat",Sofas & armchairs,141705,6030.0,120,,soft seating to relax with family and guests,"living-room, relaxing, guests",TV & media furniture; Tables & desks,Ehlén Johansson,https://www.ikea.com/sa/en/p/vimle-corner-sofa-5-seat-with-chaise-longue-orrsta-black-blue-s69285232/
80425212,KLIPPAN - Cover for 2-seat sofa,Sofas & armchairs,6932,295.0,120,,soft seating to relax with family and guests,"living-room, relaxing, guests",TV & media furniture; Tables & desks,IKEA of Sweden,https://www.ikea.com/sa/en/p/klippan-cover-for-2-seat-sofa-mattsbo-multicolour-80425212/
50321697,EKTORP - Cover two-seat sofa,Sofas & armchairs,4112,175.0,120,,soft seating to relax with family and guests,"living-room, relaxing, guests",TV & media furniture; Tables & desks,IKEA of Sweden,https://www.ikea.com/sa/en/p/ektorp-cover-two-seat-sofa-lofallet-beige-50321697/
99192401,FÄRLÖV - 2-seat sofa,Sofas & armchairs,43146,1836.0,120,,soft seating to relax with family and guests,"living-room, relaxing, guests",TV & media furniture; Tables & desks,Francis Cayouette,https://www.ikea.com/sa/en/p/faerloev-2-seat-sofa-flodafors-white-s99192401/
59193723,"KIVIK - U-shaped sofa, 7-seat",Sofas & armchairs,194932,8295.0,120,,soft seating to relax with family and guests,"living-room, relaxing, guests",TV & media furniture; Tables & desks,Ola Wihlborg,https://www.ikea.com/sa/en/p/kivik-u-shaped-sofa-7-seat-9-seater-hillared-dark-blue-s59193723/
99270465,LANDSKRONA - 4-seat sofa,Sofas & armchairs,100932,4295.0,120,,soft seating to relax with family and guests,"living-room, relaxing, guests",TV & media furniture; Tables & desks,Tord Björklund/IKEA of Sweden,https://www.ikea.com/sa/en/p/landskrona-4-seat-sofa-with-chaise-longue-gunnared-light-green-wood-s99270465/
89284712,VIMLE - 2-seat sofa,Sofas & armchairs,46882,1995.0,120,,soft seating to relax with family and guests,"living-room, relaxing, guests",TV & media furniture; Tables & desks,Ehlén Johansson,https://www.ikea.com/sa/en/p/vimle-2-seat-sofa-orrsta-black-blue-s89284712/
10417852,VALLENTUNA - Cover for back cushion,Sofas & armchairs,940,40.0,120,,soft seating to relax with family and guests,"living-room, relaxing, guests",TV & media furniture; Tables & desks,IKEA of Sweden,https://www.ikea.com/sa/en/p/vallentuna-cover-for-back-cushion-orrsta-olive-green-10417852/
29011423,KIVIK - 4-seat sofa,Sofas & armchairs,76258,3245.0,120,,soft seating to relax with family and guests,"living-room, relaxing, guests",TV & media furniture; Tables & desks,Ola Wihlborg,https://www.ikea.com/sa/en/p/kivik-4-seat-sofa-orrsta-with-chaise-longue-orrsta-light-grey-s29011423/
20394317,POÄNG - Armchair cushion,Sofas & armchairs,4042,172.0,120,,soft seating to relax with family and guests,"living-room, relaxing, guests",TV & media furniture; Tables & desks,IKEA of Sweden,https://www.ikea.com/sa/en/p/poaeng-armchair-cushion-knisa-black-20394317/
10382876,KUNGSHAMN - Cover for 1-seat module,Sofas & armchairs,1410,60.0,120,,soft seating to relax with family and guests,"living-room, relaxing, guests",TV & media furniture; Tables & desks,Mikael Axelsson,https://www.ikea.com/sa/en/p/kungshamn-cover-for-1-seat-module-yttered-multicolour-10382876/
40344500,STOCKHOLM 2017 - Three-seat sofa,Sofas & armchairs,127746,5436.0,120,,soft seating to relax with family and guests,"living-room, relaxing, guests",TV & media furniture; Tables & desks,Ola Wihlborg,https://www.ikea.com/sa/en/p/stockholm-2017-three-seat-sofa-sandbacka-dark-blue-40344500/
20382786,KUNGSHAMN - Cover for corner module,Sofas & armchairs,2115,90.0,120,,soft seating to relax with family and guests,"living-room, relaxing, guests",TV & media furniture; Tables & desks,Mikael Axelsson,https://www.ikea.com/sa/en/p/kungshamn-cover-for-corner-module-yttered-multicolour-20382786/
89239748,"NORSBORG - U-shaped sofa, 6 seat",Sofas & armchairs,159330,6780.0,120,,soft seating to relax with family and guests,"living-room, relaxing, guests",TV & media furniture; Tables & desks,Ehlén Johansson,https://www.ikea.com/sa/en/p/norsborg-u-shaped-sofa-6-seat-edum-beige-beige-birch-s89239748/
385309,"SANDARED - Pouffe, 56 cm",Sofas & armchairs,8108,345.0,120,,soft seating to relax with family and guests,"living-room, relaxing, guests",TV & media furniture; Tables & desks,Synnöve Mork,https://www.ikea.com/sa/en/p/sandared-pouffe-grey-00385309/
386097,"DELAKTIG - Side table for frame, 47x22 cm",Sofas & armchairs,4700,200.0,120,,soft seating to relax with family and guests,"living-room, relaxing, guests",TV & media furniture; Tables & desks,Tom Dixon,https://www.ikea.com/sa/en/p/delaktig-side-table-for-frame-black-00386097/
30442662,EKOLSUND - Cover for recliner,Sofas & armchairs,5875,250.0,120,,soft seating to relax with family and guests,"living-room, relaxing, guests",TV & media furniture; Tables & desks,Anna Palleschitz,https://www.ikea.com/sa/en/p/ekolsund-cover-for-recliner-gunnared-light-brown-pink-30442662/
9284909,VIMLE - 3-seat sofa,Sofas & armchairs,79548,3385.0,120,,soft seating to relax with family and guests,"living-room, relaxing, guests",TV & media furniture; Tables & desks,Ehlén Johansson,https://www.ikea.com/sa/en/p/vimle-3-seat-sofa-with-chaise-longue-gunnared-medium-grey-s09284909/
99297484,"FLOTTEBO - Sofa-bed, 90 cm",Sofas & armchairs,37506,1596.0,120,,soft seating to relax with family and guests,"living-room, relaxing, guests",TV & media furniture; Tables & desks,C Halskov/H Dalsgaard,https://www.ikea.com/sa/en/p/flottebo-sofa-bed-vissle-purple-s99297484/
20328327,SÖDERHAMN - Cover for 3-seat section,Sofas & armchairs,10458,445.0,120,,soft seating to relax with family and guests,"living-room, relaxing, guests",TV & media furniture; Tables & desks,Ola Wihlborg,https://www.ikea.com/sa/en/p/soederhamn-cover-for-3-seat-section-finnsta-turquoise-20328327/
40394830,DELAKTIG - Cover for armrest with cushion,Sofas & armchairs,1762,75.0,120,,soft seating to relax with family and guests,"living-room, relaxing, guests",TV & media furniture; Tables & desks,Tom Dixon,https://www.ikea.com/sa/en/p/delaktig-cover-for-armrest-with-cushion-tallmyra-white-black-40394830/
90394795,"DELAKTIG - Cover for seat cushion, 2-seat sofa",Sofas & armchairs,2938,125.0,120,,soft seating to relax with family and guests,"living-room, relaxing, guests",TV & media furniture; Tables & desks,Tom Dixon,https://www.ikea.com/sa/en/p/delaktig-cover-for-seat-cushion-2-seat-sofa-hillared-dark-blue-90394795/
29282853,SÖDERHAMN - 3-seat sofa,Sofas & armchairs,55695,2370.0,120,,soft seating to relax with family and guests,"living-room, relaxing, guests",TV & media furniture; Tables & desks,Ola Wihlborg,https://www.ikea.com/sa/en/p/soederhamn-3-seat-sofa-with-open-end-finnsta-turquoise-s29282853/
49248189,KUNGSHAMN - 1-seat module,Sofas & armchairs,13748,585.0,120,,soft seating to relax with family and guests,"living-room, relaxing, guests",TV & media furniture; Tables & desks,Mikael Axelsson,https://www.ikea.com/sa/en/p/kungshamn-1-seat-module-yttered-multicolour-s49248189/
59135653,SÖDERHAMN - Armrest,Sofas & armchairs,4112,175.0,120,,soft seating to relax with family and guests,"living-room, relaxing, guests",TV & media furniture; Tables & desks,Ola Wihlborg,https://www.ikea.com/sa/en/p/soederhamn-armrest-finnsta-turquoise-s59135653/
20303751,NORSBORG - Leg,Sofas & armchairs,1880,80.0,120,,soft seating to relax with family and guests,"living-room, relaxing, guests",TV & media furniture; Tables & desks,Ehlén Johansson,https://www.ikea.com/sa/en/p/norsborg-leg-birch-20303751/
289322,STOCKSUND - Legs for armchair/sofas,Sofas & armchairs,2350,100.0,120,,soft seating to relax with family and guests,"living-room, relaxing, guests",TV & media furniture; Tables & desks,Nike Karlsson,https://www.ikea.com/sa/en/p/stocksund-legs-for-armchair-sofas-light-brown-00289322/
40396278,GRÖNLID - Cover for armrest,Sofas & armchairs,1410,60.0,120,,soft seating to relax with family and guests,"living-room, relaxing, guests",TV & media furniture; Tables & desks,Francis Cayouette,https://www.ikea.com/sa/en/p/groenlid-cover-for-armrest-inseros-white-40396278/
40394321,POÄNG - Footstool cushion,Sofas & armchairs,1645,70.0,120,,soft seating to relax with family and guests,"living-room, relaxing, guests",TV & media furniture; Tables & desks,IKEA of Sweden,https://www.ikea.com/sa/en/p/poaeng-footstool-cushion-knisa-light-beige-40394321/
79284468,"SÖDERHAMN - Corner sofa, 3-seat",Sofas & armchairs,65212,2775.0,120,,soft seating to relax with family and guests,"living-room, relaxing, guests",TV & media furniture; Tables & desks,Ola Wihlborg,https://www.ikea.com/sa/en/p/soederhamn-corner-sofa-3-seat-samsta-light-pink-s79284468/
50382493,KUNGSHAMN - Cover for footstool module,Sofas & armchairs,1058,45.0,120,,soft seating to relax with family and guests,"living-room, relaxing, guests",TV & media furniture; Tables & desks,Mikael Axelsson,https://www.ikea.com/sa/en/p/kungshamn-cover-for-footstool-module-idekulla-beige-50382493/
50418053,"VALLENTUNA - Cover for backrest, 100x80 cm",Sofas & armchairs,2350,100.0,120,,soft seating to relax with family and guests,"living-room, relaxing, guests",TV & media furniture; Tables & desks,IKEA of Sweden,https://www.ikea.com/sa/en/p/vallentuna-cover-for-backrest-hillared-light-blue-50418053/
60418043,VALLENTUNA - Cover for armrest,Sofas & armchairs,1410,60.0,120,,soft seating to relax with family and guests,"living-room, relaxing, guests",TV & media furniture; Tables & desks,IKEA of Sweden,https://www.ikea.com/sa/en/p/vallentuna-cover-for-armrest-hillared-light-blue-60418043/
40410335,TULLSTA - Armchair cover,Sofas & armchairs,3408,145.0,120,,soft seating to relax with family and guests,"living-room, relaxing, guests",TV & media furniture; Tables & desks,IKEA of Sweden,https://www.ikea.com/sa/en/p/tullsta-armchair-cover-lofallet-beige-40410335/
29277700,VALLENTUNA - 2-seat modular sofa w 2 sofa-beds,Sofas & armchairs,91556,3896.0,120,,soft seating to relax with family and guests,"living-room, relaxing, guests",TV & media furniture; Tables & desks,IKEA of Sweden/Fredriksson/L Löwenhielm/Hilland,https://www.ikea.com/sa/en/p/vallentuna-2-seat-modular-sofa-w-2-sofa-beds-hillared-light-blue-s29277700/
99254677,"GRÖNLID - Corner sofa, 4-seat",Sofas & armchairs,98348,4185.0,120,,soft seating to relax with family and guests,"living-room, relaxing, guests",TV & media furniture; Tables & desks,Francis Cayouette/Ehlén Johansson,https://www.ikea.com/sa/en/p/groenlid-corner-sofa-4-seat-with-open-end-inseros-white-s99254677/
49269983,LANDSKRONA - 5-seat sofa,Sofas & armchairs,143232,6095.0,120,,soft seating to relax with family and guests,"living-room, relaxing, guests",TV & media furniture; Tables & desks,Tord Björklund/IKEA of Sweden,https://www.ikea.com/sa/en/p/landskrona-5-seat-sofa-with-chaise-longues-gunnared-dark-grey-wood-s49269983/
10438166,NYHAMN - Cover for 3-seat sofa-bed,Sofas & armchairs,8108,345.0,120,,soft seating to relax with family and guests,"living-room, relaxing, guests",TV & media furniture; Tables & desks,Lisa Hilland,https://www.ikea.com/sa/en/p/nyhamn-cover-for-3-seat-sofa-bed-skiftebo-yellow-10438166/
10430033,"DELAKTIG - Cover for seat cushion, armchair",Sofas & armchairs,2350,100.0,120,,soft seating to relax with family and guests,"living-room, relaxing, guests",TV & media furniture; Tables & desks,Tom Dixon,https://www.ikea.com/sa/en/p/delaktig-cover-for-seat-cushion-armchair-gunnared-beige-10430033/
70321682,EKTORP - Armchair cover,Sofas & armchairs,2938,125.0,120,,soft seating to relax with family and guests,"living-room, relaxing, guests",TV & media furniture; Tables & desks,IKEA of Sweden,https://www.ikea.com/sa/en/p/ektorp-armchair-cover-lofallet-beige-70321682/
99279381,VALLENTUNA - Back cushion,Sofas & armchairs,2444,104.0,120,,soft seating to relax with family and guests,"living-room, relaxing, guests",TV & media furniture; Tables & desks,Fredriksson/L Löwenhielm/Hilland/IKEA of Sweden,https://www.ikea.com/sa/en/p/vallentuna-back-cushion-hillared-light-blue-s99279381/
19270266,LANDSKRONA - 2-seat sofa,Sofas & armchairs,70382,2995.0,120,,soft seating to relax with family and guests,"living-room, relaxing, guests",TV & media furniture; Tables & desks,IKEA of Sweden/Tord Björklund,https://www.ikea.com/sa/en/p/landskrona-2-seat-sofa-grann-bomstad-golden-brown-metal-s19270266/
19239997,NORSBORG - 4-seat sofa,Sofas & armchairs,99170,4220.0,120,,soft seating to relax with family and guests,"living-room, relaxing, guests",TV & media furniture; Tables & desks,Ehlén Johansson,https://www.ikea.com/sa/en/p/norsborg-4-seat-sofa-with-chaise-longues-edum-birch-edum-beige-birch-s19239997/
70343797,NYHAMN - Triple cushion,Sofas & armchairs,4112,175.0,120,,soft seating to relax with family and guests,"living-room, relaxing, guests",TV & media furniture; Tables & desks,IKEA of Sweden/L Hilland,https://www.ikea.com/sa/en/p/nyhamn-triple-cushion-skiftebo-anthracite-dark-grey-70343797/
59279439,VALLENTUNA - Seat module with storage,Sofas & armchairs,15980,680.0,120,,soft seating to relax with family and guests,"living-room, relaxing, guests",TV & media furniture; Tables & desks,IKEA of Sweden/Fredriksson/L Löwenhielm/Hilland,https://www.ikea.com/sa/en/p/vallentuna-seat-module-with-storage-hillared-light-blue-s59279439/
340472,DIHULT - Pouffe,Sofas & armchairs,6169,262.5,120,,soft seating to relax with family and guests,"living-room, relaxing, guests",TV & media furniture; Tables & desks,Gustav Carlberg,https://www.ikea.com/sa/en/p/dihult-pouffe-katorp-natural-00340472/
50363970,"SANDARED - Pouffe, 71 cm",Sofas & armchairs,10458,445.0,120,,soft seating to relax with family and guests,"living-room, relaxing, guests",TV & media furniture; Tables & desks,Synnöve Mork,https://www.ikea.com/sa/en/p/sandared-pouffe-dark-blue-50363970/
79244665,POÄNG - Footstool,Sofas & armchairs,4582,195.0,120,,soft seating to relax with family and guests,"living-room, relaxing, guests",TV & media furniture; Tables & desks,IKEA of Sweden/Noboru Nakamura,https://www.ikea.com/sa/en/p/poaeng-footstool-birch-veneer-knisa-orange-red-orange-s79244665/
10224330,SÖDERHAMN - Footstool cover,Sofas & armchairs,3408,145.0,120,,soft seating to relax with family and guests,"living-room, relaxing, guests",TV & media furniture; Tables & desks,Ola Wihlborg,https://www.ikea.com/sa/en/p/soederhamn-footstool-cover-samsta-dark-grey-10224330/
30292399,"LANDSKRONA - Leg, 15 cm",Sofas & armchairs,2350,100.0,120,,soft seating to relax with family and guests,"living-room, relaxing, guests",TV & media furniture; Tables & desks,IKEA of Sweden,https://www.ikea.com/sa/en/p/landskrona-leg-metal-30292399/
79277632,"LIDHULT - Corner sofa-bed, 6-seat",Sofas & armchairs,225248,9585.0,120,,soft seating to relax with family and guests,"living-room, relaxing, guests",TV & media furniture; Tables & desks,Henrik Preutz/IKEA of Sweden,https://www.ikea.com/sa/en/p/lidhult-corner-sofa-bed-6-seat-with-chaise-longue-lejde-grey-black-s79277632/
49256971,LIDHULT - 3-seat sofa,Sofas & armchairs,68032,2895.0,120,,soft seating to relax with family and guests,"living-room, relaxing, guests",TV & media furniture; Tables & desks,Henrik Preutz,https://www.ikea.com/sa/en/p/lidhult-3-seat-sofa-gassebol-light-beige-s49256971/
50413847,KIVIK - Cover for chaise longue,Sofas & armchairs,5875,250.0,120,,soft seating to relax with family and guests,"living-room, relaxing, guests",TV & media furniture; Tables & desks,Ola Wihlborg,https://www.ikea.com/sa/en/p/kivik-cover-for-chaise-longue-orrsta-red-50413847/
60348917,KIVIK - Cover three-seat sofa,Sofas & armchairs,18682,795.0,120,,soft seating to relax with family and guests,"living-room, relaxing, guests",TV & media furniture; Tables & desks,Ola Wihlborg,https://www.ikea.com/sa/en/p/kivik-cover-three-seat-sofa-hillared-anthracite-60348917/
49285582,VIMLE - 2-seat sofa-bed,Sofas & armchairs,78842,3355.0,120,,soft seating to relax with family and guests,"living-room, relaxing, guests",TV & media furniture; Tables & desks,IKEA of Sweden/Ehlén Johansson,https://www.ikea.com/sa/en/p/vimle-2-seat-sofa-bed-gunnared-beige-s49285582/
19292678,VIMLE - 3-seat sofa-bed,Sofas & armchairs,109158,4645.0,120,,soft seating to relax with family and guests,"living-room, relaxing, guests",TV & media furniture; Tables & desks,IKEA of Sweden/Ehlén Johansson,https://www.ikea.com/sa/en/p/vimle-3-seat-sofa-bed-with-chaise-longue-gunnared-beige-s19292678/
39239816,"NORSBORG - Corner sofa, 5-seat",Sofas & armchairs,129250,5500.0,120,,soft seating to relax with family and guests,"living-room, relaxing, guests",TV & media furniture; Tables & desks,Ehlén Johansson,https://www.ikea.com/sa/en/p/norsborg-corner-sofa-5-seat-with-chaise-longue-edum-birch-edum-bright-green-birch-s39239816/
50468694,"EMTEN - Bath mat, 50x80 cm",Sofas & armchairs,916,39.0,120,,soft seating to relax with family and guests,"living-room, relaxing, guests",TV & media furniture; Tables & desks,IKEA of Sweden,https://www.ikea.com/sa/en/p/emten-bath-mat-dark-brown-50468694/
99241840,NORSBORG - 3-seat section,Sofas & armchairs,39480,1680.0,120,,soft seating to relax with family and guests,"living-room, relaxing, guests",TV & media furniture; Tables & desks,Ehlén Johansson,https://www.ikea.com/sa/en/p/norsborg-3-seat-section-edum-bright-green-metal-s99241840/
30402901,"EKTORP - Cover for corner sofa, 4-seat",Sofas & armchairs,16332,695.0,120,,soft seating to relax with family and guests,"living-room, relaxing, guests",TV & media furniture; Tables & desks,IKEA of Sweden,https://www.ikea.com/sa/en/p/ektorp-cover-for-corner-sofa-4-seat-lingbo-multicolour-30402901/
40446985,GENEVAD - 2-seat sofa,Sofas & armchairs,63380,2697.0,120,,soft seating to relax with family and guests,"living-room, relaxing, guests",TV & media furniture; Tables & desks,IKEA of Sweden,https://www.ikea.com/sa/en/p/genevad-2-seat-sofa-garlinge-dark-brown-40446985/
59285360,VIMLE - Armrest,Sofas & armchairs,4818,205.0,120,,soft seating to relax with family and guests,"living-room, relaxing, guests",TV & media furniture; Tables & desks,Ehlén Johansson,https://www.ikea.com/sa/en/p/vimle-armrest-orrsta-black-blue-s59285360/
39305528,"KIVIK - Corner sofa, 4-seat",Sofas & armchairs,109158,4645.0,120,,soft seating to relax with family and guests,"living-room, relaxing, guests",TV & media furniture; Tables & desks,Ola Wihlborg,https://www.ikea.com/sa/en/p/kivik-corner-sofa-4-seat-skiftebo-dark-grey-s39305528/
10322316,EKTORP - Cover for 3-seat sofa,Sofas & armchairs,15158,645.0,120,,soft seating to relax with family and guests,"living-room, relaxing, guests",TV & media furniture; Tables & desks,IKEA of Sweden,https://www.ikea.com/sa/en/p/ektorp-cover-for-3-seat-sofa-with-chaise-longue-nordvalla-nordvalla-dark-grey-10322316/
89305540,"KIVIK - Corner sofa, 5-seat",Sofas & armchairs,139708,5945.0,120,,soft seating to relax with family and guests,"living-room, relaxing, guests",TV & media furniture; Tables & desks,Ola Wihlborg,https://www.ikea.com/sa/en/p/kivik-corner-sofa-5-seat-with-chaise-longue-skiftebo-dark-grey-s89305540/
99289375,DELAKTIG - 3-seat platform,Sofas & armchairs,60512,2575.0,120,,soft seating to relax with family and guests,"living-room, relaxing, guests",TV & media furniture; Tables & desks,Tom Dixon,https://www.ikea.com/sa/en/p/delaktig-3-seat-platform-gunnared-light-brown-pink-s99289375/
80382608,NORSBORG - Cover for armrest,Sofas & armchairs,3290,140.0,120,,soft seating to relax with family and guests,"living-room, relaxing, guests",TV & media furniture; Tables & desks,"803.826.08 This cover's ability to resist abrasion has been tested to handle 15,000 cycles, which is suitable for furniture that should withstand everyday use in the home.The cover has a lightfastness level of 5 (the ability to resist colour fading) on a scale of 1 to 8. According to industry standards, a lightfastness level of 4 or higher is suitable for home use.",https://www.ikea.com/sa/en/p/norsborg-cover-for-armrest-edum-beige-80382608/
351125,VIMLE - Cover for footstool with storage,Sofas & armchairs,2938,125.0,120,,soft seating to relax with family and guests,"living-room, relaxing, guests",TV & media furniture; Tables & desks,Ehlén Johansson,https://www.ikea.com/sa/en/p/vimle-cover-for-footstool-with-storage-gunnared-medium-grey-00351125/
40399272,GRÖNLID - Cover for footstool,Sofas & armchairs,2232,95.0,120,,soft seating to relax with family and guests,"living-room, relaxing, guests",TV & media furniture; Tables & desks,IKEA of Sweden,https://www.ikea.com/sa/en/p/groenlid-cover-for-footstool-inseros-white-40399272/
80405921,LIDHULT - Cover for armrest,Sofas & armchairs,2350,100.0,120,,soft seating to relax with family and guests,"living-room, relaxing, guests",TV & media furniture; Tables & desks,Henrik Preutz,https://www.ikea.com/sa/en/p/lidhult-cover-for-armrest-gassebol-light-beige-80405921/
79256917,LIDHULT - 2-seat sofa,Sofas & armchairs,63332,2695.0,120,,soft seating to relax with family and guests,"living-room, relaxing, guests",TV & media furniture; Tables & desks,Henrik Preutz,https://www.ikea.com/sa/en/p/lidhult-2-seat-sofa-lejde-grey-black-s79256917/
49192663,FÄRLÖV - Footstool with storage,Sofas & armchairs,14006,596.0,120,,soft seating to relax with family and guests,"living-room, relaxing, guests",TV & media furniture; Tables & desks,Francis Cayouette,https://www.ikea.com/sa/en/p/faerloev-footstool-with-storage-flodafors-white-s49192663/
79279419,VALLENTUNA - Seat module,Sofas & armchairs,15040,640.0,120,,soft seating to relax with family and guests,"living-room, relaxing, guests",TV & media furniture; Tables & desks,Fredriksson/L Löwenhielm/Hilland/IKEA of Sweden,https://www.ikea.com/sa/en/p/vallentuna-seat-module-hillared-light-blue-s79279419/
39149892,LYCKSELE LÖVÅS - Two-seat sofa-bed,Sofas & armchairs,29258,1245.0,120,,soft seating to relax with family and guests,"living-room, relaxing, guests",TV & media furniture; Tables & desks,IKEA of Sweden,https://www.ikea.com/sa/en/p/lycksele-loevas-two-seat-sofa-bed-ebbarp-black-white-s39149892/
50304075,NORSBORG - Cover for 2-seat section,Sofas & armchairs,6580,280.0,120,,soft seating to relax with family and guests,"living-room, relaxing, guests",TV & media furniture; Tables & desks,Ehlén Johansson,https://www.ikea.com/sa/en/p/norsborg-cover-for-2-seat-section-finnsta-white-50304075/
80418117,VALLENTUNA - Cover for seat module,Sofas & armchairs,3760,160.0,120,,soft seating to relax with family and guests,"living-room, relaxing, guests",TV & media furniture; Tables & desks,IKEA of Sweden,https://www.ikea.com/sa/en/p/vallentuna-cover-for-seat-module-hillared-light-blue-80418117/
328347,SÖDERHAMN - Cover for 1-seat section,Sofas & armchairs,8812,375.0,120,,soft seating to relax with family and guests,"living-room, relaxing, guests",TV & media furniture; Tables & desks,Ola Wihlborg,https://www.ikea.com/sa/en/p/soederhamn-cover-for-1-seat-section-finnsta-turquoise-00328347/
79295551,VIMLE - 3-seat sofa,Sofas & armchairs,62628,2665.0,120,,soft seating to relax with family and guests,"living-room, relaxing, guests",TV & media furniture; Tables & desks,Ehlén Johansson,https://www.ikea.com/sa/en/p/vimle-3-seat-sofa-with-headrest-gunnared-medium-grey-s79295551/
79254659,GRÖNLID - Armrest,Sofas & armchairs,4700,200.0,120,,soft seating to relax with family and guests,"living-room, relaxing, guests",TV & media furniture; Tables & desks,Francis Cayouette,https://www.ikea.com/sa/en/p/groenlid-armrest-inseros-white-s79254659/
60403305,EKTORP - Footstool cover,Sofas & armchairs,2350,100.0,120,,soft seating to relax with family and guests,"living-room, relaxing, guests",TV & media furniture; Tables & desks,IKEA of Sweden,https://www.ikea.com/sa/en/p/ektorp-footstool-cover-lingbo-multicolour-60403305/
59259691,DELAKTIG - 3-seat sofa,Sofas & armchairs,91650,3900.0,120,,soft seating to relax with family and guests,"living-room, relaxing, guests",TV & media furniture; Tables & desks,Tom Dixon,https://www.ikea.com/sa/en/p/delaktig-3-seat-sofa-hillared-dark-blue-s59259691/
89278612,"GRÖNLID - Corner sofa-bed, 5-seat",Sofas & armchairs,178835,7610.0,120,,soft seating to relax with family and guests,"living-room, relaxing, guests",TV & media furniture; Tables & desks,IKEA of Sweden/Ehlén Johansson/Francis Cayouette,https://www.ikea.com/sa/en/p/groenlid-corner-sofa-bed-5-seat-with-chaise-longue-sporda-natural-s89278612/
99292047,LIDHULT - 4-seat sofa,Sofas & armchairs,110332,4695.0,120,,soft seating to relax with family and guests,"living-room, relaxing, guests",TV & media furniture; Tables & desks,Henrik Preutz,https://www.ikea.com/sa/en/p/lidhult-4-seat-sofa-with-chaise-longue-gassebol-light-beige-s99292047/
198591,KIVIK - Three-seat sofa,Sofas & armchairs,89300,3800.0,120,,soft seating to relax with family and guests,"living-room, relaxing, guests",TV & media furniture; Tables & desks,Ola Wihlborg,https://www.ikea.com/sa/en/p/kivik-three-seat-sofa-grann-bomstad-black-00198591/
19289987,LIDHULT - Open end section w storage,Sofas & armchairs,16450,700.0,120,,soft seating to relax with family and guests,"living-room, relaxing, guests",TV & media furniture; Tables & desks,Henrik Preutz,https://www.ikea.com/sa/en/p/lidhult-open-end-section-w-storage-lejde-red-brown-s19289987/
20306231,FÄRLÖV - Cover for 2-seat sofa,Sofas & armchairs,18682,795.0,120,,soft seating to relax with family and guests,"living-room, relaxing, guests",TV & media furniture; Tables & desks,Francis Cayouette,https://www.ikea.com/sa/en/p/faerloev-cover-for-2-seat-sofa-djuparp-yellow-beige-20306231/
80428927,LYCKSELE - Cover for 2-seat sofa-bed,Sofas & armchairs,8225,350.0,120,,soft seating to relax with family and guests,"living-room, relaxing, guests",TV & media furniture; Tables & desks,"804.289.27 The cover is easy to keep clean as it is removable and can be machine washed.This cover's ability to resist abrasion has been tested to handle 20,000 cycles. A cover that withstands 15,000 cycles or more is suitable for furniture that should withstand everyday use in the home.The cover has a lightfastness level of 5 (the ability to resist colour fading) on a scale of 1 to 8. According to industry standards, a lightfastness level of 4 or higher is suitable for home use.This product is an extra cover. Sofa is sold separately.",https://www.ikea.com/sa/en/p/lycksele-cover-for-2-seat-sofa-bed-vallarum-cerise-80428927/
39181245,POÄNG - Footstool,Sofas & armchairs,5758,245.0,120,,soft seating to relax with family and guests,"living-room, relaxing, guests",TV & media furniture; Tables & desks,Noboru Nakamura,https://www.ikea.com/sa/en/p/poaeng-footstool-black-brown-vislanda-black-white-s39181245/
10336182,BRÅTHULT - Cover for 3-seat sofa,Sofas & armchairs,5875,250.0,120,,soft seating to relax with family and guests,"living-room, relaxing, guests",TV & media furniture; Tables & desks,Lisa Hilland,https://www.ikea.com/sa/en/p/brathult-cover-for-3-seat-sofa-vissle-red-orange-10336182/
19278502,GRÖNLID - 3-seat sofa-bed,Sofas & armchairs,118440,5040.0,120,,soft seating to relax with family and guests,"living-room, relaxing, guests",TV & media furniture; Tables & desks,IKEA of Sweden/Francis Cayouette/Ehlén Johansson,https://www.ikea.com/sa/en/p/groenlid-3-seat-sofa-bed-with-chaise-longue-ljungen-light-green-s19278502/
49252949,"KIVIK - U-shaped sofa, 6 seat",Sofas & armchairs,162032,6895.0,120,,soft seating to relax with family and guests,"living-room, relaxing, guests",TV & media furniture; Tables & desks,Ola Wihlborg,https://www.ikea.com/sa/en/p/kivik-u-shaped-sofa-6-seat-orrsta-red-s49252949/
59270354,LANDSKRONA - 4-seat sofa,Sofas & armchairs,140882,5995.0,120,,soft seating to relax with family and guests,"living-room, relaxing, guests",TV & media furniture; Tables & desks,Tord Björklund/IKEA of Sweden,https://www.ikea.com/sa/en/p/landskrona-4-seat-sofa-with-chaise-longue-grann-bomstad-golden-brown-metal-s59270354/
69285294,"VIMLE - U-shaped sofa, 6 seat",Sofas & armchairs,197282,8395.0,120,,soft seating to relax with family and guests,"living-room, relaxing, guests",TV & media furniture; Tables & desks,Ehlén Johansson,https://www.ikea.com/sa/en/p/vimle-u-shaped-sofa-6-seat-with-open-end-tallmyra-black-grey-s69285294/
30417870,VALLENTUNA - Cover for seat module with storage,Sofas & armchairs,2726,116.0,120,,soft seating to relax with family and guests,"living-room, relaxing, guests",TV & media furniture; Tables & desks,IKEA of Sweden,https://www.ikea.com/sa/en/p/vallentuna-cover-for-seat-module-with-storage-orrsta-olive-green-30417870/
40417695,"VALLENTUNA - Backrest, 80x80 cm",Sofas & armchairs,7050,300.0,120,,soft seating to relax with family and guests,"living-room, relaxing, guests",TV & media furniture; Tables & desks,Ehlén Johansson,https://www.ikea.com/sa/en/p/vallentuna-backrest-murum-white-40417695/
9299661,"VIMLE - Corner sofa, 4-seat",Sofas & armchairs,112918,4805.0,120,,soft seating to relax with family and guests,"living-room, relaxing, guests",TV & media furniture; Tables & desks,Ehlén Johansson,https://www.ikea.com/sa/en/p/vimle-corner-sofa-4-seat-with-open-end-dalstorp-multicolour-s09299661/
80454493,SÖDERHAMN - Corner section cover,Sofas & armchairs,10575,450.0,120,,soft seating to relax with family and guests,"living-room, relaxing, guests",TV & media furniture; Tables & desks,Ola Wihlborg,https://www.ikea.com/sa/en/p/soederhamn-corner-section-cover-viarp-beige-brown-80454493/
10328276,SÖDERHAMN - Cover for chaise longue,Sofas & armchairs,5875,250.0,120,,soft seating to relax with family and guests,"living-room, relaxing, guests",TV & media furniture; Tables & desks,Ola Wihlborg,https://www.ikea.com/sa/en/p/soederhamn-cover-for-chaise-longue-samsta-light-pink-10328276/
20396255,GRÖNLID - Cover for 1-seat section,Sofas & armchairs,3408,145.0,120,,soft seating to relax with family and guests,"living-room, relaxing, guests",TV & media furniture; Tables & desks,Francis Cayouette,https://www.ikea.com/sa/en/p/groenlid-cover-for-1-seat-section-inseros-white-20396255/
20396260,GRÖNLID - Cover for corner section,Sofas & armchairs,3995,170.0,120,,soft seating to relax with family and guests,"living-room, relaxing, guests",TV & media furniture; Tables & desks,Francis Cayouette,https://www.ikea.com/sa/en/p/groenlid-cover-for-corner-section-inseros-white-20396260/
29278115,GRÖNLID - 2-seat sofa-bed,Sofas & armchairs,84482,3595.0,120,,soft seating to relax with family and guests,"living-room, relaxing, guests",TV & media furniture; Tables & desks,IKEA of Sweden/Ehlén Johansson/Francis Cayouette,https://www.ikea.com/sa/en/p/groenlid-2-seat-sofa-bed-ljungen-medium-grey-s29278115/
39306368,NYHAMN - 3-seat sofa-bed,Sofas & armchairs,28082,1195.0,120,,soft seating to relax with family and guests,"living-room, relaxing, guests",TV & media furniture; Tables & desks,IKEA of Sweden/L Hilland,https://www.ikea.com/sa/en/p/nyhamn-3-seat-sofa-bed-with-foam-mattress-knisa-grey-beige-s39306368/
60426509,"DELAKTIG - Cover for seat cushion, 3-seat sofa",Sofas & armchairs,5288,225.0,120,,soft seating to relax with family and guests,"living-room, relaxing, guests",TV & media furniture; Tables & desks,Tom Dixon,https://www.ikea.com/sa/en/p/delaktig-cover-for-seat-cushion-3-seat-sofa-gunnared-medium-grey-60426509/
39817883,POÄNG - Footstool,Sofas & armchairs,6462,275.0,120,,soft seating to relax with family and guests,"living-room, relaxing, guests",TV & media furniture; Tables & desks,Noboru Nakamura,https://www.ikea.com/sa/en/p/poaeng-footstool-black-brown-smidig-black-s39817883/
89248192,KUNGSHAMN - Footstool module,Sofas & armchairs,7050,300.0,120,,soft seating to relax with family and guests,"living-room, relaxing, guests",TV & media furniture; Tables & desks,Mikael Axelsson,https://www.ikea.com/sa/en/p/kungshamn-footstool-module-idekulla-beige-s89248192/
79279396,"VALLENTUNA - Back rest, 100x80 cm",Sofas & armchairs,7520,320.0,120,,soft seating to relax with family and guests,"living-room, relaxing, guests",TV & media furniture; Tables & desks,IKEA of Sweden/Fredriksson/L Löwenhielm/Hilland,https://www.ikea.com/sa/en/p/vallentuna-back-rest-hillared-light-blue-s79279396/
30347151,KOARP - Armchair cover,Sofas & armchairs,6580,280.0,120,,soft seating to relax with family and guests,"living-room, relaxing, guests",TV & media furniture; Tables & desks,Ehlén Johansson,https://www.ikea.com/sa/en/p/koarp-armchair-cover-orrsta-light-blue-30347151/
49254774,GRÖNLID - Footstool with storage,Sofas & armchairs,19975,850.0,120,,soft seating to relax with family and guests,"living-room, relaxing, guests",TV & media furniture; Tables & desks,Francis Cayouette,https://www.ikea.com/sa/en/p/groenlid-footstool-with-storage-inseros-white-s49254774/
19105714,NORSBORG - Cover for 4-seat sofa,Sofas & armchairs,23970,1020.0,120,,soft seating to relax with family and guests,"living-room, relaxing, guests",TV & media furniture; Tables & desks,Ehlén Johansson,https://www.ikea.com/sa/en/p/norsborg-cover-for-4-seat-sofa-with-chaise-longues-finnsta-finnsta-white-s19105714/
20397014,GRÖNLID - Cover for footstool with storage,Sofas & armchairs,4700,200.0,120,,soft seating to relax with family and guests,"living-room, relaxing, guests",TV & media furniture; Tables & desks,Francis Cayouette,https://www.ikea.com/sa/en/p/groenlid-cover-for-footstool-with-storage-ljungen-dark-red-20397014/
29277960,"VALLENTUNA - Modular corner sofa, 3-seat",Sofas & armchairs,108194,4604.0,120,,soft seating to relax with family and guests,"living-room, relaxing, guests",TV & media furniture; Tables & desks,Fredriksson/L Löwenhielm/Hilland,https://www.ikea.com/sa/en/p/vallentuna-modular-corner-sofa-3-seat-with-storage-orrsta-light-grey-s29277960/
404360,LIDHULT - Cover for 2-seat section,Sofas & armchairs,11632,495.0,120,,soft seating to relax with family and guests,"living-room, relaxing, guests",TV & media furniture; Tables & desks,Henrik Preutz,https://www.ikea.com/sa/en/p/lidhult-cover-for-2-seat-section-gassebol-light-beige-00404360/
39256071,GRÖNLID - 4-seat sofa,Sofas & armchairs,114328,4865.0,120,,soft seating to relax with family and guests,"living-room, relaxing, guests",TV & media furniture; Tables & desks,Ehlén Johansson/Francis Cayouette,https://www.ikea.com/sa/en/p/groenlid-4-seat-sofa-with-chaise-longues-ljungen-medium-grey-s39256071/
50319859,NOCKEBY - Cover three-seat sofa,Sofas & armchairs,15158,645.0,120,,soft seating to relax with family and guests,"living-room, relaxing, guests",TV & media furniture; Tables & desks,Ola Wihlborg,https://www.ikea.com/sa/en/p/nockeby-cover-three-seat-sofa-tallmyra-rust-50319859/
89259939,DELAKTIG - Backrest with cushion,Sofas & armchairs,6462,275.0,120,,soft seating to relax with family and guests,"living-room, relaxing, guests",TV & media furniture; Tables & desks,Tom Dixon,https://www.ikea.com/sa/en/p/delaktig-backrest-with-cushion-hillared-anthracite-s89259939/
89278080,VALLENTUNA - 4-seat modular sofa w 3 sofa-beds,Sofas & armchairs,187718,7988.0,120,,soft seating to relax with family and guests,"living-room, relaxing, guests",TV & media furniture; Tables & desks,Ehlén Johansson/Fredriksson/L Löwenhielm/Hilland,https://www.ikea.com/sa/en/p/vallentuna-4-seat-modular-sofa-w-3-sofa-beds-and-storage-murum-orrsta-white-light-grey-s89278080/
30394840,DELAKTIG - Cover for backrest/cushion,Sofas & armchairs,1762,75.0,120,,soft seating to relax with family and guests,"living-room, relaxing, guests",TV & media furniture; Tables & desks,Tom Dixon,https://www.ikea.com/sa/en/p/delaktig-cover-for-backrest-cushion-tallmyra-white-black-30394840/
80413921,KIVIK - Cover two-seat sofa,Sofas & armchairs,9282,395.0,120,,soft seating to relax with family and guests,"living-room, relaxing, guests",TV & media furniture; Tables & desks,Ola Wihlborg,https://www.ikea.com/sa/en/p/kivik-cover-two-seat-sofa-orrsta-red-80413921/
90404054,LIDHULT - Cover for 1-seat section,Sofas & armchairs,5758,245.0,120,,soft seating to relax with family and guests,"living-room, relaxing, guests",TV & media furniture; Tables & desks,Henrik Preutz,https://www.ikea.com/sa/en/p/lidhult-cover-for-1-seat-section-gassebol-light-beige-90404054/
79258308,VIMLE - Headrest,Sofas & armchairs,3525,150.0,120,,soft seating to relax with family and guests,"living-room, relaxing, guests",TV & media furniture; Tables & desks,Ehlén Johansson,https://www.ikea.com/sa/en/p/vimle-headrest-gunnared-medium-grey-s79258308/
9279371,VALLENTUNA - Armrest,Sofas & armchairs,5170,220.0,120,,soft seating to relax with family and guests,"living-room, relaxing, guests",TV & media furniture; Tables & desks,Fredriksson/L Löwenhielm/Hilland/IKEA of Sweden,https://www.ikea.com/sa/en/p/vallentuna-armrest-hillared-light-blue-s09279371/
30105901,POÄNG - Armchair cushion,Sofas & armchairs,18448,785.0,120,,soft seating to relax with family and guests,"living-room, relaxing, guests",TV & media furniture; Tables & desks,Noboru Nakamura,https://www.ikea.com/sa/en/p/poaeng-armchair-cushion-glose-robust-eggshell-30105901/
30396797,GRÖNLID - Cover for 3-seat section,Sofas & armchairs,11632,495.0,120,,soft seating to relax with family and guests,"living-room, relaxing, guests",TV & media furniture; Tables & desks,Francis Cayouette,https://www.ikea.com/sa/en/p/groenlid-cover-for-3-seat-section-ljungen-medium-grey-30396797/
59257437,"LIDHULT - Corner sofa, 5-seat",Sofas & armchairs,151340,6440.0,120,,soft seating to relax with family and guests,"living-room, relaxing, guests",TV & media furniture; Tables & desks,Henrik Preutz,https://www.ikea.com/sa/en/p/lidhult-corner-sofa-5-seat-lejde-red-brown-red-brown-s59257437/
70304121,NORSBORG - Cover for corner section,Sofas & armchairs,7520,320.0,120,,soft seating to relax with family and guests,"living-room, relaxing, guests",TV & media furniture; Tables & desks,Ehlén Johansson,https://www.ikea.com/sa/en/p/norsborg-cover-for-corner-section-finnsta-dark-grey-70304121/
409447,VIMLE - Cover for 3-seat section,Sofas & armchairs,16450,700.0,120,,soft seating to relax with family and guests,"living-room, relaxing, guests",TV & media furniture; Tables & desks,Ehlén Johansson,https://www.ikea.com/sa/en/p/vimle-cover-for-3-seat-section-tallmyra-black-grey-00409447/
413538,STOCKSUND - Cover for bench,Sofas & armchairs,7050,300.0,120,,soft seating to relax with family and guests,"living-room, relaxing, guests",TV & media furniture; Tables & desks,"004.135.38 SEGERSTA cover is made of cotton and polyester and is a very durable fabric, with a woven checkered pattern and a soft, smooth surface.This cover’s ability to resist abrasion has been tested to handle 50,000 cycles. 15,000 cycles or more is suitable for furniture used every day at home. Over 30,000 cycles means a good ability to resist abrasion.The cover has a lightfastness level of 5 (the ability to resist colour fading) on a scale of 1 to 8. According to industry standards, a lightfastness level of 4 or higher is suitable for home use.This product is an extra cover. Frame is sold separately.",https://www.ikea.com/sa/en/p/stocksund-cover-for-bench-segersta-multicolour-00413538/
9289884,LIDHULT - 2-seat section,Sofas & armchairs,46882,1995.0,120,,soft seating to relax with family and guests,"living-room, relaxing, guests",TV & media furniture; Tables & desks,Henrik Preutz,https://www.ikea.com/sa/en/p/lidhult-2-seat-section-lejde-grey-black-s09289884/
9293999,VIMLE - Cover for 2-seat sofa-bed,Sofas & armchairs,11632,495.0,120,,soft seating to relax with family and guests,"living-room, relaxing, guests",TV & media furniture; Tables & desks,Ehlén Johansson,https://www.ikea.com/sa/en/p/vimle-cover-for-2-seat-sofa-bed-orrsta-black-blue-s09293999/
19289303,DELAKTIG - Armchair,Sofas & armchairs,55225,2350.0,120,,soft seating to relax with family and guests,"living-room, relaxing, guests",TV & media furniture; Tables & desks,Tom Dixon,https://www.ikea.com/sa/en/p/delaktig-armchair-gunnared-light-brown-pink-s19289303/
29276965,VALLENTUNA - 3-seat modular sofa with sofa-bed,Sofas & armchairs,96726,4116.0,120,,soft seating to relax with family and guests,"living-room, relaxing, guests",TV & media furniture; Tables & desks,Fredriksson/L Löwenhielm/Hilland,https://www.ikea.com/sa/en/p/vallentuna-3-seat-modular-sofa-with-sofa-bed-with-open-end-hillared-dark-grey-s29276965/
29277026,VALLENTUNA - 2-seat modular sofa,Sofas & armchairs,54050,2300.0,120,,soft seating to relax with family and guests,"living-room, relaxing, guests",TV & media furniture; Tables & desks,Fredriksson/L Löwenhielm/Hilland,https://www.ikea.com/sa/en/p/vallentuna-2-seat-modular-sofa-with-storage-orrsta-light-grey-s29277026/
39277894,VALLENTUNA - 3-seat modular sofa,Sofas & armchairs,79618,3388.0,120,,soft seating to relax with family and guests,"living-room, relaxing, guests",TV & media furniture; Tables & desks,Fredriksson/L Löwenhielm/Hilland/IKEA of Sweden,https://www.ikea.com/sa/en/p/vallentuna-3-seat-modular-sofa-with-open-end-and-storage-orrsta-olive-green-s39277894/
39298778,VIMLE - 3-seat sofa-bed,Sofas & armchairs,101168,4305.0,120,,soft seating to relax with family and guests,"living-room, relaxing, guests",TV & media furniture; Tables & desks,Ehlén Johansson/IKEA of Sweden,https://www.ikea.com/sa/en/p/vimle-3-seat-sofa-bed-dalstorp-multicolour-s39298778/
49277978,VALLENTUNA - Modular corner sofa 3-seat+sofa-bed,Sofas & armchairs,124550,5300.0,120,,soft seating to relax with family and guests,"living-room, relaxing, guests",TV & media furniture; Tables & desks,IKEA of Sweden/Fredriksson/L Löwenhielm/Hilland,https://www.ikea.com/sa/en/p/vallentuna-modular-corner-sofa-3-seat-sofa-bed-and-storage-hillared-light-blue-s49277978/
59241597,NORSBORG - Chaise longue section,Sofas & armchairs,30080,1280.0,120,,soft seating to relax with family and guests,"living-room, relaxing, guests",TV & media furniture; Tables & desks,Ehlén Johansson,https://www.ikea.com/sa/en/p/norsborg-chaise-longue-section-edum-bright-green-metal-s59241597/
59285384,VIMLE - Chaise longue section,Sofas & armchairs,30315,1290.0,120,,soft seating to relax with family and guests,"living-room, relaxing, guests",TV & media furniture; Tables & desks,Ehlén Johansson,https://www.ikea.com/sa/en/p/vimle-chaise-longue-section-gunnared-beige-s59285384/
30306221,FÄRLÖV - Cover for 3-seat sofa,Sofas & armchairs,13066,556.0,120,,soft seating to relax with family and guests,"living-room, relaxing, guests",TV & media furniture; Tables & desks,Francis Cayouette,https://www.ikea.com/sa/en/p/faerloev-cover-for-3-seat-sofa-flodafors-white-30306221/
60336194,SANDBACKEN - Cover for corner sofa,Sofas & armchairs,7755,330.0,120,,soft seating to relax with family and guests,"living-room, relaxing, guests",TV & media furniture; Tables & desks,Lisa Hilland,https://www.ikea.com/sa/en/p/sandbacken-cover-for-corner-sofa-lofallet-beige-60336194/
69219505,VIMLE - 2-seat section,Sofas & armchairs,37248,1585.0,120,,soft seating to relax with family and guests,"living-room, relaxing, guests",TV & media furniture; Tables & desks,Ehlén Johansson,https://www.ikea.com/sa/en/p/vimle-2-seat-section-orrsta-black-blue-s69219505/
69259676,DELAKTIG - 2-seat sofa with side table,Sofas & armchairs,72850,3100.0,120,,soft seating to relax with family and guests,"living-room, relaxing, guests",TV & media furniture; Tables & desks,Tom Dixon,https://www.ikea.com/sa/en/p/delaktig-2-seat-sofa-with-side-table-hillared-dark-blue-s69259676/
89272648,LANDSKRONA - 3-seat sofa,Sofas & armchairs,129132,5495.0,120,,soft seating to relax with family and guests,"living-room, relaxing, guests",TV & media furniture; Tables & desks,Tord Björklund/IKEA of Sweden,https://www.ikea.com/sa/en/p/landskrona-3-seat-sofa-with-chaise-longue-grann-bomstad-golden-brown-wood-s89272648/
99257280,"LIDHULT - Corner sofa, 6-seat",Sofas & armchairs,193640,8240.0,120,,soft seating to relax with family and guests,"living-room, relaxing, guests",TV & media furniture; Tables & desks,Henrik Preutz,https://www.ikea.com/sa/en/p/lidhult-corner-sofa-6-seat-with-chaise-longue-lejde-grey-black-s99257280/
99285042,"VIMLE - Corner sofa, 4-seat",Sofas & armchairs,111390,4740.0,120,,soft seating to relax with family and guests,"living-room, relaxing, guests",TV & media furniture; Tables & desks,Ehlén Johansson,https://www.ikea.com/sa/en/p/vimle-corner-sofa-4-seat-orrsta-black-blue-s99285042/
90344507,"STOCKHOLM 2017 - Pouffe, 50x50 cm",Sofas & armchairs,12126,516.0,120,,soft seating to relax with family and guests,"living-room, relaxing, guests",TV & media furniture; Tables & desks,Ola Wihlborg,https://www.ikea.com/sa/en/p/stockholm-2017-pouffe-sandbacka-dark-grey-90344507/
60382628,"NORSBORG - Leg, 18 cm",Sofas & armchairs,1880,80.0,120,,soft seating to relax with family and guests,"living-room, relaxing, guests",TV & media furniture; Tables & desks,603.826.28 These legs in nickel-plated steel give NORSBORG sofa a modern and stylish look.,https://www.ikea.com/sa/en/p/norsborg-leg-metal-60382628/
90409457,VIMLE - Cover for armrest,Sofas & armchairs,2350,100.0,120,,soft seating to relax with family and guests,"living-room, relaxing, guests",TV & media furniture; Tables & desks,Ehlén Johansson,https://www.ikea.com/sa/en/p/vimle-cover-for-armrest-tallmyra-black-grey-90409457/
69193713,KIVIK - Footstool with storage,Sofas & armchairs,16332,695.0,120,,soft seating to relax with family and guests,"living-room, relaxing, guests",TV & media furniture; Tables & desks,Ola Wihlborg,https://www.ikea.com/sa/en/p/kivik-footstool-with-storage-hillared-dark-blue-s69193713/
70304201,NORSBORG - Cover chaise longue section,Sofas & armchairs,6580,280.0,120,,soft seating to relax with family and guests,"living-room, relaxing, guests",TV & media furniture; Tables & desks,Ehlén Johansson,https://www.ikea.com/sa/en/p/norsborg-cover-chaise-longue-section-finnsta-dark-grey-70304201/
50351104,VIMLE - Cover for chaise longue section,Sofas & armchairs,4465,190.0,120,,soft seating to relax with family and guests,"living-room, relaxing, guests",TV & media furniture; Tables & desks,Ehlén Johansson,https://www.ikea.com/sa/en/p/vimle-cover-for-chaise-longue-section-gunnared-medium-grey-50351104/
60289324,STOCKSUND - Legs for bench,Sofas & armchairs,2350,100.0,120,,soft seating to relax with family and guests,"living-room, relaxing, guests",TV & media furniture; Tables & desks,Nike Karlsson,https://www.ikea.com/sa/en/p/stocksund-legs-for-bench-light-brown-60289324/
9219457,VIMLE - 3-seat section,Sofas & armchairs,48292,2055.0,120,,soft seating to relax with family and guests,"living-room, relaxing, guests",TV & media furniture; Tables & desks,Ehlén Johansson,https://www.ikea.com/sa/en/p/vimle-3-seat-section-orrsta-black-blue-s09219457/
49269153,LANDSKRONA - 5-seat sofa,Sofas & armchairs,199632,8495.0,120,,soft seating to relax with family and guests,"living-room, relaxing, guests",TV & media furniture; Tables & desks,IKEA of Sweden/Tord Björklund,https://www.ikea.com/sa/en/p/landskrona-5-seat-sofa-with-chaise-longues-grann-bomstad-golden-brown-metal-s49269153/
10470972,STOCKSUND - Cover for 3-seat sofa,Sofas & armchairs,16332,695.0,120,,soft seating to relax with family and guests,"living-room, relaxing, guests",TV & media furniture; Tables & desks,"104.709.72 LJUNGEN is a hardwearing cover made of a polyester fabric with a soft, velvety surface and a slightly reflective lustre.This product is an extra cover. Sofa is sold separately.This cover’s ability to resist abrasion has been tested to handle 45,000 cycles. 15,000 cycles or more is suitable for furniture used every day at home. Over 30,000 cycles means a good ability to resist abrasion.The cover has a lightfastness level of 5 (the ability to resist colour fading) on a scale of 1 to 8. According to industry standards, a lightfastness level of 4 or higher is suitable for home use.",https://www.ikea.com/sa/en/p/stocksund-cover-for-3-seat-sofa-ljungen-medium-grey-10470972/
60276675,EKENÄS - Footstool,Sofas & armchairs,9282,395.0,120,,soft seating to relax with family and guests,"living-room, relaxing, guests",TV & media furniture; Tables & desks,Ola Wihlborg,https://www.ikea.com/sa/en/p/ekenaes-footstool-hensta-dark-brown-60276675/
89220131,VIMLE - 1-seat section,Sofas & armchairs,19035,810.0,120,,soft seating to relax with family and guests,"living-room, relaxing, guests",TV & media furniture; Tables & desks,Ehlén Johansson,https://www.ikea.com/sa/en/p/vimle-1-seat-section-orrsta-black-blue-s89220131/
9256317,"GRÖNLID - Cover for corner sofa, 3-seat",Sofas & armchairs,21032,895.0,120,,soft seating to relax with family and guests,"living-room, relaxing, guests",TV & media furniture; Tables & desks,Francis Cayouette,https://www.ikea.com/sa/en/p/groenlid-cover-for-corner-sofa-3-seat-with-open-end-ljungen-light-green-s09256317/
19240062,"NORSBORG - Corner sofa, 4-seat",Sofas & armchairs,99170,4220.0,120,,soft seating to relax with family and guests,"living-room, relaxing, guests",TV & media furniture; Tables & desks,Ehlén Johansson,https://www.ikea.com/sa/en/p/norsborg-corner-sofa-4-seat-edum-bright-green-metal-bright-green-s19240062/
19294502,"VIMLE - Corner sofa, 4-seat",Sofas & armchairs,112448,4785.0,120,,soft seating to relax with family and guests,"living-room, relaxing, guests",TV & media furniture; Tables & desks,Ehlén Johansson,https://www.ikea.com/sa/en/p/vimle-corner-sofa-4-seat-with-open-end-with-headrests-orrsta-black-blue-s19294502/
20336252,SANDBACKEN - Cover for 3-seat sofa,Sofas & armchairs,8812,375.0,120,,soft seating to relax with family and guests,"living-room, relaxing, guests",TV & media furniture; Tables & desks,Lisa Hilland,https://www.ikea.com/sa/en/p/sandbacken-cover-for-3-seat-sofa-frillestad-light-grey-20336252/
29257127,LIDHULT - 3-seat sofa,Sofas & armchairs,127558,5428.0,120,,soft seating to relax with family and guests,"living-room, relaxing, guests",TV & media furniture; Tables & desks,Henrik Preutz,https://www.ikea.com/sa/en/p/lidhult-3-seat-sofa-with-chaise-longue-grann-bomstad-dark-brown-s29257127/
30198599,KIVIK - Footstool,Sofas & armchairs,28106,1196.0,120,,soft seating to relax with family and guests,"living-room, relaxing, guests",TV & media furniture; Tables & desks,Ola Wihlborg,https://www.ikea.com/sa/en/p/kivik-footstool-grann-bomstad-black-30198599/
30397080,GRÖNLID - Cover for chaise longue section,Sofas & armchairs,6932,295.0,120,,soft seating to relax with family and guests,"living-room, relaxing, guests",TV & media furniture; Tables & desks,Francis Cayouette,https://www.ikea.com/sa/en/p/groenlid-cover-for-chaise-longue-section-ljungen-light-green-30397080/
70353456,VIMLE - Cover for 1-seat section,Sofas & armchairs,5288,225.0,120,,soft seating to relax with family and guests,"living-room, relaxing, guests",TV & media furniture; Tables & desks,Ehlén Johansson,https://www.ikea.com/sa/en/p/vimle-cover-for-1-seat-section-orrsta-black-blue-70353456/
30306235,FÄRLÖV - Cover for armchair,Sofas & armchairs,9282,395.0,120,,soft seating to relax with family and guests,"living-room, relaxing, guests",TV & media furniture; Tables & desks,Francis Cayouette,https://www.ikea.com/sa/en/p/faerloev-cover-for-armchair-flodafors-beige-30306235/
70397993,GRÖNLID - 1-seat section,Sofas & armchairs,25850,1100.0,120,,soft seating to relax with family and guests,"living-room, relaxing, guests",TV & media furniture; Tables & desks,Francis Cayouette,https://www.ikea.com/sa/en/p/groenlid-1-seat-section-kimstad-dark-brown-70397993/
79149927,LYCKSELE MURBO - Two-seat sofa-bed,Sofas & armchairs,36308,1545.0,120,,soft seating to relax with family and guests,"living-room, relaxing, guests",TV & media furniture; Tables & desks,IKEA of Sweden,https://www.ikea.com/sa/en/p/lycksele-murbo-two-seat-sofa-bed-vallarum-grey-s79149927/
79257016,LIDHULT - 2-seat sofa,Sofas & armchairs,73038,3108.0,120,,soft seating to relax with family and guests,"living-room, relaxing, guests",TV & media furniture; Tables & desks,Henrik Preutz,https://www.ikea.com/sa/en/p/lidhult-2-seat-sofa-grann-bomstad-dark-brown-s79257016/
89140002,NORSBORG - Cover for 4-seat sofa,Sofas & armchairs,21150,900.0,120,,soft seating to relax with family and guests,"living-room, relaxing, guests",TV & media furniture; Tables & desks,Ehlén Johansson,https://www.ikea.com/sa/en/p/norsborg-cover-for-4-seat-sofa-with-chaise-longue-finnsta-finnsta-dark-grey-s89140002/
70405752,LIDHULT - Cover f open end section w storage,Sofas & armchairs,4700,200.0,120,,soft seating to relax with family and guests,"living-room, relaxing, guests",TV & media furniture; Tables & desks,Henrik Preutz,https://www.ikea.com/sa/en/p/lidhult-cover-f-open-end-section-w-storage-gassebol-light-beige-70405752/
80413902,KIVIK - Cover for footstool with storage,Sofas & armchairs,3408,145.0,120,,soft seating to relax with family and guests,"living-room, relaxing, guests",TV & media furniture; Tables & desks,Ola Wihlborg,https://www.ikea.com/sa/en/p/kivik-cover-for-footstool-with-storage-orrsta-red-80413902/
69242073,NORSBORG - 2-seat section,Sofas & armchairs,31960,1360.0,120,,soft seating to relax with family and guests,"living-room, relaxing, guests",TV & media furniture; Tables & desks,Ehlén Johansson,https://www.ikea.com/sa/en/p/norsborg-2-seat-section-finnsta-dark-grey-birch-s69242073/
19290071,LIDHULT - Armrest,Sofas & armchairs,8225,350.0,120,,soft seating to relax with family and guests,"living-room, relaxing, guests",TV & media furniture; Tables & desks,Henrik Preutz,https://www.ikea.com/sa/en/p/lidhult-armrest-lejde-red-brown-s19290071/
70292397,"LANDSKRONA - Leg, 15 cm",Sofas & armchairs,2350,100.0,120,,soft seating to relax with family and guests,"living-room, relaxing, guests",TV & media furniture; Tables & desks,IKEA of Sweden,https://www.ikea.com/sa/en/p/landskrona-leg-wood-70292397/
60396885,GRÖNLID - Cover for 2-seat section,Sofas & armchairs,8812,375.0,120,,soft seating to relax with family and guests,"living-room, relaxing, guests",TV & media furniture; Tables & desks,Francis Cayouette,https://www.ikea.com/sa/en/p/groenlid-cover-for-2-seat-section-ljungen-dark-red-60396885/
9256529,GRÖNLID - Cover for 2-seat sofa,Sofas & armchairs,12808,545.0,120,,soft seating to relax with family and guests,"living-room, relaxing, guests",TV & media furniture; Tables & desks,Francis Cayouette,https://www.ikea.com/sa/en/p/groenlid-cover-for-2-seat-sofa-ljungen-dark-red-s09256529/
9256553,"GRÖNLID - Cover for u-shaped sofa, 6-seat",Sofas & armchairs,39245,1670.0,120,,soft seating to relax with family and guests,"living-room, relaxing, guests",TV & media furniture; Tables & desks,Francis Cayouette,https://www.ikea.com/sa/en/p/groenlid-cover-for-u-shaped-sofa-6-seat-with-open-end-ljungen-dark-red-s09256553/
9276853,"VALLENTUNA - Modular corner sofa, 4 seat",Sofas & armchairs,136206,5796.0,120,,soft seating to relax with family and guests,"living-room, relaxing, guests",TV & media furniture; Tables & desks,Fredriksson/L Löwenhielm/Hilland,https://www.ikea.com/sa/en/p/vallentuna-modular-corner-sofa-4-seat-with-storage-hillared-murum-dark-grey-black-s09276853/
9289370,DELAKTIG - 2-seat platform,Sofas & armchairs,49938,2125.0,120,,soft seating to relax with family and guests,"living-room, relaxing, guests",TV & media furniture; Tables & desks,Tom Dixon,https://www.ikea.com/sa/en/p/delaktig-2-seat-platform-gunnared-light-brown-pink-s09289370/
9299430,VIMLE - Footstool with storage,Sofas & armchairs,18212,775.0,120,,soft seating to relax with family and guests,"living-room, relaxing, guests",TV & media furniture; Tables & desks,Ehlén Johansson,https://www.ikea.com/sa/en/p/vimle-footstool-with-storage-dalstorp-multicolour-s09299430/
19255845,GRÖNLID - Cover for 4-seat sofa,Sofas & armchairs,26672,1135.0,120,,soft seating to relax with family and guests,"living-room, relaxing, guests",TV & media furniture; Tables & desks,Francis Cayouette,https://www.ikea.com/sa/en/p/groenlid-cover-for-4-seat-sofa-with-chaise-longues-sporda-natural-s19255845/
19284857,VIMLE - 3-seat sofa,Sofas & armchairs,59102,2515.0,120,,soft seating to relax with family and guests,"living-room, relaxing, guests",TV & media furniture; Tables & desks,Ehlén Johansson,https://www.ikea.com/sa/en/p/vimle-3-seat-sofa-with-open-end-orrsta-black-blue-s19284857/
19289548,LIDHULT - 1-seat section,Sofas & armchairs,23382,995.0,120,,soft seating to relax with family and guests,"living-room, relaxing, guests",TV & media furniture; Tables & desks,Henrik Preutz,https://www.ikea.com/sa/en/p/lidhult-1-seat-section-gassebol-light-beige-s19289548/
29241933,NORSBORG - Corner section,Sofas & armchairs,30080,1280.0,120,,soft seating to relax with family and guests,"living-room, relaxing, guests",TV & media furniture; Tables & desks,Ehlén Johansson,https://www.ikea.com/sa/en/p/norsborg-corner-section-finnsta-white-metal-s29241933/
29255821,GRÖNLID - Cover for chaise longue,Sofas & armchairs,10928,465.0,120,,soft seating to relax with family and guests,"living-room, relaxing, guests",TV & media furniture; Tables & desks,Francis Cayouette,https://www.ikea.com/sa/en/p/groenlid-cover-for-chaise-longue-sporda-natural-s29255821/
39294134,VIMLE - Cover for 3-seat sofa-bed,Sofas & armchairs,12690,540.0,120,,soft seating to relax with family and guests,"living-room, relaxing, guests",TV & media furniture; Tables & desks,Ehlén Johansson,https://www.ikea.com/sa/en/p/vimle-cover-for-3-seat-sofa-bed-with-open-end-orrsta-black-blue-s39294134/
49277676,VALLENTUNA - 2-seat modular sofa,Sofas & armchairs,63356,2696.0,120,,soft seating to relax with family and guests,"living-room, relaxing, guests",TV & media furniture; Tables & desks,Fredriksson/L Löwenhielm/Hilland/IKEA of Sweden,https://www.ikea.com/sa/en/p/vallentuna-2-seat-modular-sofa-orrsta-olive-green-s49277676/
59256584,GRÖNLID - 2-seat sofa,Sofas & armchairs,58750,2500.0,120,,soft seating to relax with family and guests,"living-room, relaxing, guests",TV & media furniture; Tables & desks,Francis Cayouette,https://www.ikea.com/sa/en/p/groenlid-2-seat-sofa-kimstad-dark-brown-s59256584/
59278557,"GRÖNLID - Corner sofa-bed, 4-seat",Sofas & armchairs,143585,6110.0,120,,soft seating to relax with family and guests,"living-room, relaxing, guests",TV & media furniture; Tables & desks,IKEA of Sweden/Francis Cayouette/Ehlén Johansson,https://www.ikea.com/sa/en/p/groenlid-corner-sofa-bed-4-seat-with-open-end-ljungen-medium-grey-s59278557/
79278919,GRÖNLID - Cover for 3-seat sofa-bed,Sofas & armchairs,23852,1015.0,120,,soft seating to relax with family and guests,"living-room, relaxing, guests",TV & media furniture; Tables & desks,Francis Cayouette,https://www.ikea.com/sa/en/p/groenlid-cover-for-3-seat-sofa-bed-with-chaise-longue-sporda-natural-s79278919/
70410089,VIMLE - Cover for headrest,Sofas & armchairs,1175,50.0,120,,soft seating to relax with family and guests,"living-room, relaxing, guests",TV & media furniture; Tables & desks,Ehlén Johansson,https://www.ikea.com/sa/en/p/vimle-cover-for-headrest-gunnared-medium-grey-70410089/
79279004,"GRÖNLID - Cover for corner sofa-bed, 5-seat",Sofas & armchairs,37835,1610.0,120,,soft seating to relax with family and guests,"living-room, relaxing, guests",TV & media furniture; Tables & desks,Francis Cayouette,https://www.ikea.com/sa/en/p/groenlid-cover-for-corner-sofa-bed-5-seat-with-chaise-longue-ljungen-medium-grey-s79279004/
79305220,VIMLE - Cover for chaise longue,Sofas & armchairs,8225,350.0,120,,soft seating to relax with family and guests,"living-room, relaxing, guests",TV & media furniture; Tables & desks,Ehlén Johansson,https://www.ikea.com/sa/en/p/vimle-cover-for-chaise-longue-gunnared-beige-s79305220/
89256035,GRÖNLID - Chaise longue section,Sofas & armchairs,33958,1445.0,120,,soft seating to relax with family and guests,"living-room, relaxing, guests",TV & media furniture; Tables & desks,Francis Cayouette,https://www.ikea.com/sa/en/p/groenlid-chaise-longue-section-ljungen-medium-grey-s89256035/
80418018,"VALLENTUNA - Cover for backrest, 80x80 cm",Sofas & armchairs,1880,80.0,120,,soft seating to relax with family and guests,"living-room, relaxing, guests",TV & media furniture; Tables & desks,IKEA of Sweden,https://www.ikea.com/sa/en/p/vallentuna-cover-for-backrest-orrsta-olive-green-80418018/
89256511,"GRÖNLID - Cover for corner sofa, 5-seat",Sofas & armchairs,29610,1260.0,120,,soft seating to relax with family and guests,"living-room, relaxing, guests",TV & media furniture; Tables & desks,Francis Cayouette,https://www.ikea.com/sa/en/p/groenlid-cover-for-corner-sofa-5-seat-ljungen-dark-red-s89256511/
99239615,NORSBORG - Cover for 3-seat sofa,Sofas & armchairs,13630,580.0,120,,soft seating to relax with family and guests,"living-room, relaxing, guests",TV & media furniture; Tables & desks,992.396.15 The cover is easy to keep clean as it is removable and can be machine washed.This product is an extra cover. Sofa is sold separately.,https://www.ikea.com/sa/en/p/norsborg-cover-for-3-seat-sofa-edum-with-chaise-longue-edum-bright-green-s99239615/
50255536,RÖDEBY - Armrest tray,Sofas & armchairs,1622,69.0,120,,soft seating to relax with family and guests,"living-room, relaxing, guests",TV & media furniture; Tables & desks,502.555.36 Easy to fold up and easy to move.Fits on flat sofa armrest width from 10 cm to 30 cm.,https://www.ikea.com/sa/en/p/roedeby-armrest-tray-birch-50255536/
382594,NORSBORG - Cover for 3-seat section,Sofas & armchairs,8460,360.0,120,,soft seating to relax with family and guests,"living-room, relaxing, guests",TV & media furniture; Tables & desks,"003.825.94 This cover's ability to resist abrasion has been tested to handle 15,000 cycles, which is suitable for furniture that should withstand everyday use in the home.The cover has a lightfastness level of 5 (the ability to resist colour fading) on a scale of 1 to 8. According to industry standards, a lightfastness level of 4 or higher is suitable for home use.",https://www.ikea.com/sa/en/p/norsborg-cover-for-3-seat-section-edum-bright-green-00382594/
39297458,"FLOTTEBO - Sofa-bed, 120 cm",Sofas & armchairs,50666,2156.0,120,,soft seating to relax with family and guests,"living-room, relaxing, guests",TV & media furniture; Tables & desks,C Halskov/H Dalsgaard,https://www.ikea.com/sa/en/p/flottebo-sofa-bed-gunnared-medium-grey-s39297458/
40399012,GRÖNLID - Cover for armchair,Sofas & armchairs,8225,350.0,120,,soft seating to relax with family and guests,"living-room, relaxing, guests",TV & media furniture; Tables & desks,IKEA of Sweden,https://www.ikea.com/sa/en/p/groenlid-cover-for-armchair-sporda-natural-40399012/
79239635,NORSBORG - Cover for 3-seat sofa,Sofas & armchairs,11750,500.0,120,,soft seating to relax with family and guests,"living-room, relaxing, guests",TV & media furniture; Tables & desks,792.396.35 The cover is easy to keep clean as it is removable and can be machine washed.This product is an extra cover. Sofa is sold separately.,https://www.ikea.com/sa/en/p/norsborg-cover-for-3-seat-sofa-edum-bright-green-s79239635/
99257176,LIDHULT - 3-seat sofa,Sofas & armchairs,105632,4495.0,120,,soft seating to relax with family and guests,"living-room, relaxing, guests",TV & media furniture; Tables & desks,Henrik Preutz,https://www.ikea.com/sa/en/p/lidhult-3-seat-sofa-with-chaise-longue-lejde-red-brown-red-brown-s99257176/
10441734,"FLOTTEBO - Cover sofa-bed, 120 cm",Sofas & armchairs,11186,476.0,120,,soft seating to relax with family and guests,"living-room, relaxing, guests",TV & media furniture; Tables & desks,104.417.34 The cover is easy to keep clean as it is removable and can be machine washed.,https://www.ikea.com/sa/en/p/flottebo-cover-sofa-bed-vissle-dark-grey-10441734/
289317,STOCKSUND - Legs for armchair/sofas,Sofas & armchairs,2350,100.0,120,,soft seating to relax with family and guests,"living-room, relaxing, guests",TV & media furniture; Tables & desks,Nike Karlsson,https://www.ikea.com/sa/en/p/stocksund-legs-for-armchair-sofas-black-00289317/
30351044,VIMLE - Cover for 2-seat section,Sofas & armchairs,12102,515.0,120,,soft seating to relax with family and guests,"living-room, relaxing, guests",TV & media furniture; Tables & desks,Ehlén Johansson,https://www.ikea.com/sa/en/p/vimle-cover-for-2-seat-section-gunnared-medium-grey-30351044/
59829111,POÄNG - Footstool,Sofas & armchairs,8812,375.0,120,,soft seating to relax with family and guests,"living-room, relaxing, guests",TV & media furniture; Tables & desks,Noboru Nakamura,https://www.ikea.com/sa/en/p/poaeng-footstool-birch-veneer-robust-glose-dark-brown-s59829111/
90351084,VIMLE - Cover for corner section,Sofas & armchairs,9988,425.0,120,,soft seating to relax with family and guests,"living-room, relaxing, guests",TV & media furniture; Tables & desks,Ehlén Johansson,https://www.ikea.com/sa/en/p/vimle-cover-for-corner-section-gunnared-medium-grey-90351084/
70306243,FÄRLÖV - Cover for footstool with storage,Sofas & armchairs,4582,195.0,120,,soft seating to relax with family and guests,"living-room, relaxing, guests",TV & media furniture; Tables & desks,Francis Cayouette,https://www.ikea.com/sa/en/p/faerloev-cover-for-footstool-with-storage-flodafors-beige-70306243/
9253639,"VIMLE - Cover for corner sofa, 4-seat",Sofas & armchairs,44650,1900.0,120,,soft seating to relax with family and guests,"living-room, relaxing, guests",TV & media furniture; Tables & desks,Ehlén Johansson,https://www.ikea.com/sa/en/p/vimle-cover-for-corner-sofa-4-seat-with-open-end-tallmyra-black-grey-s09253639/
9277782,VALLENTUNA - 3-seat modular sofa with sofa-bed,Sofas & armchairs,104528,4448.0,120,,soft seating to relax with family and guests,"living-room, relaxing, guests",TV & media furniture; Tables & desks,IKEA of Sweden/Fredriksson/L Löwenhielm/Hilland/Ehlén Johansson,https://www.ikea.com/sa/en/p/vallentuna-3-seat-modular-sofa-with-sofa-bed-and-storage-hillared-murum-light-blue-white-s09277782/
9904706,KIVIK - 4-seat sofa,Sofas & armchairs,150400,6400.0,120,,soft seating to relax with family and guests,"living-room, relaxing, guests",TV & media furniture; Tables & desks,Ola Wihlborg,https://www.ikea.com/sa/en/p/kivik-4-seat-sofa-with-chaise-longue-grann-bomstad-grann-bomstad-black-s09904706/
405133,LIDHULT - Cover for 2-seat sofa-bed section,Sofas & armchairs,8225,350.0,120,,soft seating to relax with family and guests,"living-room, relaxing, guests",TV & media furniture; Tables & desks,Henrik Preutz,https://www.ikea.com/sa/en/p/lidhult-cover-for-2-seat-sofa-bed-section-gassebol-light-beige-00405133/
10405590,LIDHULT - Cover for corner section,Sofas & armchairs,8225,350.0,120,,soft seating to relax with family and guests,"living-room, relaxing, guests",TV & media furniture; Tables & desks,Henrik Preutz,https://www.ikea.com/sa/en/p/lidhult-cover-for-corner-section-gassebol-light-beige-10405590/
19257076,LIDHULT - 2-seat sofa-bed,Sofas & armchairs,94940,4040.0,120,,soft seating to relax with family and guests,"living-room, relaxing, guests",TV & media furniture; Tables & desks,IKEA of Sweden/Henrik Preutz,https://www.ikea.com/sa/en/p/lidhult-2-seat-sofa-bed-lejde-red-brown-red-brown-s19257076/
19289317,DELAKTIG - Armrest with cushion,Sofas & armchairs,6462,275.0,120,,soft seating to relax with family and guests,"living-room, relaxing, guests",TV & media furniture; Tables & desks,Tom Dixon,https://www.ikea.com/sa/en/p/delaktig-armrest-with-cushion-gunnared-light-brown-pink-s19289317/
19289911,LIDHULT - 3-seat section,Sofas & armchairs,51582,2195.0,120,,soft seating to relax with family and guests,"living-room, relaxing, guests",TV & media furniture; Tables & desks,Henrik Preutz,https://www.ikea.com/sa/en/p/lidhult-3-seat-section-gassebol-light-beige-s19289911/
19289925,LIDHULT - Chaise longue section,Sofas & armchairs,42300,1800.0,120,,soft seating to relax with family and guests,"living-room, relaxing, guests",TV & media furniture; Tables & desks,Henrik Preutz,https://www.ikea.com/sa/en/p/lidhult-chaise-longue-section-lejde-grey-black-s19289925/
19294347,"VIMLE - Cover for corner sofa-bed, 5-seat",Sofas & armchairs,54285,2310.0,120,,soft seating to relax with family and guests,"living-room, relaxing, guests",TV & media furniture; Tables & desks,Ehlén Johansson,https://www.ikea.com/sa/en/p/vimle-cover-for-corner-sofa-bed-5-seat-with-chaise-longue-tallmyra-black-grey-s19294347/
10418026,VALLENTUNA - Cover for sofa-bed module,Sofas & armchairs,5640,240.0,120,,soft seating to relax with family and guests,"living-room, relaxing, guests",TV & media furniture; Tables & desks,IKEA of Sweden,https://www.ikea.com/sa/en/p/vallentuna-cover-for-sofa-bed-module-orrsta-olive-green-10418026/
20398754,GRÖNLID - Cover for 2-seat sofa-bed section,Sofas & armchairs,12925,550.0,120,,soft seating to relax with family and guests,"living-room, relaxing, guests",TV & media furniture; Tables & desks,Francis Cayouette,https://www.ikea.com/sa/en/p/groenlid-cover-for-2-seat-sofa-bed-section-sporda-natural-20398754/
29111253,"NORSBORG - Cover for u-shaped sofa, 6-seat",Sofas & armchairs,39010,1660.0,120,,soft seating to relax with family and guests,"living-room, relaxing, guests",TV & media furniture; Tables & desks,Ehlén Johansson,https://www.ikea.com/sa/en/p/norsborg-cover-for-u-shaped-sofa-6-seat-finnsta-dark-grey-s29111253/
29894377,KIVIK - 3-seat sofa,Sofas & armchairs,144760,6160.0,120,,soft seating to relax with family and guests,"living-room, relaxing, guests",TV & media furniture; Tables & desks,Ola Wihlborg,https://www.ikea.com/sa/en/p/kivik-3-seat-sofa-grann-with-chaise-longue-grann-bomstad-bomstad-black-s29894377/
30405853,LIDHULT - Cover for chaise longue section,Sofas & armchairs,12925,550.0,120,,soft seating to relax with family and guests,"living-room, relaxing, guests",TV & media furniture; Tables & desks,Henrik Preutz,https://www.ikea.com/sa/en/p/lidhult-cover-for-chaise-longue-section-gassebol-light-beige-30405853/
30433790,VIMLE - Cover for 2-seat sofa-bed section,Sofas & armchairs,10222,435.0,120,,soft seating to relax with family and guests,"living-room, relaxing, guests",TV & media furniture; Tables & desks,"304.337.90 This cover is made of dope-dyed GUNNARED fabric in polyester. It is a durable fabric with a wool-like feel, a warm look and a two-toned melange effect.The cover is easy to keep clean since it is removable and machine washable.This product is an extra cover. Sofa is sold separately.This cover’s ability to resist abrasion has been tested to handle 50,000 cycles. 15,000 cycles or more is suitable for furniture used every day at home. Over 30,000 cycles means a good ability to resist abrasion.The cover has a lightfastness level of 5 (the ability to resist colour fading) on a scale of 1 to 8. According to industry standards, a lightfastness level of 4 or higher is suitable for home use.",https://www.ikea.com/sa/en/p/vimle-cover-for-2-seat-sofa-bed-section-gunnared-beige-30433790/
39046403,KIVIK - Corner section,Sofas & armchairs,62275,2650.0,120,,soft seating to relax with family and guests,"living-room, relaxing, guests",TV & media furniture; Tables & desks,Ola Wihlborg,https://www.ikea.com/sa/en/p/kivik-corner-section-orrsta-light-grey-s39046403/
39117674,NORSBORG - Cover for chaise longue,Sofas & armchairs,10810,460.0,120,,soft seating to relax with family and guests,"living-room, relaxing, guests",TV & media furniture; Tables & desks,Ehlén Johansson,https://www.ikea.com/sa/en/p/norsborg-cover-for-chaise-longue-finnsta-dark-grey-s39117674/
40336190,BRÅTHULT - Cover for corner sofa,Sofas & armchairs,7168,305.0,120,,soft seating to relax with family and guests,"living-room, relaxing, guests",TV & media furniture; Tables & desks,Lisa Hilland,https://www.ikea.com/sa/en/p/brathult-cover-for-corner-sofa-vissle-red-orange-40336190/
40399267,GRÖNLID - Footstool,Sofas & armchairs,16332,695.0,120,,soft seating to relax with family and guests,"living-room, relaxing, guests",TV & media furniture; Tables & desks,IKEA of Sweden,https://www.ikea.com/sa/en/p/groenlid-footstool-kimstad-dark-brown-40399267/
40405876,LIDHULT - Chaise longue section,Sofas & armchairs,54520,2320.0,120,,soft seating to relax with family and guests,"living-room, relaxing, guests",TV & media furniture; Tables & desks,Henrik Preutz,https://www.ikea.com/sa/en/p/lidhult-chaise-longue-section-grann-bomstad-dark-brown-40405876/
49218267,VIMLE - Cover for 3-seat sofa,Sofas & armchairs,16920,720.0,120,,soft seating to relax with family and guests,"living-room, relaxing, guests",TV & media furniture; Tables & desks,Ehlén Johansson,https://www.ikea.com/sa/en/p/vimle-cover-for-3-seat-sofa-with-open-end-gunnared-beige-s49218267/
49256594,GRÖNLID - 3-seat sofa,Sofas & armchairs,96350,4100.0,120,,soft seating to relax with family and guests,"living-room, relaxing, guests",TV & media furniture; Tables & desks,Francis Cayouette,https://www.ikea.com/sa/en/p/groenlid-3-seat-sofa-with-chaise-longue-kimstad-dark-brown-s49256594/
49270260,"LANDSKRONA - Chaise longue, add-on unit",Sofas & armchairs,42300,1800.0,120,,soft seating to relax with family and guests,"living-room, relaxing, guests",TV & media furniture; Tables & desks,IKEA of Sweden/Tord Björklund,https://www.ikea.com/sa/en/p/landskrona-chaise-longue-add-on-unit-gunnared-light-green-wood-s49270260/
59255706,"GRÖNLID - Corner sofa, 3-seat",Sofas & armchairs,88360,3760.0,120,,soft seating to relax with family and guests,"living-room, relaxing, guests",TV & media furniture; Tables & desks,Francis Cayouette/Ehlén Johansson,https://www.ikea.com/sa/en/p/groenlid-corner-sofa-3-seat-with-open-end-sporda-natural-s59255706/
69218285,VIMLE - Cover for 3-seat sofa,Sofas & armchairs,20328,865.0,120,,soft seating to relax with family and guests,"living-room, relaxing, guests",TV & media furniture; Tables & desks,Ehlén Johansson,https://www.ikea.com/sa/en/p/vimle-cover-for-3-seat-sofa-with-chaise-longue-gunnared-beige-s69218285/
50407021,LIDHULT - Armrest,Sofas & armchairs,8366,356.0,120,,soft seating to relax with family and guests,"living-room, relaxing, guests",TV & media furniture; Tables & desks,Henrik Preutz,https://www.ikea.com/sa/en/p/lidhult-armrest-grann-bomstad-dark-brown-50407021/
69256220,GRÖNLID - 3-seat section,Sofas & armchairs,48058,2045.0,120,,soft seating to relax with family and guests,"living-room, relaxing, guests",TV & media furniture; Tables & desks,Ehlén Johansson/Francis Cayouette,https://www.ikea.com/sa/en/p/groenlid-3-seat-section-ljungen-light-green-s69256220/
69257328,LIDHULT - 4-seat sofa,Sofas & armchairs,147932,6295.0,120,,soft seating to relax with family and guests,"living-room, relaxing, guests",TV & media furniture; Tables & desks,Henrik Preutz,https://www.ikea.com/sa/en/p/lidhult-4-seat-sofa-with-chaise-longues-lejde-grey-black-s69257328/
79217921,"VIMLE - Cover for u-shaped sofa, 6-seat",Sofas & armchairs,44885,1910.0,120,,soft seating to relax with family and guests,"living-room, relaxing, guests",TV & media furniture; Tables & desks,Ehlén Johansson,https://www.ikea.com/sa/en/p/vimle-cover-for-u-shaped-sofa-6-seat-with-open-end-orrsta-black-blue-s79217921/
79256559,"GRÖNLID - Corner sofa, 3-seat",Sofas & armchairs,112800,4800.0,120,,soft seating to relax with family and guests,"living-room, relaxing, guests",TV & media furniture; Tables & desks,Francis Cayouette,https://www.ikea.com/sa/en/p/groenlid-corner-sofa-3-seat-with-open-end-kimstad-dark-brown-s79256559/
89256323,"GRÖNLID - Cover for corner sofa, 4-seat",Sofas & armchairs,26790,1140.0,120,,soft seating to relax with family and guests,"living-room, relaxing, guests",TV & media furniture; Tables & desks,Francis Cayouette,https://www.ikea.com/sa/en/p/groenlid-cover-for-corner-sofa-4-seat-ljungen-light-green-s89256323/
89303428,"VIMLE - Cover for corner sofa, 5-seat",Sofas & armchairs,46765,1990.0,120,,soft seating to relax with family and guests,"living-room, relaxing, guests",TV & media furniture; Tables & desks,Ehlén Johansson,https://www.ikea.com/sa/en/p/vimle-cover-for-corner-sofa-5-seat-with-chaise-longue-dalstorp-multicolour-s89303428/
99277240,GRÖNLID - 2-seat sofa-bed section,Sofas & armchairs,83190,3540.0,120,,soft seating to relax with family and guests,"living-room, relaxing, guests",TV & media furniture; Tables & desks,IKEA of Sweden/Francis Cayouette,https://www.ikea.com/sa/en/p/groenlid-2-seat-sofa-bed-section-kimstad-dark-brown-s99277240/
9186112,"HEMNES - Day-bed w 3 drawers/2 mattresses, 80x200 cm",Sofas & armchairs,51582,2195.0,120,,soft seating to relax with family and guests,"living-room, relaxing, guests",TV & media furniture; Tables & desks,IKEA of Sweden/Carina Bengs,https://www.ikea.com/sa/en/p/hemnes-day-bed-w-3-drawers-2-mattresses-white-malfors-medium-firm-s09186112/
80398633,GRÖNLID - Footstool with storage,Sofas & armchairs,21150,900.0,120,,soft seating to relax with family and guests,"living-room, relaxing, guests",TV & media furniture; Tables & desks,Francis Cayouette,https://www.ikea.com/sa/en/p/groenlid-footstool-with-storage-kimstad-dark-brown-80398633/
9257029,LIDHULT - 3-seat sofa,Sofas & armchairs,91838,3908.0,120,,soft seating to relax with family and guests,"living-room, relaxing, guests",TV & media furniture; Tables & desks,Henrik Preutz,https://www.ikea.com/sa/en/p/lidhult-3-seat-sofa-grann-bomstad-dark-brown-s09257029/
9276004,GRÖNLID - Footstool,Sofas & armchairs,13982,595.0,120,,soft seating to relax with family and guests,"living-room, relaxing, guests",TV & media furniture; Tables & desks,IKEA of Sweden,https://www.ikea.com/sa/en/p/groenlid-footstool-sporda-natural-s09276004/
49256589,GRÖNLID - 3-seat sofa,Sofas & armchairs,63450,2700.0,120,,soft seating to relax with family and guests,"living-room, relaxing, guests",TV & media furniture; Tables & desks,Francis Cayouette,https://www.ikea.com/sa/en/p/groenlid-3-seat-sofa-kimstad-dark-brown-s49256589/
60198588,KIVIK - Two-seat sofa,Sofas & armchairs,83660,3560.0,120,,soft seating to relax with family and guests,"living-room, relaxing, guests",TV & media furniture; Tables & desks,Ola Wihlborg,https://www.ikea.com/sa/en/p/kivik-two-seat-sofa-grann-bomstad-black-60198588/
89256610,"GRÖNLID - U-shaped sofa, 6 seat",Sofas & armchairs,209150,8900.0,120,,soft seating to relax with family and guests,"living-room, relaxing, guests",TV & media furniture; Tables & desks,Francis Cayouette,https://www.ikea.com/sa/en/p/groenlid-u-shaped-sofa-6-seat-with-open-end-kimstad-dark-brown-s89256610/
9217972,"VIMLE - Cover for corner sofa, 5-seat",Sofas & armchairs,32900,1400.0,120,,soft seating to relax with family and guests,"living-room, relaxing, guests",TV & media furniture; Tables & desks,Ehlén Johansson,https://www.ikea.com/sa/en/p/vimle-cover-for-corner-sofa-5-seat-orrsta-black-blue-s09217972/
9218189,"VIMLE - Cover for corner sofa, 4-seat",Sofas & armchairs,37952,1615.0,120,,soft seating to relax with family and guests,"living-room, relaxing, guests",TV & media furniture; Tables & desks,Ehlén Johansson,https://www.ikea.com/sa/en/p/vimle-cover-for-corner-sofa-4-seat-gunnared-medium-grey-s09218189/
9293107,LIDHULT - 2-seat sofa-bed section,Sofas & armchairs,113764,4841.0,120,,soft seating to relax with family and guests,"living-room, relaxing, guests",TV & media furniture; Tables & desks,Henrik Preutz/IKEA of Sweden,https://www.ikea.com/sa/en/p/lidhult-2-seat-sofa-bed-section-grann-bomstad-dark-brown-s09293107/
9307741,GRÖNLID - Cover for 4-seat sofa,Sofas & armchairs,22560,960.0,120,,soft seating to relax with family and guests,"living-room, relaxing, guests",TV & media furniture; Tables & desks,Francis Cayouette,https://www.ikea.com/sa/en/p/groenlid-cover-for-4-seat-sofa-with-chaise-longue-sporda-natural-s09307741/
10052362,POÄNG - Footstool cushion,Sofas & armchairs,3525,150.0,120,,soft seating to relax with family and guests,"living-room, relaxing, guests",TV & media furniture; Tables & desks,Noboru Nakamura,https://www.ikea.com/sa/en/p/poaeng-footstool-cushion-smidig-black-10052362/
19218315,VIMLE - Cover for 4-seat sofa,Sofas & armchairs,21150,900.0,120,,soft seating to relax with family and guests,"living-room, relaxing, guests",TV & media furniture; Tables & desks,Ehlén Johansson,https://www.ikea.com/sa/en/p/vimle-cover-for-4-seat-sofa-with-chaise-longue-gunnared-medium-grey-s19218315/
19278795,GRÖNLID - Cover for 3-seat sofa-bed,Sofas & armchairs,15628,665.0,120,,soft seating to relax with family and guests,"living-room, relaxing, guests",TV & media furniture; Tables & desks,Francis Cayouette,https://www.ikea.com/sa/en/p/groenlid-cover-for-3-seat-sofa-bed-inseros-white-s19278795/
19284796,"VIMLE - Corner sofa, 3-seat",Sofas & armchairs,94235,4010.0,120,,soft seating to relax with family and guests,"living-room, relaxing, guests",TV & media furniture; Tables & desks,Ehlén Johansson,https://www.ikea.com/sa/en/p/vimle-corner-sofa-3-seat-with-open-end-gunnared-beige-s19284796/
19294192,VIMLE - Cover for 3-seat sofa-bed,Sofas & armchairs,16098,685.0,120,,soft seating to relax with family and guests,"living-room, relaxing, guests",TV & media furniture; Tables & desks,Ehlén Johansson,https://www.ikea.com/sa/en/p/vimle-cover-for-3-seat-sofa-bed-with-chaise-longue-orrsta-black-blue-s19294192/
19302328,VIMLE - Cover for 2-seat sofa,Sofas & armchairs,18212,775.0,120,,soft seating to relax with family and guests,"living-room, relaxing, guests",TV & media furniture; Tables & desks,Ehlén Johansson,https://www.ikea.com/sa/en/p/vimle-cover-for-2-seat-sofa-dalstorp-multicolour-s19302328/
29255152,"GRÖNLID - Cover for corner sofa, 5-seat",Sofas & armchairs,24088,1025.0,120,,soft seating to relax with family and guests,"living-room, relaxing, guests",TV & media furniture; Tables & desks,Francis Cayouette,https://www.ikea.com/sa/en/p/groenlid-cover-for-corner-sofa-5-seat-with-chaise-longue-inseros-white-s29255152/
20387939,HOLMSUND - Cover for corner sofa-bed,Sofas & armchairs,12925,550.0,120,,soft seating to relax with family and guests,"living-room, relaxing, guests",TV & media furniture; Tables & desks,K Hagberg/M Hagberg,https://www.ikea.com/sa/en/p/holmsund-cover-for-corner-sofa-bed-orrsta-light-white-grey-20387939/
29256142,GRÖNLID - Cover for 3-seat sofa,Sofas & armchairs,19740,840.0,120,,soft seating to relax with family and guests,"living-room, relaxing, guests",TV & media furniture; Tables & desks,Francis Cayouette,https://www.ikea.com/sa/en/p/groenlid-cover-for-3-seat-sofa-with-chaise-longue-ljungen-medium-grey-s29256142/
29278144,GRÖNLID - 3-seat sofa-bed,Sofas & armchairs,100345,4270.0,120,,soft seating to relax with family and guests,"living-room, relaxing, guests",TV & media furniture; Tables & desks,Francis Cayouette/IKEA of Sweden/Ehlén Johansson,https://www.ikea.com/sa/en/p/groenlid-3-seat-sofa-bed-with-open-end-ljungen-dark-red-s29278144/
29290056,LIDHULT - 2-seat sofa-bed section,Sofas & armchairs,73790,3140.0,120,,soft seating to relax with family and guests,"living-room, relaxing, guests",TV & media furniture; Tables & desks,Henrik Preutz/IKEA of Sweden,https://www.ikea.com/sa/en/p/lidhult-2-seat-sofa-bed-section-gassebol-light-beige-s29290056/
29292442,VIMLE - 3-seat sofa-bed,Sofas & armchairs,91062,3875.0,120,,soft seating to relax with family and guests,"living-room, relaxing, guests",TV & media furniture; Tables & desks,IKEA of Sweden/Ehlén Johansson,https://www.ikea.com/sa/en/p/vimle-3-seat-sofa-bed-with-open-end-gunnared-medium-grey-s29292442/
29303327,VIMLE - Cover for 3-seat sofa-bed,Sofas & armchairs,22560,960.0,120,,soft seating to relax with family and guests,"living-room, relaxing, guests",TV & media furniture; Tables & desks,Ehlén Johansson,https://www.ikea.com/sa/en/p/vimle-cover-for-3-seat-sofa-bed-dalstorp-multicolour-s29303327/
30094592,POÄNG - Footstool cushion,Sofas & armchairs,5875,250.0,120,,soft seating to relax with family and guests,"living-room, relaxing, guests",TV & media furniture; Tables & desks,Noboru Nakamura,https://www.ikea.com/sa/en/p/poaeng-footstool-cushion-glose-robust-dark-brown-30094592/
30397669,GRÖNLID - 3-seat section,Sofas & armchairs,49350,2100.0,120,,soft seating to relax with family and guests,"living-room, relaxing, guests",TV & media furniture; Tables & desks,Francis Cayouette,https://www.ikea.com/sa/en/p/groenlid-3-seat-section-kimstad-dark-brown-30397669/
39257457,"LIDHULT - Corner sofa, 4-seat",Sofas & armchairs,118440,5040.0,120,,soft seating to relax with family and guests,"living-room, relaxing, guests",TV & media furniture; Tables & desks,Henrik Preutz,https://www.ikea.com/sa/en/p/lidhult-corner-sofa-4-seat-gassebol-light-beige-s39257457/
49255170,GRÖNLID - Cover for 3-seat sofa,Sofas & armchairs,8578,365.0,120,,soft seating to relax with family and guests,"living-room, relaxing, guests",TV & media furniture; Tables & desks,Francis Cayouette,https://www.ikea.com/sa/en/p/groenlid-cover-for-3-seat-sofa-inseros-white-s49255170/
49289047,"DELAKTIG - Platform, armchair",Sofas & armchairs,35250,1500.0,120,,soft seating to relax with family and guests,"living-room, relaxing, guests",TV & media furniture; Tables & desks,Tom Dixon,https://www.ikea.com/sa/en/p/delaktig-platform-armchair-gunnared-beige-s49289047/
59218243,"VIMLE - Cover for corner sofa, 3-seat",Sofas & armchairs,30080,1280.0,120,,soft seating to relax with family and guests,"living-room, relaxing, guests",TV & media furniture; Tables & desks,Ehlén Johansson,https://www.ikea.com/sa/en/p/vimle-cover-for-corner-sofa-3-seat-with-open-end-gunnared-medium-grey-s59218243/
59256329,"GRÖNLID - Cover for corner sofa, 4-seat",Sofas & armchairs,25262,1075.0,120,,soft seating to relax with family and guests,"living-room, relaxing, guests",TV & media furniture; Tables & desks,Francis Cayouette,https://www.ikea.com/sa/en/p/groenlid-cover-for-corner-sofa-4-seat-with-open-end-ljungen-light-green-s59256329/
59256579,"GRÖNLID - Corner sofa, 5-seat",Sofas & armchairs,173900,7400.0,120,,soft seating to relax with family and guests,"living-room, relaxing, guests",TV & media furniture; Tables & desks,Francis Cayouette,https://www.ikea.com/sa/en/p/groenlid-corner-sofa-5-seat-with-chaise-longue-kimstad-dark-brown-s59256579/
59278699,GRÖNLID - Cover for 2-seat sofa-bed,Sofas & armchairs,12220,520.0,120,,soft seating to relax with family and guests,"living-room, relaxing, guests",TV & media furniture; Tables & desks,Francis Cayouette,https://www.ikea.com/sa/en/p/groenlid-cover-for-2-seat-sofa-bed-inseros-white-s59278699/
60289319,STOCKSUND - Legs for bench,Sofas & armchairs,2350,100.0,120,,soft seating to relax with family and guests,"living-room, relaxing, guests",TV & media furniture; Tables & desks,Nike Karlsson,https://www.ikea.com/sa/en/p/stocksund-legs-for-bench-black-60289319/
69111190,"NORSBORG - Cover for corner sofa, 5-seat",Sofas & armchairs,28670,1220.0,120,,soft seating to relax with family and guests,"living-room, relaxing, guests",TV & media furniture; Tables & desks,Ehlén Johansson,https://www.ikea.com/sa/en/p/norsborg-cover-for-corner-sofa-5-seat-finnsta-dark-grey-s69111190/
69218068,VIMLE - Cover for 3-seat sofa,Sofas & armchairs,15510,660.0,120,,soft seating to relax with family and guests,"living-room, relaxing, guests",TV & media furniture; Tables & desks,Ehlén Johansson,https://www.ikea.com/sa/en/p/vimle-cover-for-3-seat-sofa-orrsta-black-blue-s69218068/
69256574,"GRÖNLID - Corner sofa, 5-seat",Sofas & armchairs,141000,6000.0,120,,soft seating to relax with family and guests,"living-room, relaxing, guests",TV & media furniture; Tables & desks,Francis Cayouette,https://www.ikea.com/sa/en/p/groenlid-corner-sofa-5-seat-kimstad-dark-brown-s69256574/
60397998,GRÖNLID - Armrest,Sofas & armchairs,7050,300.0,120,,soft seating to relax with family and guests,"living-room, relaxing, guests",TV & media furniture; Tables & desks,Francis Cayouette,https://www.ikea.com/sa/en/p/groenlid-armrest-kimstad-dark-brown-60397998/
69276039,"LIDHULT - Corner sofa, 5-seat",Sofas & armchairs,136535,5810.0,120,,soft seating to relax with family and guests,"living-room, relaxing, guests",TV & media furniture; Tables & desks,Henrik Preutz,https://www.ikea.com/sa/en/p/lidhult-corner-sofa-5-seat-with-open-end-lejde-grey-black-s69276039/
70405064,LIDHULT - Cover for 3-seat section,Sofas & armchairs,19858,845.0,120,,soft seating to relax with family and guests,"living-room, relaxing, guests",TV & media furniture; Tables & desks,Henrik Preutz,https://www.ikea.com/sa/en/p/lidhult-cover-for-3-seat-section-lejde-red-brown-70405064/
79285439,VIMLE - Corner section,Sofas & armchairs,29610,1260.0,120,,soft seating to relax with family and guests,"living-room, relaxing, guests",TV & media furniture; Tables & desks,Ehlén Johansson,https://www.ikea.com/sa/en/p/vimle-corner-section-gunnared-medium-grey-s79285439/
80398628,GRÖNLID - Chaise longue section,Sofas & armchairs,37600,1600.0,120,,soft seating to relax with family and guests,"living-room, relaxing, guests",TV & media furniture; Tables & desks,Francis Cayouette,https://www.ikea.com/sa/en/p/groenlid-chaise-longue-section-kimstad-dark-brown-80398628/
89241614,NORSBORG - Armrest,Sofas & armchairs,7990,340.0,120,,soft seating to relax with family and guests,"living-room, relaxing, guests",TV & media furniture; Tables & desks,Ehlén Johansson,https://www.ikea.com/sa/en/p/norsborg-armrest-edum-bright-green-s89241614/
89256605,GRÖNLID - 4-seat sofa,Sofas & armchairs,133950,5700.0,120,,soft seating to relax with family and guests,"living-room, relaxing, guests",TV & media furniture; Tables & desks,Francis Cayouette,https://www.ikea.com/sa/en/p/groenlid-4-seat-sofa-with-chaise-longues-kimstad-dark-brown-s89256605/
89278754,GRÖNLID - Cover for 3-seat sofa-bed,Sofas & armchairs,19622,835.0,120,,soft seating to relax with family and guests,"living-room, relaxing, guests",TV & media furniture; Tables & desks,Francis Cayouette,https://www.ikea.com/sa/en/p/groenlid-cover-for-3-seat-sofa-bed-with-open-end-ljungen-dark-red-s89278754/
99277754,VALLENTUNA - 3-seat modular sofa,Sofas & armchairs,98042,4172.0,120,,soft seating to relax with family and guests,"living-room, relaxing, guests",TV & media furniture; Tables & desks,Fredriksson/L Löwenhielm/Hilland/IKEA of Sweden,https://www.ikea.com/sa/en/p/vallentuna-3-seat-modular-sofa-with-storage-murum-orrsta-black-olive-green-s99277754/
99278956,"GRÖNLID - Cover for corner sofa-bed, 4-seat",Sofas & armchairs,29375,1250.0,120,,soft seating to relax with family and guests,"living-room, relaxing, guests",TV & media furniture; Tables & desks,Francis Cayouette,https://www.ikea.com/sa/en/p/groenlid-cover-for-corner-sofa-bed-4-seat-with-open-end-ljungen-medium-grey-s99278956/
99292052,LIDHULT - 4-seat sofa,Sofas & armchairs,146358,6228.0,120,,soft seating to relax with family and guests,"living-room, relaxing, guests",TV & media furniture; Tables & desks,Henrik Preutz,https://www.ikea.com/sa/en/p/lidhult-4-seat-sofa-with-chaise-longue-grann-bomstad-dark-brown-s99292052/
10348905,KIVIK - Corner section cover,Sofas & armchairs,22325,950.0,120,,soft seating to relax with family and guests,"living-room, relaxing, guests",TV & media furniture; Tables & desks,Ola Wihlborg,https://www.ikea.com/sa/en/p/kivik-corner-section-cover-hillared-anthracite-10348905/
40284191,NOCKEBY - Legs for 3-seat sofa,Sofas & armchairs,3525,150.0,120,,soft seating to relax with family and guests,"living-room, relaxing, guests",TV & media furniture; Tables & desks,Ola Wihlborg,https://www.ikea.com/sa/en/p/nockeby-legs-for-3-seat-sofa-chrome-plated-40284191/
19289954,LIDHULT - Corner section,Sofas & armchairs,41125,1750.0,120,,soft seating to relax with family and guests,"living-room, relaxing, guests",TV & media furniture; Tables & desks,Henrik Preutz,https://www.ikea.com/sa/en/p/lidhult-corner-section-lejde-red-brown-s19289954/
10321369,HOLMSUND - Three-seat sofa-bed cover,Sofas & armchairs,11632,495.0,120,,soft seating to relax with family and guests,"living-room, relaxing, guests",TV & media furniture; Tables & desks,K Hagberg/M Hagberg,https://www.ikea.com/sa/en/p/holmsund-three-seat-sofa-bed-cover-nordvalla-medium-grey-10321369/
69130037,"FLEKKE - Day-bed w 2 drawers/2 mattresses, 80x200 cm",Sofas & armchairs,48998,2085.0,120,,soft seating to relax with family and guests,"living-room, relaxing, guests",TV & media furniture; Tables & desks,IKEA of Sweden/K Hagberg/M Hagberg,https://www.ikea.com/sa/en/p/flekke-day-bed-w-2-drawers-2-mattresses-black-brown-moshult-firm-s69130037/
79130027,"BRIMNES - Day-bed w 2 drawers/2 mattresses, 80x200 cm",Sofas & armchairs,39598,1685.0,120,,soft seating to relax with family and guests,"living-room, relaxing, guests",TV & media furniture; Tables & desks,K Hagberg/M Hagberg/IKEA of Sweden,https://www.ikea.com/sa/en/p/brimnes-day-bed-w-2-drawers-2-mattresses-white-moshult-firm-s79130027/
89255639,GRÖNLID - Corner section,Sofas & armchairs,24558,1045.0,120,,soft seating to relax with family and guests,"living-room, relaxing, guests",TV & media furniture; Tables & desks,Francis Cayouette/Ehlén Johansson,https://www.ikea.com/sa/en/p/groenlid-corner-section-sporda-natural-s89255639/
90476258,HÄSSELBY - Cover for 3-seat sofa,Sofas & armchairs,6932,295.0,120,,soft seating to relax with family and guests,"living-room, relaxing, guests",TV & media furniture; Tables & desks,904.762.58 The cover is easy to keep clean since it is removable and machine washable.This product is an extra cover. Sofa is sold separately.,https://www.ikea.com/sa/en/p/haesselby-cover-for-3-seat-sofa-knisa-grey-90476258/
10397745,GRÖNLID - 2-seat section,Sofas & armchairs,44650,1900.0,120,,soft seating to relax with family and guests,"living-room, relaxing, guests",TV & media furniture; Tables & desks,Francis Cayouette,https://www.ikea.com/sa/en/p/groenlid-2-seat-section-kimstad-dark-brown-10397745/
19111220,"NORSBORG - Cover for corner sofa, 5-seat",Sofas & armchairs,31490,1340.0,120,,soft seating to relax with family and guests,"living-room, relaxing, guests",TV & media furniture; Tables & desks,Ehlén Johansson,https://www.ikea.com/sa/en/p/norsborg-cover-for-corner-sofa-5-seat-finnsta-with-chaise-longue-finnsta-white-s19111220/
10441729,"FLOTTEBO - Cover sofa-bed, 90 cm",Sofas & armchairs,7426,316.0,120,,soft seating to relax with family and guests,"living-room, relaxing, guests",TV & media furniture; Tables & desks,104.417.29 The cover is easy to keep clean as it is removable and can be machine washed.,https://www.ikea.com/sa/en/p/flottebo-cover-sofa-bed-vissle-purple-10441729/
20405085,LIDHULT - 3-seat section,Sofas & armchairs,75106,3196.0,120,,soft seating to relax with family and guests,"living-room, relaxing, guests",TV & media furniture; Tables & desks,Henrik Preutz,https://www.ikea.com/sa/en/p/lidhult-3-seat-section-grann-bomstad-dark-brown-20405085/
39110917,"NORSBORG - Cover for corner sofa, 4-seat",Sofas & armchairs,24910,1060.0,120,,soft seating to relax with family and guests,"living-room, relaxing, guests",TV & media furniture; Tables & desks,Ehlén Johansson,https://www.ikea.com/sa/en/p/norsborg-cover-for-corner-sofa-4-seat-finnsta-white-s39110917/
49257348,LIDHULT - 4-seat sofa,Sofas & armchairs,182078,7748.0,120,,soft seating to relax with family and guests,"living-room, relaxing, guests",TV & media furniture; Tables & desks,Henrik Preutz,https://www.ikea.com/sa/en/p/lidhult-4-seat-sofa-with-chaise-longues-grann-bomstad-dark-brown-s49257348/
69256569,"GRÖNLID - Corner sofa, 4-seat",Sofas & armchairs,131600,5600.0,120,,soft seating to relax with family and guests,"living-room, relaxing, guests",TV & media furniture; Tables & desks,Francis Cayouette,https://www.ikea.com/sa/en/p/groenlid-corner-sofa-4-seat-with-open-end-kimstad-dark-brown-s69256569/
70404366,LIDHULT - 2-seat section,Sofas & armchairs,56306,2396.0,120,,soft seating to relax with family and guests,"living-room, relaxing, guests",TV & media furniture; Tables & desks,Henrik Preutz,https://www.ikea.com/sa/en/p/lidhult-2-seat-section-grann-bomstad-dark-brown-70404366/
79256564,"GRÖNLID - Corner sofa, 4-seat",Sofas & armchairs,136300,5800.0,120,,soft seating to relax with family and guests,"living-room, relaxing, guests",TV & media furniture; Tables & desks,Francis Cayouette,https://www.ikea.com/sa/en/p/groenlid-corner-sofa-4-seat-kimstad-dark-brown-s79256564/
90398623,GRÖNLID - Corner section,Sofas & armchairs,32900,1400.0,120,,soft seating to relax with family and guests,"living-room, relaxing, guests",TV & media furniture; Tables & desks,Francis Cayouette,https://www.ikea.com/sa/en/p/groenlid-corner-section-kimstad-dark-brown-90398623/
19011777,"MELLTORP - Table, 125x75 cm",Tables & desks,4676,199.0,60,,"a steady surface for meals, work or study","dining, home-office, long-hours",Chairs; Cabinets & cupboards,Lisa Norinder,https://www.ikea.com/sa/en/p/melltorp-table-white-s19011777/
70466496,"LJUV - Coffee table, 60x52 cm",Tables & desks,5758,245.0,60,,"a steady surface for meals, work or study","dining, home-office, long-hours",Chairs; Cabinets & cupboards,Nada Debs,https://www.ikea.com/sa/en/p/ljuv-coffee-table-hexagonal-gold-colour-pink-70466496/
60214159,"MALM - Desk, 140x65 cm",Tables & desks,11162,475.0,60,,"a steady surface for meals, work or study","dining, home-office, long-hours",Chairs; Cabinets & cupboards,"602.141.59 You can collect cables and extension leads on the shelf under the table top, so they’re hidden but still close at hand.Can be placed in the middle of a room because the back is finished.You can mount the storage unit to the right or left, according to your space or preference. Combines with other furniture in the MALM series.May be completed with SUMMERA drawer insert with 6 compartments to create order in the drawer.",https://www.ikea.com/sa/en/p/malm-desk-white-60214159/
59133593,"LINNMON / ADILS - Corner table, 120x120 cm",Tables & desks,6345,270.0,60,,"a steady surface for meals, work or study","dining, home-office, long-hours",Chairs; Cabinets & cupboards,Jon Karlsson,https://www.ikea.com/sa/en/p/linnmon-adils-corner-table-black-brown-blue-s59133593/
19216694,"SKÅDIS - Pegboard combination, 36x56 cm",Tables & desks,1880,80.0,60,,"a steady surface for meals, work or study","dining, home-office, long-hours",Chairs; Cabinets & cupboards,Eva Lilja Löwenhielm,https://www.ikea.com/sa/en/p/skadis-pegboard-combination-white-s19216694/
50411990,"GLADOM - Tray table, 45x53 cm",Tables & desks,1386,59.0,60,,"a steady surface for meals, work or study","dining, home-office, long-hours",Chairs; Cabinets & cupboards,Chenyi Ke,https://www.ikea.com/sa/en/p/gladom-tray-table-black-50411990/
90449905,"LACK - Coffee table, 90x55 cm",Tables & desks,2092,89.0,60,,"a steady surface for meals, work or study","dining, home-office, long-hours",Chairs; Cabinets & cupboards,IKEA of Sweden,https://www.ikea.com/sa/en/p/lack-coffee-table-white-90449905/
10203610,"MALM - Dressing table, 120x41 cm",Tables & desks,8812,375.0,60,,"a steady surface for meals, work or study","dining, home-office, long-hours",Chairs; Cabinets & cupboards,Eva Lilja Löwenhielm,https://www.ikea.com/sa/en/p/malm-dressing-table-white-10203610/
30449908,"LACK - Side table, 55x55 cm",Tables & desks,705,30.0,60,,"a steady surface for meals, work or study","dining, home-office, long-hours",Chairs; Cabinets & cupboards,IKEA of Sweden,https://www.ikea.com/sa/en/p/lack-side-table-white-30449908/
79214159,"LINNMON / ADILS - Table, 120x60 cm",Tables & desks,2608,111.0,60,,"a steady surface for meals, work or study","dining, home-office, long-hours",Chairs; Cabinets & cupboards,IKEA of Sweden,https://www.ikea.com/sa/en/p/linnmon-adils-table-beige-s79214159/
433895,"LINDVED - Side table, 50x68 cm",Tables & desks,1998,85.0,60,,"a steady surface for meals, work or study","dining, home-office, long-hours",Chairs; Cabinets & cupboards,Ehlén Johansson,https://www.ikea.com/sa/en/p/lindved-side-table-white-00433895/
80213309,"VITTSJÖ - Coffee table, 75 cm",Tables & desks,4206,179.0,60,,"a steady surface for meals, work or study","dining, home-office, long-hours",Chairs; Cabinets & cupboards,Johan Kroon,https://www.ikea.com/sa/en/p/vittsjoe-coffee-table-black-brown-glass-80213309/
30381183,"KNARREVIK - Bedside table, 37x28 cm",Tables & desks,916,39.0,60,,"a steady surface for meals, work or study","dining, home-office, long-hours",Chairs; Cabinets & cupboards,IKEA of Sweden,https://www.ikea.com/sa/en/p/knarrevik-bedside-table-black-30381183/
80449901,"LACK - Coffee table, 118x78 cm",Tables & desks,3502,149.0,60,,"a steady surface for meals, work or study","dining, home-office, long-hours",Chairs; Cabinets & cupboards,IKEA of Sweden,https://www.ikea.com/sa/en/p/lack-coffee-table-white-80449901/
80221352,"VITTSJÖ - Laptop table, 100x36 cm",Tables & desks,3736,159.0,60,,"a steady surface for meals, work or study","dining, home-office, long-hours",Chairs; Cabinets & cupboards,Johan Kroon,https://www.ikea.com/sa/en/p/vittsjoe-laptop-table-black-brown-glass-80221352/
99000483,"TÄRENDÖ - Table, 110x67 cm",Tables & desks,2938,125.0,60,,"a steady surface for meals, work or study","dining, home-office, long-hours",Chairs; Cabinets & cupboards,K Hagberg/M Hagberg,https://www.ikea.com/sa/en/p/taerendoe-table-black-s99000483/
250249,"VITTSJÖ - Laptop stand, 35x65 cm",Tables & desks,3032,129.0,60,,"a steady surface for meals, work or study","dining, home-office, long-hours",Chairs; Cabinets & cupboards,Johan Kroon,https://www.ikea.com/sa/en/p/vittsjoe-laptop-stand-black-brown-glass-00250249/
49047119,"LINNMON / ALEX - Table, 120x60 cm",Tables & desks,10810,460.0,60,,"a steady surface for meals, work or study","dining, home-office, long-hours",Chairs; Cabinets & cupboards,Johanna Asshoff/IKEA of Sweden,https://www.ikea.com/sa/en/p/linnmon-alex-table-white-s49047119/
50322239,"KVISTBRO - Storage table, 61 cm",Tables & desks,4582,195.0,60,,"a steady surface for meals, work or study","dining, home-office, long-hours",Chairs; Cabinets & cupboards,Francis Cayouette,https://www.ikea.com/sa/en/p/kvistbro-storage-table-white-50322239/
29932181,"LINNMON / ADILS - Table, 100x60 cm",Tables & desks,2796,119.0,60,,"a steady surface for meals, work or study","dining, home-office, long-hours",Chairs; Cabinets & cupboards,IKEA of Sweden,https://www.ikea.com/sa/en/p/linnmon-adils-table-white-s29932181/
90278277,"LILLÅSEN - Desk, 102x49 cm",Tables & desks,14688,625.0,60,,"a steady surface for meals, work or study","dining, home-office, long-hours",Chairs; Cabinets & cupboards,Mikael Axelsson,https://www.ikea.com/sa/en/p/lillasen-desk-bamboo-90278277/
50434307,LUBBAN - Trolley table with storage,Tables & desks,6462,275.0,60,,"a steady surface for meals, work or study","dining, home-office, long-hours",Chairs; Cabinets & cupboards,A Fredriksson/J Hultqvist/W Chong,https://www.ikea.com/sa/en/p/lubban-trolley-table-with-storage-rattan-anthracite-50434307/
30413495,"HEMNES - Coffee table, 90x90 cm",Tables & desks,11632,495.0,60,,"a steady surface for meals, work or study","dining, home-office, long-hours",Chairs; Cabinets & cupboards,Carina Bengs,https://www.ikea.com/sa/en/p/hemnes-coffee-table-white-stain-light-brown-30413495/
39932562,"LINNMON / ADILS - Table, 120x60 cm",Tables & desks,3408,145.0,60,,"a steady surface for meals, work or study","dining, home-office, long-hours",Chairs; Cabinets & cupboards,IKEA of Sweden,https://www.ikea.com/sa/en/p/linnmon-adils-table-black-brown-black-s39932562/
59000705,"LINNMON / LERBERG - Table, 120x60 cm",Tables & desks,4112,175.0,60,,"a steady surface for meals, work or study","dining, home-office, long-hours",Chairs; Cabinets & cupboards,IKEA of Sweden,https://www.ikea.com/sa/en/p/linnmon-lerberg-table-black-brown-grey-s59000705/
90214308,"MICKE - Desk, 142x50 cm",Tables & desks,9282,395.0,60,,"a steady surface for meals, work or study","dining, home-office, long-hours",Chairs; Cabinets & cupboards,Henrik Preutz,https://www.ikea.com/sa/en/p/micke-desk-white-90214308/
20382932,"RÅSKOG - Trolley, 35x45x78 cm",Tables & desks,4442,189.0,60,,"a steady surface for meals, work or study","dining, home-office, long-hours",Chairs; Cabinets & cupboards,Nike Karlsson,https://www.ikea.com/sa/en/p/raskog-trolley-white-20382932/
90471519,"GLADOM - Coffee table, 73x41 cm",Tables & desks,4582,195.0,60,,"a steady surface for meals, work or study","dining, home-office, long-hours",Chairs; Cabinets & cupboards,Chenyi Ke,https://www.ikea.com/sa/en/p/gladom-coffee-table-white-90471519/
70335486,"FJÄLLBO - Coffee table, 90x46 cm",Tables & desks,6932,295.0,60,,"a steady surface for meals, work or study","dining, home-office, long-hours",Chairs; Cabinets & cupboards,Johan Kroon,https://www.ikea.com/sa/en/p/fjaellbo-coffee-table-black-70335486/
80215332,"VITTSJÖ - Nest of tables, set of 2, 90x50 cm",Tables & desks,5852,249.0,60,,"a steady surface for meals, work or study","dining, home-office, long-hours",Chairs; Cabinets & cupboards,Johan Kroon,https://www.ikea.com/sa/en/p/vittsjoe-nest-of-tables-set-of-2-black-brown-glass-80215332/
50087072,"LIATORP - Coffee table, 93x93 cm",Tables & desks,15158,645.0,60,,"a steady surface for meals, work or study","dining, home-office, long-hours",Chairs; Cabinets & cupboards,Carina Bengs,https://www.ikea.com/sa/en/p/liatorp-coffee-table-white-glass-50087072/
29214213,"LINNMON / GODVIN - Table, 120x60 cm",Tables & desks,4348,185.0,60,,"a steady surface for meals, work or study","dining, home-office, long-hours",Chairs; Cabinets & cupboards,IKEA of Sweden,https://www.ikea.com/sa/en/p/linnmon-godvin-table-white-white-stained-oak-effect-white-s29214213/
50244741,"MICKE - Corner workstation, 100x142 cm",Tables & desks,16215,690.0,60,,"a steady surface for meals, work or study","dining, home-office, long-hours",Chairs; Cabinets & cupboards,Henrik Preutz,https://www.ikea.com/sa/en/p/micke-corner-workstation-black-brown-50244741/
50351175,"GRANBODA - Nest of tables, set of 3",Tables & desks,6932,295.0,60,,"a steady surface for meals, work or study","dining, home-office, long-hours",Chairs; Cabinets & cupboards,Jonas Hultqvist,https://www.ikea.com/sa/en/p/granboda-nest-of-tables-set-of-3-50351175/
50161321,"HOL - Storage table, 98x50 cm",Tables & desks,9282,395.0,60,,"a steady surface for meals, work or study","dining, home-office, long-hours",Chairs; Cabinets & cupboards,IKEA of Sweden,https://www.ikea.com/sa/en/p/hol-storage-table-acacia-50161321/
39011781,"MELLTORP - Table, 75x75 cm",Tables & desks,2326,99.0,60,,"a steady surface for meals, work or study","dining, home-office, long-hours",Chairs; Cabinets & cupboards,Lisa Norinder,https://www.ikea.com/sa/en/p/melltorp-table-white-s39011781/
10457999,BERGENES - Holder for mobile phone/tablet,Tables & desks,212,9.0,60,,"a steady surface for meals, work or study","dining, home-office, long-hours",Chairs; Cabinets & cupboards,IKEA of Sweden,https://www.ikea.com/sa/en/p/bergenes-holder-for-mobile-phone-tablet-bamboo-10457999/
29304020,"LINNMON / ALEX - Table, 200x60 cm",Tables & desks,21855,930.0,60,,"a steady surface for meals, work or study","dining, home-office, long-hours",Chairs; Cabinets & cupboards,IKEA of Sweden/Johanna Asshoff,https://www.ikea.com/sa/en/p/linnmon-alex-table-black-brown-blue-s29304020/
10432193,"LACK - Glass top, 55x55 cm",Tables & desks,682,29.0,60,,"a steady surface for meals, work or study","dining, home-office, long-hours",Chairs; Cabinets & cupboards,104.321.93 The tabletop in tempered glass is stain resistant and easy to clean.Handle with care! A damaged edge or scratched surface can cause the glass to suddenly crack or break. Avoid bumps from the side - this is where the glass is most vulnerable.Safety fittings included.,https://www.ikea.com/sa/en/p/lack-glass-top-marble-effect-black-10432193/
30339735,"FJÄLLBO - Laptop table, 100x36 cm",Tables & desks,6932,295.0,60,,"a steady surface for meals, work or study","dining, home-office, long-hours",Chairs; Cabinets & cupboards,Johan Kroon,https://www.ikea.com/sa/en/p/fjaellbo-laptop-table-black-30339735/
90442824,"LOMMARP - Desk, 90x54 cm",Tables & desks,12808,545.0,60,,"a steady surface for meals, work or study","dining, home-office, long-hours",Chairs; Cabinets & cupboards,Francis Cayouette,https://www.ikea.com/sa/en/p/lommarp-desk-light-beige-90442824/
60466500,"LJUV - Tray table, 65x32 cm",Tables & desks,5758,245.0,60,,"a steady surface for meals, work or study","dining, home-office, long-hours",Chairs; Cabinets & cupboards,Nada Debs,https://www.ikea.com/sa/en/p/ljuv-tray-table-gold-colour-black-60466500/
60428344,"FREKVENS - Side table, 66x32 cm",Tables & desks,2385,101.5,60,,"a steady surface for meals, work or study","dining, home-office, long-hours",Chairs; Cabinets & cupboards,Jon Karlsson,https://www.ikea.com/sa/en/p/frekvens-side-table-black-60428344/
70239710,"STOCKHOLM - Coffee table, 180x59 cm",Tables & desks,23382,995.0,60,,"a steady surface for meals, work or study","dining, home-office, long-hours",Chairs; Cabinets & cupboards,Ola Wihlborg,https://www.ikea.com/sa/en/p/stockholm-coffee-table-walnut-veneer-70239710/
20260718,"ALEX - Add-on unit, 120x10 cm",Tables & desks,4700,200.0,60,,"a steady surface for meals, work or study","dining, home-office, long-hours",Chairs; Cabinets & cupboards,Johanna Asshoff,https://www.ikea.com/sa/en/p/alex-add-on-unit-white-20260718/
39932699,"LINNMON / ALEX - Table, 150x75 cm",Tables & desks,12925,550.0,60,,"a steady surface for meals, work or study","dining, home-office, long-hours",Chairs; Cabinets & cupboards,IKEA of Sweden/Johanna Asshoff,https://www.ikea.com/sa/en/p/linnmon-alex-table-white-s39932699/
30374413,"HEMNES - Dressing table with mirror, 100x50 cm",Tables & desks,13982,595.0,60,,"a steady surface for meals, work or study","dining, home-office, long-hours",Chairs; Cabinets & cupboards,Carina Bengs,https://www.ikea.com/sa/en/p/hemnes-dressing-table-with-mirror-white-30374413/
49001965,"LINNMON / ADILS - Table, 200x60 cm",Tables & desks,7050,300.0,60,,"a steady surface for meals, work or study","dining, home-office, long-hours",Chairs; Cabinets & cupboards,IKEA of Sweden,https://www.ikea.com/sa/en/p/linnmon-adils-table-black-brown-black-s49001965/
90409607,"ALEX - Desk, 131x60 cm",Tables & desks,18682,795.0,60,,"a steady surface for meals, work or study","dining, home-office, long-hours",Chairs; Cabinets & cupboards,Johanna Asshoff,https://www.ikea.com/sa/en/p/alex-desk-blue-90409607/
60340389,"BURVIK - Side table, 38 cm",Tables & desks,3032,129.0,60,,"a steady surface for meals, work or study","dining, home-office, long-hours",Chairs; Cabinets & cupboards,Mikael Axelsson,https://www.ikea.com/sa/en/p/burvik-side-table-white-60340389/
29217495,"LINNMON / ALEX - Table, 150x75 cm",Tables & desks,11280,480.0,60,,"a steady surface for meals, work or study","dining, home-office, long-hours",Chairs; Cabinets & cupboards,IKEA of Sweden/Johanna Asshoff,https://www.ikea.com/sa/en/p/linnmon-alex-table-beige-white-s29217495/
40197486,"TOFTERYD - Coffee table, 95x95 cm",Tables & desks,18682,795.0,60,,"a steady surface for meals, work or study","dining, home-office, long-hours",Chairs; Cabinets & cupboards,Tord Björklund,https://www.ikea.com/sa/en/p/tofteryd-coffee-table-high-gloss-black-40197486/
20433371,"KVISTBRO - Storage table, 44 cm",Tables & desks,4112,175.0,60,,"a steady surface for meals, work or study","dining, home-office, long-hours",Chairs; Cabinets & cupboards,Francis Cayouette,https://www.ikea.com/sa/en/p/kvistbro-storage-table-dark-blue-20433371/
30351440,"LISTERBY - Coffee table, 90 cm",Tables & desks,13982,595.0,60,,"a steady surface for meals, work or study","dining, home-office, long-hours",Chairs; Cabinets & cupboards,Henrik Preutz,https://www.ikea.com/sa/en/p/listerby-coffee-table-brown-30351440/
90363223,"HEMNES - Desk with 2 drawers, 120x47 cm",Tables & desks,18682,795.0,60,,"a steady surface for meals, work or study","dining, home-office, long-hours",Chairs; Cabinets & cupboards,IKEA of Sweden,https://www.ikea.com/sa/en/p/hemnes-desk-with-2-drawers-white-stain-90363223/
80270125,"LÖVBACKEN - Side table, 77x39 cm",Tables & desks,7026,299.0,60,,"a steady surface for meals, work or study","dining, home-office, long-hours",Chairs; Cabinets & cupboards,IKEA of Sweden,https://www.ikea.com/sa/en/p/loevbacken-side-table-medium-brown-80270125/
452624,"NYBODA - Coffee table w reversible table top, 120x40x40 cm",Tables & desks,8812,375.0,60,,"a steady surface for meals, work or study","dining, home-office, long-hours",Chairs; Cabinets & cupboards,Ehlén Johansson,https://www.ikea.com/sa/en/p/nyboda-coffee-table-w-reversible-table-top-light-grey-concrete-effect-white-00452624/
90423887,"NORDEN - Gateleg table, 26/89/152x80 cm",Tables & desks,21126,899.0,60,,"a steady surface for meals, work or study","dining, home-office, long-hours",Chairs; Cabinets & cupboards,"904.238.87 Small, neat dimensions make the table easy to furnish with, even when space is limited.Table with drop-leaves seats 2-4; makes it possible to adjust the table size according to need.You can store for example cutlery, table napkins and candles in the 6 drawers under the table top.This table has been tested against our strictest standards for stability, durability and safety to withstand everyday use in your home for years.Seats 2-4.Only recommended for indoor use.Combines with other furniture in the NORDEN series.For increased stability, re-tighten the screws about two weeks after assembly and when necessary.",https://www.ikea.com/sa/en/p/norden-gateleg-table-birch-90423887/
49932670,"LINNMON / ADILS - Table, 150x75 cm",Tables & desks,5522,235.0,60,,"a steady surface for meals, work or study","dining, home-office, long-hours",Chairs; Cabinets & cupboards,IKEA of Sweden,https://www.ikea.com/sa/en/p/linnmon-adils-table-black-brown-black-s49932670/
60214183,"MALM - Desk with pull-out panel, 151x65 cm",Tables & desks,15158,645.0,60,,"a steady surface for meals, work or study","dining, home-office, long-hours",Chairs; Cabinets & cupboards,"602.141.83 The pull-out panel gives you an extra work surface.You can collect cables and extension leads on the shelf under the table top, so they’re hidden but still close at hand.You can mount the pull-out panel to the left or right according to your needs.Can be placed in the middle of a room because the back is finished.Combines with other furniture in the MALM series.",https://www.ikea.com/sa/en/p/malm-desk-with-pull-out-panel-black-brown-60214183/
10351441,"LUNNARP - Coffee table, 90x55 cm",Tables & desks,6086,259.0,60,,"a steady surface for meals, work or study","dining, home-office, long-hours",Chairs; Cabinets & cupboards,Johan Kroon,https://www.ikea.com/sa/en/p/lunnarp-coffee-table-white-10351441/
49306184,"LINNMON / LERBERG - Table, 150x75 cm",Tables & desks,4582,195.0,60,,"a steady surface for meals, work or study","dining, home-office, long-hours",Chairs; Cabinets & cupboards,IKEA of Sweden,https://www.ikea.com/sa/en/p/linnmon-lerberg-table-beige-grey-s49306184/
29214312,"LINNMON / ALEX - Table, 120x60 cm",Tables & desks,9165,390.0,60,,"a steady surface for meals, work or study","dining, home-office, long-hours",Chairs; Cabinets & cupboards,IKEA of Sweden/Johanna Asshoff,https://www.ikea.com/sa/en/p/linnmon-alex-table-white-white-stained-oak-effect-white-s29214312/
10234942,"BRIMNES - Bedside table, 39x41 cm",Tables & desks,3642,155.0,60,,"a steady surface for meals, work or study","dining, home-office, long-hours",Chairs; Cabinets & cupboards,IKEA of Sweden,https://www.ikea.com/sa/en/p/brimnes-bedside-table-white-10234942/
60193736,"LACK - Side table, 55x55 cm",Tables & desks,916,39.0,60,,"a steady surface for meals, work or study","dining, home-office, long-hours",Chairs; Cabinets & cupboards,IKEA of Sweden,https://www.ikea.com/sa/en/p/lack-side-table-high-gloss-white-60193736/
29870932,"GERTON / ODDVALD - Table, 155x75 cm",Tables & desks,12808,545.0,60,,"a steady surface for meals, work or study","dining, home-office, long-hours",Chairs; Cabinets & cupboards,IKEA of Sweden,https://www.ikea.com/sa/en/p/gerton-oddvald-table-beech-black-s29870932/
374297,"HEMNES - Bedside table, 46x35 cm",Tables & desks,5288,225.0,60,,"a steady surface for meals, work or study","dining, home-office, long-hours",Chairs; Cabinets & cupboards,Nike Karlsson,https://www.ikea.com/sa/en/p/hemnes-bedside-table-white-00374297/
60447677,"NORDKISA - Bedside table, 40x40 cm",Tables & desks,5758,245.0,60,,"a steady surface for meals, work or study","dining, home-office, long-hours",Chairs; Cabinets & cupboards,L Hilland/J Karlsson,https://www.ikea.com/sa/en/p/nordkisa-bedside-table-bamboo-60447677/
70342533,"FLOTTEBO - Side table, 32x27 cm",Tables & desks,1880,80.0,60,,"a steady surface for meals, work or study","dining, home-office, long-hours",Chairs; Cabinets & cupboards,C Halskov/H Dalsgaard,https://www.ikea.com/sa/en/p/flottebo-side-table-70342533/
40173065,"LIATORP - Side table, 57x40 cm",Tables & desks,5758,245.0,60,,"a steady surface for meals, work or study","dining, home-office, long-hours",Chairs; Cabinets & cupboards,Carina Bengs,https://www.ikea.com/sa/en/p/liatorp-side-table-white-glass-40173065/
70290459,"BRIMNES - Dressing table, 70x42 cm",Tables & desks,8108,345.0,60,,"a steady surface for meals, work or study","dining, home-office, long-hours",Chairs; Cabinets & cupboards,K Hagberg/M Hagberg,https://www.ikea.com/sa/en/p/brimnes-dressing-table-white-70290459/
60261184,"MALMSTA - Coffee table, 130x80 cm",Tables & desks,21032,895.0,60,,"a steady surface for meals, work or study","dining, home-office, long-hours",Chairs; Cabinets & cupboards,Ebba Strandmark,https://www.ikea.com/sa/en/p/malmsta-coffee-table-black-brown-60261184/
20302596,"ISBERGET - Tablet stand, 25x25 cm",Tables & desks,235,10.0,60,,"a steady surface for meals, work or study","dining, home-office, long-hours",Chairs; Cabinets & cupboards,Sarah Fager,https://www.ikea.com/sa/en/p/isberget-tablet-stand-white-20302596/
89110934,"THYGE - Desk, 160x80 cm",Tables & desks,11632,495.0,60,,"a steady surface for meals, work or study","dining, home-office, long-hours",Chairs; Cabinets & cupboards,IKEA of Sweden,https://www.ikea.com/sa/en/p/thyge-desk-white-silver-colour-s89110934/
79304008,"LINNMON / ALEX - Table, 150x75 cm",Tables & desks,18682,795.0,60,,"a steady surface for meals, work or study","dining, home-office, long-hours",Chairs; Cabinets & cupboards,IKEA of Sweden/Johanna Asshoff,https://www.ikea.com/sa/en/p/linnmon-alex-table-black-blue-s79304008/
99930961,"LINNMON / LALLE - Table, 120x60 cm",Tables & desks,9048,385.0,60,,"a steady surface for meals, work or study","dining, home-office, long-hours",Chairs; Cabinets & cupboards,IKEA of Sweden/Tina Christensen,https://www.ikea.com/sa/en/p/linnmon-lalle-table-black-brown-black-s99930961/
40349263,"LACK - Nest of tables, set of 2",Tables & desks,3266,139.0,60,,"a steady surface for meals, work or study","dining, home-office, long-hours",Chairs; Cabinets & cupboards,IKEA of Sweden,https://www.ikea.com/sa/en/p/lack-nest-of-tables-set-of-2-black-white-40349263/
30302299,"BRUSALI - Desk, 90x52 cm",Tables & desks,6932,295.0,60,,"a steady surface for meals, work or study","dining, home-office, long-hours",Chairs; Cabinets & cupboards,IKEA of Sweden,https://www.ikea.com/sa/en/p/brusali-desk-brown-30302299/
10239713,"STOCKHOLM - Nest of tables, set of 2",Tables & desks,18682,795.0,60,,"a steady surface for meals, work or study","dining, home-office, long-hours",Chairs; Cabinets & cupboards,Ola Wihlborg,https://www.ikea.com/sa/en/p/stockholm-nest-of-tables-set-of-2-walnut-veneer-10239713/
60136680,"VEJMON - Coffee table, 90 cm",Tables & desks,11162,475.0,60,,"a steady surface for meals, work or study","dining, home-office, long-hours",Chairs; Cabinets & cupboards,Ehlén Johansson,https://www.ikea.com/sa/en/p/vejmon-coffee-table-black-brown-60136680/
70161320,"HOL - Side table, 50x50 cm",Tables & desks,5288,225.0,60,,"a steady surface for meals, work or study","dining, home-office, long-hours",Chairs; Cabinets & cupboards,IKEA of Sweden,https://www.ikea.com/sa/en/p/hol-side-table-acacia-70161320/
70399020,"LUNNARP - Side table, 55x45 cm",Tables & desks,3736,159.0,60,,"a steady surface for meals, work or study","dining, home-office, long-hours",Chairs; Cabinets & cupboards,Johan Kroon,https://www.ikea.com/sa/en/p/lunnarp-side-table-white-70399020/
10466499,"LJUV - Nest of tables, set of 2",Tables & desks,11162,475.0,60,,"a steady surface for meals, work or study","dining, home-office, long-hours",Chairs; Cabinets & cupboards,Nada Debs,https://www.ikea.com/sa/en/p/ljuv-nest-of-tables-set-of-2-gold-colour-red-10466499/
90346592,"YPPERLIG - Coffee table, 50 cm",Tables & desks,5758,245.0,60,,"a steady surface for meals, work or study","dining, home-office, long-hours",Chairs; Cabinets & cupboards,HAY,https://www.ikea.com/sa/en/p/ypperlig-coffee-table-dark-grey-birch-90346592/
40330862,"LIERSKOGEN - Bedside table, 42x74 cm",Tables & desks,5288,225.0,60,,"a steady surface for meals, work or study","dining, home-office, long-hours",Chairs; Cabinets & cupboards,Henrik Preutz,https://www.ikea.com/sa/en/p/lierskogen-bedside-table-white-40330862/
40148368,"JÄPPLING - Nest of tables, set of 3",Tables & desks,12808,545.0,60,,"a steady surface for meals, work or study","dining, home-office, long-hours",Chairs; Cabinets & cupboards,"401.483.68 Sizes: 44,5x29,5x40 cm, 40x29,5x43 cm and 33,5x29,5x40 cm.",https://www.ikea.com/sa/en/p/jaeppling-nest-of-tables-set-of-3-transparent-40148368/
20342074,"REGISSÖR - Coffee table, 118x60 cm",Tables & desks,17508,745.0,60,,"a steady surface for meals, work or study","dining, home-office, long-hours",Chairs; Cabinets & cupboards,K Hagberg/M Hagberg,https://www.ikea.com/sa/en/p/regissoer-coffee-table-brown-glass-20342074/
14630009,"INGO - Table, 120x75 cm",Tables & desks,6462,275.0,60,,"a steady surface for meals, work or study","dining, home-office, long-hours",Chairs; Cabinets & cupboards,Gillis Lundgren,https://www.ikea.com/sa/en/p/ingo-table-pine-14630009/
39214284,"LINNMON / LERBERG - Table, 120x60 cm",Tables & desks,4112,175.0,60,,"a steady surface for meals, work or study","dining, home-office, long-hours",Chairs; Cabinets & cupboards,IKEA of Sweden,https://www.ikea.com/sa/en/p/linnmon-lerberg-table-blue-grey-s39214284/
20359984,"TYSSEDAL - Dressing table, 120x51 cm",Tables & desks,17625,750.0,60,,"a steady surface for meals, work or study","dining, home-office, long-hours",Chairs; Cabinets & cupboards,Ebba Strandmark,https://www.ikea.com/sa/en/p/tyssedal-dressing-table-white-20359984/
30236025,"TRYSIL - Bedside table, 45x40 cm",Tables & desks,4112,175.0,60,,"a steady surface for meals, work or study","dining, home-office, long-hours",Chairs; Cabinets & cupboards,K Hagberg/M Hagberg,https://www.ikea.com/sa/en/p/trysil-bedside-table-white-light-grey-30236025/
29223830,"LINNMON / HILVER - Table, 150x75 cm",Tables & desks,18212,775.0,60,,"a steady surface for meals, work or study","dining, home-office, long-hours",Chairs; Cabinets & cupboards,IKEA of Sweden/Chenyi Ke/Johanna Asshoff,https://www.ikea.com/sa/en/p/linnmon-hilver-table-white-bamboo-s29223830/
30415625,"GRUNDSUND - Nest of tables, set of 3",Tables & desks,8108,345.0,60,,"a steady surface for meals, work or study","dining, home-office, long-hours",Chairs; Cabinets & cupboards,"304.156.25 Can be used individually or be pushed together to save space.Low weight; easy to move.Sizes: (length x width x height) 27x22x35 cm, 36x26x38 cm, 45x30x40 cm.",https://www.ikea.com/sa/en/p/grundsund-nest-of-tables-set-of-3-white-30415625/
50304990,"BRUSALI - Corner desk, 120x73 cm",Tables & desks,7638,325.0,60,,"a steady surface for meals, work or study","dining, home-office, long-hours",Chairs; Cabinets & cupboards,IKEA of Sweden,https://www.ikea.com/sa/en/p/brusali-corner-desk-brown-50304990/
90452587,"KRAGSTA - Coffee table, 90 cm",Tables & desks,11632,495.0,60,,"a steady surface for meals, work or study","dining, home-office, long-hours",Chairs; Cabinets & cupboards,Carina Bengs,https://www.ikea.com/sa/en/p/kragsta-coffee-table-dark-blue-green-90452587/
20452637,"NYBODA - Side table w reversible table top, 40x40x60 cm",Tables & desks,4112,175.0,60,,"a steady surface for meals, work or study","dining, home-office, long-hours",Chairs; Cabinets & cupboards,Ehlén Johansson,https://www.ikea.com/sa/en/p/nyboda-side-table-w-reversible-table-top-light-grey-concrete-effect-white-20452637/
19214322,"LINNMON / ADILS - Table, 150x75 cm",Tables & desks,3878,165.0,60,,"a steady surface for meals, work or study","dining, home-office, long-hours",Chairs; Cabinets & cupboards,IKEA of Sweden,https://www.ikea.com/sa/en/p/linnmon-adils-table-beige-white-s19214322/
40304467,"MARYD - Tray table, 58x38x58 cm",Tables & desks,8108,345.0,60,,"a steady surface for meals, work or study","dining, home-office, long-hours",Chairs; Cabinets & cupboards,Carina Bengs,https://www.ikea.com/sa/en/p/maryd-tray-table-green-40304467/
251135,"LINNMON - Table top, 100x60 cm",Tables & desks,1386,59.0,60,,"a steady surface for meals, work or study","dining, home-office, long-hours",Chairs; Cabinets & cupboards,IKEA of Sweden,https://www.ikea.com/sa/en/p/linnmon-table-top-white-00251135/
20439472,"NORDKISA - Dressing table, 76x47 cm",Tables & desks,11186,476.0,60,,"a steady surface for meals, work or study","dining, home-office, long-hours",Chairs; Cabinets & cupboards,L Hilland/J Karlsson,https://www.ikea.com/sa/en/p/nordkisa-dressing-table-bamboo-20439472/
10455410,"KORNSJÖ - Cabinet with mirror, 70x47 cm",Tables & desks,17508,745.0,60,,"a steady surface for meals, work or study","dining, home-office, long-hours",Chairs; Cabinets & cupboards,Ebba Strandmark,https://www.ikea.com/sa/en/p/kornsjoe-cabinet-with-mirror-black-10455410/
60150176,"BRÄDA - Laptop support, 42x31 cm",Tables & desks,352,15.0,60,,"a steady surface for meals, work or study","dining, home-office, long-hours",Chairs; Cabinets & cupboards,Sarah Fager,https://www.ikea.com/sa/en/p/braeda-laptop-support-black-60150176/
70455412,"KORNSJÖ - Side table, 50x35 cm",Tables & desks,4582,195.0,60,,"a steady surface for meals, work or study","dining, home-office, long-hours",Chairs; Cabinets & cupboards,Ebba Strandmark,https://www.ikea.com/sa/en/p/kornsjoe-side-table-black-70455412/
40217069,"INGATORP - Extendable table, 110/155 cm",Tables & desks,33958,1445.0,60,,"a steady surface for meals, work or study","dining, home-office, long-hours",Chairs; Cabinets & cupboards,Carina Bengs,https://www.ikea.com/sa/en/p/ingatorp-extendable-table-white-40217069/
19282844,"BEKANT - Corner desk left, 160x110 cm",Tables & desks,32195,1370.0,60,,"a steady surface for meals, work or study","dining, home-office, long-hours",Chairs; Cabinets & cupboards,K Malmvall/E Lilja Löwenhielm,https://www.ikea.com/sa/en/p/bekant-corner-desk-left-linoleum-blue-white-s19282844/
90217972,ADILS - Leg,Tables & desks,352,15.0,60,,"a steady surface for meals, work or study","dining, home-office, long-hours",Chairs; Cabinets & cupboards,902.179.72 Adjustable feet make the table stand steady also on uneven floors.Screws for fixing the legs to the table top are included.Suitable for table tops with a minimum thickness of 25 mm.,https://www.ikea.com/sa/en/p/adils-leg-white-90217972/
70340379,"GUALÖV - Storage table, 60 cm",Tables & desks,6462,275.0,60,,"a steady surface for meals, work or study","dining, home-office, long-hours",Chairs; Cabinets & cupboards,Johanna Jelinek,https://www.ikea.com/sa/en/p/gualoev-storage-table-black-70340379/
70353734,"LINNMON - Table top, 120x60 cm",Tables & desks,1198,51.0,60,,"a steady surface for meals, work or study","dining, home-office, long-hours",Chairs; Cabinets & cupboards,IKEA of Sweden,https://www.ikea.com/sa/en/p/linnmon-table-top-beige-70353734/
60423105,"INGATORP - Drop-leaf table, 65/123x78 cm",Tables & desks,13982,595.0,60,,"a steady surface for meals, work or study","dining, home-office, long-hours",Chairs; Cabinets & cupboards,Carina Bengs,https://www.ikea.com/sa/en/p/ingatorp-drop-leaf-table-antique-stain-60423105/
40410340,"ALEX - Drawer unit, 36x70 cm",Tables & desks,8108,345.0,60,,"a steady surface for meals, work or study","dining, home-office, long-hours",Chairs; Cabinets & cupboards,Johanna Asshoff,https://www.ikea.com/sa/en/p/alex-drawer-unit-blue-40410340/
69162599,"KULLABERG - Desk, 110x70 cm",Tables & desks,16332,695.0,60,,"a steady surface for meals, work or study","dining, home-office, long-hours",Chairs; Cabinets & cupboards,Ebba Strandmark,https://www.ikea.com/sa/en/p/kullaberg-desk-pine-black-s69162599/
50409044,"LISTERBY - Side table, 50 cm",Tables & desks,9282,395.0,60,,"a steady surface for meals, work or study","dining, home-office, long-hours",Chairs; Cabinets & cupboards,Henrik Preutz,https://www.ikea.com/sa/en/p/listerby-side-table-brown-50409044/
10346077,"ANVÄNDBAR - Table, 180x98 cm",Tables & desks,11186,476.0,60,,"a steady surface for meals, work or study","dining, home-office, long-hours",Chairs; Cabinets & cupboards,Mikael Axelsson,https://www.ikea.com/sa/en/p/anvaendbar-table-bamboo-white-10346077/
30466498,"LJUV - Coffee table, 40 cm",Tables & desks,4582,195.0,60,,"a steady surface for meals, work or study","dining, home-office, long-hours",Chairs; Cabinets & cupboards,Nada Debs,https://www.ikea.com/sa/en/p/ljuv-coffee-table-rounded-red-30466498/
40344449,"VILTO - Storage stool, 45 cm",Tables & desks,2044,87.0,60,,"a steady surface for meals, work or study","dining, home-office, long-hours",Chairs; Cabinets & cupboards,Maja Ganszyniec,https://www.ikea.com/sa/en/p/vilto-storage-stool-birch-40344449/
70294339,"LISABO - Table, 140x78 cm",Tables & desks,16332,695.0,60,,"a steady surface for meals, work or study","dining, home-office, long-hours",Chairs; Cabinets & cupboards,K Hagberg/M Hagberg,https://www.ikea.com/sa/en/p/lisabo-table-ash-veneer-70294339/
404204,"HAVSTA - Coffee table, 100x75 cm",Tables & desks,13982,595.0,60,,"a steady surface for meals, work or study","dining, home-office, long-hours",Chairs; Cabinets & cupboards,IKEA of Sweden,https://www.ikea.com/sa/en/p/havsta-coffee-table-white-00404204/
9213931,"KLIMPEN - Table, 150x75 cm",Tables & desks,37365,1590.0,60,,"a steady surface for meals, work or study","dining, home-office, long-hours",Chairs; Cabinets & cupboards,Tina Christensen,https://www.ikea.com/sa/en/p/klimpen-table-grey-light-grey-s09213931/
60422549,"HAVSTA - Console table, 100x35x63 cm",Tables & desks,11632,495.0,60,,"a steady surface for meals, work or study","dining, home-office, long-hours",Chairs; Cabinets & cupboards,IKEA of Sweden,https://www.ikea.com/sa/en/p/havsta-console-table-grey-60422549/
59216668,"LINNMON / ODDVALD - Table, 150x75 cm",Tables & desks,5992,255.0,60,,"a steady surface for meals, work or study","dining, home-office, long-hours",Chairs; Cabinets & cupboards,IKEA of Sweden,https://www.ikea.com/sa/en/p/linnmon-oddvald-table-blue-black-s59216668/
19128961,"PÅHL - Desk with add-on unit, 96x58 cm",Tables & desks,9282,395.0,60,,"a steady surface for meals, work or study","dining, home-office, long-hours",Chairs; Cabinets & cupboards,S Fager/J Jelinek,https://www.ikea.com/sa/en/p/pahl-desk-with-add-on-unit-white-s19128961/
49214306,"LINNMON / ALEX - Table, 120x60 cm",Tables & desks,8366,356.0,60,,"a steady surface for meals, work or study","dining, home-office, long-hours",Chairs; Cabinets & cupboards,Johanna Asshoff/IKEA of Sweden,https://www.ikea.com/sa/en/p/linnmon-alex-table-beige-white-s49214306/
70403512,BYLLAN - Laptop support,Tables & desks,1622,69.0,60,,"a steady surface for meals, work or study","dining, home-office, long-hours",Chairs; Cabinets & cupboards,IKEA of Sweden,https://www.ikea.com/sa/en/p/byllan-laptop-support-ebbarp-black-white-70403512/
60444259,"LERHAMN - Table, 74x74 cm",Tables & desks,7026,299.0,60,,"a steady surface for meals, work or study","dining, home-office, long-hours",Chairs; Cabinets & cupboards,Nike Karlsson,https://www.ikea.com/sa/en/p/lerhamn-table-light-antique-stain-white-stain-60444259/
70351481,"VIGGJA - Tray stand, 37x50x74 cm",Tables & desks,2326,99.0,60,,"a steady surface for meals, work or study","dining, home-office, long-hours",Chairs; Cabinets & cupboards,Henrik Preutz,https://www.ikea.com/sa/en/p/viggja-tray-stand-white-70351481/
50466497,"LJUV - Coffee table, 55 cm",Tables & desks,8108,345.0,60,,"a steady surface for meals, work or study","dining, home-office, long-hours",Chairs; Cabinets & cupboards,Nada Debs,https://www.ikea.com/sa/en/p/ljuv-coffee-table-rounded-gold-colour-50466497/
69261882,"TYSSEDAL - Dressing table with mirror, 120x51 cm",Tables & desks,21738,925.0,60,,"a steady surface for meals, work or study","dining, home-office, long-hours",Chairs; Cabinets & cupboards,Ebba Strandmark,https://www.ikea.com/sa/en/p/tyssedal-dressing-table-with-mirror-white-s69261882/
80130776,"LERBERG - Trestle, 70x60 cm",Tables & desks,1058,45.0,60,,"a steady surface for meals, work or study","dining, home-office, long-hours",Chairs; Cabinets & cupboards,IKEA of Sweden,https://www.ikea.com/sa/en/p/lerberg-trestle-grey-80130776/
70245339,"BESTÅ BURS - Desk, 120x40 cm",Tables & desks,21032,895.0,60,,"a steady surface for meals, work or study","dining, home-office, long-hours",Chairs; Cabinets & cupboards,702.453.39 Can be placed in the middle of a room because the back is finished.The high-gloss surfaces reflect light and give a vibrant look.,https://www.ikea.com/sa/en/p/besta-burs-desk-high-gloss-white-70245339/
50106773,"GERTON - Table top, 155x75 cm",Tables & desks,9282,395.0,60,,"a steady surface for meals, work or study","dining, home-office, long-hours",Chairs; Cabinets & cupboards,IKEA of Sweden,https://www.ikea.com/sa/en/p/gerton-table-top-beech-50106773/
19213582,"GLASHOLM / ALEX - Table, 148x73 cm",Tables & desks,22678,965.0,60,,"a steady surface for meals, work or study","dining, home-office, long-hours",Chairs; Cabinets & cupboards,Johanna Asshoff/Jomi Evers,https://www.ikea.com/sa/en/p/glasholm-alex-table-glass-honeycomb-patterned-white-s19213582/
79000686,"LINNMON / GODVIN - Table, 150x75 cm",Tables & desks,6462,275.0,60,,"a steady surface for meals, work or study","dining, home-office, long-hours",Chairs; Cabinets & cupboards,IKEA of Sweden,https://www.ikea.com/sa/en/p/linnmon-godvin-table-white-s79000686/
80280676,"SVALSTA - Nest of tables, set of 2",Tables & desks,9376,399.0,60,,"a steady surface for meals, work or study","dining, home-office, long-hours",Chairs; Cabinets & cupboards,IKEA of Sweden,https://www.ikea.com/sa/en/p/svalsta-nest-of-tables-set-of-2-birch-veneer-80280676/
80372464,BEKANT - Leg,Tables & desks,1152,49.0,60,,"a steady surface for meals, work or study","dining, home-office, long-hours",Chairs; Cabinets & cupboards,Eva Lilja Löwenhielm,https://www.ikea.com/sa/en/p/bekant-leg-white-80372464/
80430746,"SYVDE - Dressing table, 100x48 cm",Tables & desks,13982,595.0,60,,"a steady surface for meals, work or study","dining, home-office, long-hours",Chairs; Cabinets & cupboards,IKEA of Sweden,https://www.ikea.com/sa/en/p/syvde-dressing-table-white-80430746/
10415853,"SUNDSTA - Nest of tables, set of 3",Tables & desks,8108,345.0,60,,"a steady surface for meals, work or study","dining, home-office, long-hours",Chairs; Cabinets & cupboards,"104.158.53 Can be used individually or be pushed together to save space.Low weight; easy to move.Sizes: (length x width x height) 27x22x35 cm, 36x26x38 cm, 45x30x40 cm.",https://www.ikea.com/sa/en/p/sundsta-nest-of-tables-set-of-3-black-brown-10415853/
80261183,"MALMSTA - Side table, 54 cm",Tables & desks,13982,595.0,60,,"a steady surface for meals, work or study","dining, home-office, long-hours",Chairs; Cabinets & cupboards,Ebba Strandmark,https://www.ikea.com/sa/en/p/malmsta-side-table-black-brown-80261183/
90278588,"ARKELSTORP - Window table, 80x40x75 cm",Tables & desks,13982,595.0,60,,"a steady surface for meals, work or study","dining, home-office, long-hours",Chairs; Cabinets & cupboards,Ebba Strandmark,https://www.ikea.com/sa/en/p/arkelstorp-window-table-black-90278588/
70367444,"SONGESAND - Bedside table, 42x40 cm",Tables & desks,3642,155.0,60,,"a steady surface for meals, work or study","dining, home-office, long-hours",Chairs; Cabinets & cupboards,IKEA of Sweden,https://www.ikea.com/sa/en/p/songesand-bedside-table-brown-70367444/
30299070,"LISABO - Desk, 118x45 cm",Tables & desks,17508,745.0,60,,"a steady surface for meals, work or study","dining, home-office, long-hours",Chairs; Cabinets & cupboards,K Hagberg/M Hagberg,https://www.ikea.com/sa/en/p/lisabo-desk-ash-veneer-30299070/
70452593,"KRAGSTA - Nest of tables, set of 2",Tables & desks,13982,595.0,60,,"a steady surface for meals, work or study","dining, home-office, long-hours",Chairs; Cabinets & cupboards,Carina Bengs,https://www.ikea.com/sa/en/p/kragsta-nest-of-tables-set-of-2-dark-blue-green-70452593/
30345717,"FINNVARD - Trestle with shelf, 70x71/93 cm",Tables & desks,3760,160.0,60,,"a steady surface for meals, work or study","dining, home-office, long-hours",Chairs; Cabinets & cupboards,IKEA of Sweden,https://www.ikea.com/sa/en/p/finnvard-trestle-with-shelf-birch-30345717/
40320349,"SETSKOG - Bedside table, 45x35 cm",Tables & desks,3736,159.0,60,,"a steady surface for meals, work or study","dining, home-office, long-hours",Chairs; Cabinets & cupboards,K Hagberg/M Hagberg,https://www.ikea.com/sa/en/p/setskog-bedside-table-white-40320349/
20295925,"TINGBY - Side table on castors, 64x64 cm",Tables & desks,4676,199.0,60,,"a steady surface for meals, work or study","dining, home-office, long-hours",Chairs; Cabinets & cupboards,"202.959.25 Separate shelf for magazines, etc. helps you keep your things organised and the table top clear.The castors make it easy to move the table if needed.",https://www.ikea.com/sa/en/p/tingby-side-table-on-castors-white-20295925/
10423886,"NORDEN - Gateleg table, 26/89/152x80 cm",Tables & desks,21126,899.0,60,,"a steady surface for meals, work or study","dining, home-office, long-hours",Chairs; Cabinets & cupboards,"104.238.86 Small, neat dimensions make the table easy to furnish with, even when space is limited.Table with drop-leaves seats 2-4; makes it possible to adjust the table size according to need.You can store for example cutlery, table napkins and candles in the 6 drawers under the table top.This table has been tested against our strictest standards for stability, durability and safety to withstand everyday use in your home for years.Seats 2-4.Only recommended for indoor use.For increased stability, re-tighten the screws about two weeks after assembly and when necessary.Combines with other furniture in the NORDEN series.",https://www.ikea.com/sa/en/p/norden-gateleg-table-white-10423886/
409051,"LISTERBY - Coffee table, 140x60 cm",Tables & desks,16332,695.0,60,,"a steady surface for meals, work or study","dining, home-office, long-hours",Chairs; Cabinets & cupboards,Henrik Preutz,https://www.ikea.com/sa/en/p/listerby-coffee-table-brown-00409051/
9214209,"LINNMON / GODVIN - Table, 120x60 cm",Tables & desks,3548,151.0,60,,"a steady surface for meals, work or study","dining, home-office, long-hours",Chairs; Cabinets & cupboards,IKEA of Sweden,https://www.ikea.com/sa/en/p/linnmon-godvin-table-beige-white-s09214209/
69040353,"RYDEBÄCK - Table, 150x78 cm",Tables & desks,11632,495.0,60,,"a steady surface for meals, work or study","dining, home-office, long-hours",Chairs; Cabinets & cupboards,IKEA of Sweden/David Wahl,https://www.ikea.com/sa/en/p/rydebaeck-table-white-backaryd-white-s69040353/
40444255,"LERHAMN - Table, 118x74 cm",Tables & desks,9376,399.0,60,,"a steady surface for meals, work or study","dining, home-office, long-hours",Chairs; Cabinets & cupboards,Nike Karlsson,https://www.ikea.com/sa/en/p/lerhamn-table-light-antique-stain-white-stain-40444255/
40136681,"VEJMON - Side table, 60 cm",Tables & desks,8108,345.0,60,,"a steady surface for meals, work or study","dining, home-office, long-hours",Chairs; Cabinets & cupboards,Ehlén Johansson,https://www.ikea.com/sa/en/p/vejmon-side-table-black-brown-40136681/
349444,"TINGBY - Side table on castors, 50x50 cm",Tables & desks,3502,149.0,60,,"a steady surface for meals, work or study","dining, home-office, long-hours",Chairs; Cabinets & cupboards,"003.494.44 Separate shelf for magazines, etc. helps you keep your things organised and the table top clear.The castors make it easy to move the table if needed.",https://www.ikea.com/sa/en/p/tingby-side-table-on-castors-grey-00349444/
39213576,"GLASHOLM / ALEX - Table, 148x73 cm",Tables & desks,24322,1035.0,60,,"a steady surface for meals, work or study","dining, home-office, long-hours",Chairs; Cabinets & cupboards,Johanna Asshoff/Jomi Evers,https://www.ikea.com/sa/en/p/glasholm-alex-table-glass-honeycomb-patterned-white-s39213576/
20222458,"SUMMERA - Drawer insert with 6 compartments, 44x37 cm",Tables & desks,1058,45.0,60,,"a steady surface for meals, work or study","dining, home-office, long-hours",Chairs; Cabinets & cupboards,IKEA of Sweden,https://www.ikea.com/sa/en/p/summera-drawer-insert-with-6-compartments-anthracite-20222458/
30371240,"GAMLARED - Table, 85 cm",Tables & desks,9282,395.0,60,,"a steady surface for meals, work or study","dining, home-office, long-hours",Chairs; Cabinets & cupboards,Mikael Axelsson,https://www.ikea.com/sa/en/p/gamlared-table-light-antique-stain-black-stained-30371240/
49006425,"BEKANT - Corner desk right, 160x110 cm",Tables & desks,31138,1325.0,60,,"a steady surface for meals, work or study","dining, home-office, long-hours",Chairs; Cabinets & cupboards,K Malmvall/E Lilja Löwenhielm,https://www.ikea.com/sa/en/p/bekant-corner-desk-right-white-s49006425/
49000701,"LINNMON / LERBERG - Table, 150x75 cm",Tables & desks,6228,265.0,60,,"a steady surface for meals, work or study","dining, home-office, long-hours",Chairs; Cabinets & cupboards,IKEA of Sweden,https://www.ikea.com/sa/en/p/linnmon-lerberg-table-black-brown-grey-s49000701/
30299485,KNOTTEN - Standing desk,Tables & desks,13066,556.0,60,,"a steady surface for meals, work or study","dining, home-office, long-hours",Chairs; Cabinets & cupboards,K Hagberg/M Hagberg,https://www.ikea.com/sa/en/p/knotten-standing-desk-white-birch-30299485/
59213938,"KLIMPEN / LALLE - Table, 120x60 cm",Tables & desks,18212,775.0,60,,"a steady surface for meals, work or study","dining, home-office, long-hours",Chairs; Cabinets & cupboards,Tina Christensen,https://www.ikea.com/sa/en/p/klimpen-lalle-table-light-grey-black-s59213938/
69223828,"GERTON - Table, 310x75 cm",Tables & desks,30198,1285.0,60,,"a steady surface for meals, work or study","dining, home-office, long-hours",Chairs; Cabinets & cupboards,IKEA of Sweden/Johanna Asshoff,https://www.ikea.com/sa/en/p/gerton-table-beech-black-white-s69223828/
89214314,"LINNMON / GODVIN - Table, 120x60 cm",Tables & desks,8836,376.0,60,,"a steady surface for meals, work or study","dining, home-office, long-hours",Chairs; Cabinets & cupboards,IKEA of Sweden/Johanna Asshoff,https://www.ikea.com/sa/en/p/linnmon-godvin-table-beige-white-s89214314/
70299959,"TYSSEDAL - Bedside table, 51x40 cm",Tables & desks,7638,325.0,60,,"a steady surface for meals, work or study","dining, home-office, long-hours",Chairs; Cabinets & cupboards,Ebba Strandmark,https://www.ikea.com/sa/en/p/tyssedal-bedside-table-white-70299959/
90180025,"MICKE - Add-on unit high, 105x65 cm",Tables & desks,4112,175.0,60,,"a steady surface for meals, work or study","dining, home-office, long-hours",Chairs; Cabinets & cupboards,Henrik Preutz,https://www.ikea.com/sa/en/p/micke-add-on-unit-high-white-90180025/
20400276,"TRULSTORP - Coffee table, 115x70 cm",Tables & desks,15158,645.0,60,,"a steady surface for meals, work or study","dining, home-office, long-hours",Chairs; Cabinets & cupboards,204.002.76 One half of the table top can be raised to a more comfortable height for eating or maybe surfing on your laptop.Practical storage space underneath the table top.You can eat comfortably at your coffee table by raising the table top.,https://www.ikea.com/sa/en/p/trulstorp-coffee-table-white-20400276/
80251358,"LINNMON - Table top, 200x60 cm",Tables & desks,5288,225.0,60,,"a steady surface for meals, work or study","dining, home-office, long-hours",Chairs; Cabinets & cupboards,IKEA of Sweden,https://www.ikea.com/sa/en/p/linnmon-table-top-black-brown-80251358/
89217505,"LINNMON / ALEX - Table, 150x75 cm",Tables & desks,12925,550.0,60,,"a steady surface for meals, work or study","dining, home-office, long-hours",Chairs; Cabinets & cupboards,IKEA of Sweden/Johanna Asshoff,https://www.ikea.com/sa/en/p/linnmon-alex-table-white-white-stained-oak-effect-white-s89217505/
80217524,"BJURSTA - Wall-mounted drop-leaf table, 90x50 cm",Tables & desks,5288,225.0,60,,"a steady surface for meals, work or study","dining, home-office, long-hours",Chairs; Cabinets & cupboards,IKEA of Sweden,https://www.ikea.com/sa/en/p/bjursta-wall-mounted-drop-leaf-table-brown-black-80217524/
90372454,BEKANT - Castor,Tables & desks,2585,110.0,60,,"a steady surface for meals, work or study","dining, home-office, long-hours",Chairs; Cabinets & cupboards,Eva Lilja Löwenhielm,https://www.ikea.com/sa/en/p/bekant-castor-black-90372454/
10118971,"ODDVALD - Trestle, 70x70 cm",Tables & desks,1762,75.0,60,,"a steady surface for meals, work or study","dining, home-office, long-hours",Chairs; Cabinets & cupboards,IKEA of Sweden,https://www.ikea.com/sa/en/p/oddvald-trestle-black-10118971/
40261057,LINNMON - Connecting fitting,Tables & desks,352,15.0,60,,"a steady surface for meals, work or study","dining, home-office, long-hours",Chairs; Cabinets & cupboards,IKEA of Sweden,https://www.ikea.com/sa/en/p/linnmon-connecting-fitting-nickel-plated-40261057/
9213912,"KLIMPEN - Table, 120x60 cm",Tables & desks,34428,1465.0,60,,"a steady surface for meals, work or study","dining, home-office, long-hours",Chairs; Cabinets & cupboards,Tina Christensen,https://www.ikea.com/sa/en/p/klimpen-table-grey-light-grey-s09213912/
434277,MÖJLIGHET - Headset/tablet stand,Tables & desks,352,15.0,60,,"a steady surface for meals, work or study","dining, home-office, long-hours",Chairs; Cabinets & cupboards,Gustav Carlberg,https://www.ikea.com/sa/en/p/moejlighet-headset-tablet-stand-black-00434277/
70334057,"IKEA PS 2017 - Side table on castors, 69x40 cm",Tables & desks,8143,346.5,60,,"a steady surface for meals, work or study","dining, home-office, long-hours",Chairs; Cabinets & cupboards,Thomas Sandell,https://www.ikea.com/sa/en/p/ikea-ps-2017-side-table-on-castors-beech-white-70334057/
60245721,"HEMNES - Desk, 155x65 cm",Tables & desks,28106,1196.0,60,,"a steady surface for meals, work or study","dining, home-office, long-hours",Chairs; Cabinets & cupboards,Carina Bengs,https://www.ikea.com/sa/en/p/hemnes-desk-black-brown-60245721/
70297658,"LISABO - Coffee table, 118x50 cm",Tables & desks,12808,545.0,60,,"a steady surface for meals, work or study","dining, home-office, long-hours",Chairs; Cabinets & cupboards,K Hagberg/M Hagberg,https://www.ikea.com/sa/en/p/lisabo-coffee-table-ash-veneer-70297658/
19214275,"LINNMON / OLOV - Table, 150x75 cm",Tables & desks,8812,375.0,60,,"a steady surface for meals, work or study","dining, home-office, long-hours",Chairs; Cabinets & cupboards,IKEA of Sweden,https://www.ikea.com/sa/en/p/linnmon-olov-table-white-white-stained-oak-effect-white-s19214275/
30264301,"OLOV - Leg, adjustable",Tables & desks,1175,50.0,60,,"a steady surface for meals, work or study","dining, home-office, long-hours",Chairs; Cabinets & cupboards,IKEA of Sweden,https://www.ikea.com/sa/en/p/olov-leg-adjustable-black-30264301/
423108,"INGATORP - Drop-leaf table, 65/123x78 cm",Tables & desks,13982,595.0,60,,"a steady surface for meals, work or study","dining, home-office, long-hours",Chairs; Cabinets & cupboards,Carina Bengs,https://www.ikea.com/sa/en/p/ingatorp-drop-leaf-table-white-00423108/
20353736,"LINNMON - Table top, 150x75 cm",Tables & desks,2468,105.0,60,,"a steady surface for meals, work or study","dining, home-office, long-hours",Chairs; Cabinets & cupboards,IKEA of Sweden,https://www.ikea.com/sa/en/p/linnmon-table-top-beige-20353736/
39214298,"LINNMON / ALEX - Table, 120x60 cm",Tables & desks,11515,490.0,60,,"a steady surface for meals, work or study","dining, home-office, long-hours",Chairs; Cabinets & cupboards,Gustav Carlberg/Johanna Asshoff,https://www.ikea.com/sa/en/p/linnmon-alex-table-geometric-beige-white-s39214298/
10253025,"BEKANT - Left-hand corner table top, 160x110 cm",Tables & desks,11750,500.0,60,,"a steady surface for meals, work or study","dining, home-office, long-hours",Chairs; Cabinets & cupboards,K Malmvall/E Lilja Löwenhielm,https://www.ikea.com/sa/en/p/bekant-left-hand-corner-table-top-white-10253025/
80278287,"HILVER - Table top, 140x65 cm",Tables & desks,8108,345.0,60,,"a steady surface for meals, work or study","dining, home-office, long-hours",Chairs; Cabinets & cupboards,Chenyi Ke,https://www.ikea.com/sa/en/p/hilver-table-top-bamboo-80278287/
50200271,GODVIN - Leg,Tables & desks,588,25.0,60,,"a steady surface for meals, work or study","dining, home-office, long-hours",Chairs; Cabinets & cupboards,IKEA of Sweden,https://www.ikea.com/sa/en/p/godvin-leg-white-50200271/
99286254,"EKET - Wall-mounted shelving unit, 35x25x35 cm",Tables & desks,1880,80.0,60,,"a steady surface for meals, work or study","dining, home-office, long-hours",Chairs; Cabinets & cupboards,Jon Karlsson/IKEA of Sweden,https://www.ikea.com/sa/en/p/eket-wall-mounted-shelving-unit-red-s99286254/
99215695,"LINNMON / KRILLE - Table, 150x75 cm",Tables & desks,9518,405.0,60,,"a steady surface for meals, work or study","dining, home-office, long-hours",Chairs; Cabinets & cupboards,Francis Cayouette/IKEA of Sweden,https://www.ikea.com/sa/en/p/linnmon-krille-table-beige-white-s99215695/
60192826,"ALEX - Storage unit, 36x70 cm",Tables & desks,6462,275.0,60,,"a steady surface for meals, work or study","dining, home-office, long-hours",Chairs; Cabinets & cupboards,Johanna Asshoff,https://www.ikea.com/sa/en/p/alex-storage-unit-white-60192826/
50414210,"HAVSTA - Nest of tables, set of 2",Tables & desks,10458,445.0,60,,"a steady surface for meals, work or study","dining, home-office, long-hours",Chairs; Cabinets & cupboards,IKEA of Sweden,https://www.ikea.com/sa/en/p/havsta-nest-of-tables-set-of-2-grey-50414210/
70407360,"BJÖRKSNÄS - Bedside table, 48x38 cm",Tables & desks,9282,395.0,60,,"a steady surface for meals, work or study","dining, home-office, long-hours",Chairs; Cabinets & cupboards,K Hagberg/M Hagberg,https://www.ikea.com/sa/en/p/bjoerksnaes-bedside-table-birch-70407360/
40237840,"LALLE - Leg, 70 cm",Tables & desks,1762,75.0,60,,"a steady surface for meals, work or study","dining, home-office, long-hours",Chairs; Cabinets & cupboards,Tina Christensen,https://www.ikea.com/sa/en/p/lalle-leg-black-40237840/
10452628,"NYBODA - Coffee table w reversible table top, 75x60x50 cm",Tables & desks,6462,275.0,60,,"a steady surface for meals, work or study","dining, home-office, long-hours",Chairs; Cabinets & cupboards,Ehlén Johansson,https://www.ikea.com/sa/en/p/nyboda-coffee-table-w-reversible-table-top-light-grey-concrete-effect-white-10452628/
59933179,"LINNMON / ODDVALD - Table, 150x75 cm",Tables & desks,7638,325.0,60,,"a steady surface for meals, work or study","dining, home-office, long-hours",Chairs; Cabinets & cupboards,IKEA of Sweden,https://www.ikea.com/sa/en/p/linnmon-oddvald-table-white-black-s59933179/
19282085,"BEKANT - Desk sit/stand, 160x80 cm",Tables & desks,69325,2950.0,60,,"a steady surface for meals, work or study","dining, home-office, long-hours",Chairs; Cabinets & cupboards,K Malmvall/E Lilja Löwenhielm,https://www.ikea.com/sa/en/p/bekant-desk-sit-stand-white-stained-oak-veneer-white-s19282085/
49215693,"LINNMON / GODVIN - Table, 150x75 cm",Tables & desks,6462,275.0,60,,"a steady surface for meals, work or study","dining, home-office, long-hours",Chairs; Cabinets & cupboards,IKEA of Sweden,https://www.ikea.com/sa/en/p/linnmon-godvin-table-white-white-stained-oak-effect-white-s49215693/
293772,"MÖCKELBY - Table, 235x100 cm",Tables & desks,58632,2495.0,60,,"a steady surface for meals, work or study","dining, home-office, long-hours",Chairs; Cabinets & cupboards,Marcus Arvonen,https://www.ikea.com/sa/en/p/moeckelby-table-oak-00293772/
19280982,"IDÅSEN - Desk sit/stand, 160x80 cm",Tables & desks,70382,2995.0,60,,"a steady surface for meals, work or study","dining, home-office, long-hours",Chairs; Cabinets & cupboards,Jon Karlsson,https://www.ikea.com/sa/en/p/idasen-desk-sit-stand-black-beige-s19280982/
80278273,"HILVER - Leg cone-shaped, 70 cm",Tables & desks,2350,100.0,60,,"a steady surface for meals, work or study","dining, home-office, long-hours",Chairs; Cabinets & cupboards,Chenyi Ke,https://www.ikea.com/sa/en/p/hilver-leg-cone-shaped-bamboo-80278273/
9214153,"LINNMON / ADILS - Table, 120x60 cm",Tables & desks,4112,175.0,60,,"a steady surface for meals, work or study","dining, home-office, long-hours",Chairs; Cabinets & cupboards,IKEA of Sweden/Gustav Carlberg,https://www.ikea.com/sa/en/p/linnmon-adils-table-geometric-beige-beige-s09214153/
39001942,"LINNMON / KRILLE - Table, 150x75 cm",Tables & desks,11162,475.0,60,,"a steady surface for meals, work or study","dining, home-office, long-hours",Chairs; Cabinets & cupboards,IKEA of Sweden/Francis Cayouette,https://www.ikea.com/sa/en/p/linnmon-krille-table-white-s39001942/
59930958,"LINNMON / LALLE - Table, 150x75 cm",Tables & desks,11162,475.0,60,,"a steady surface for meals, work or study","dining, home-office, long-hours",Chairs; Cabinets & cupboards,IKEA of Sweden/Tina Christensen,https://www.ikea.com/sa/en/p/linnmon-lalle-table-black-brown-black-s59930958/
50219044,"FREDDE - Desk, 185x74x146 cm",Tables & desks,25732,1095.0,60,,"a steady surface for meals, work or study","dining, home-office, long-hours",Chairs; Cabinets & cupboards,David Wahl,https://www.ikea.com/sa/en/p/fredde-desk-black-50219044/
10297656,"LISABO - Side table, 45x45 cm",Tables & desks,6932,295.0,60,,"a steady surface for meals, work or study","dining, home-office, long-hours",Chairs; Cabinets & cupboards,K Hagberg/M Hagberg,https://www.ikea.com/sa/en/p/lisabo-side-table-ash-veneer-10297656/
19022808,"BEKANT - Desk, 160x80 cm",Tables & desks,26320,1120.0,60,,"a steady surface for meals, work or study","dining, home-office, long-hours",Chairs; Cabinets & cupboards,K Malmvall/E Lilja Löwenhielm,https://www.ikea.com/sa/en/p/bekant-desk-white-s19022808/
80361564,"VANGSTA - Extendable table, 120/180x75 cm",Tables & desks,12808,545.0,60,,"a steady surface for meals, work or study","dining, home-office, long-hours",Chairs; Cabinets & cupboards,IKEA of Sweden,https://www.ikea.com/sa/en/p/vangsta-extendable-table-white-80361564/
70359986,TYSSEDAL - Storage stool,Tables & desks,9282,395.0,60,,"a steady surface for meals, work or study","dining, home-office, long-hours",Chairs; Cabinets & cupboards,Ebba Strandmark,https://www.ikea.com/sa/en/p/tyssedal-storage-stool-white-70359986/
20293766,"MÖRBYLÅNGA - Table, 220x100 cm",Tables & desks,58632,2495.0,60,,"a steady surface for meals, work or study","dining, home-office, long-hours",Chairs; Cabinets & cupboards,S Lanneskog/J Marnell,https://www.ikea.com/sa/en/p/moerbylanga-table-oak-veneer-brown-stained-20293766/
40423106,"INGATORP - Drop-leaf table, 65/123x78 cm",Tables & desks,13982,595.0,60,,"a steady surface for meals, work or study","dining, home-office, long-hours",Chairs; Cabinets & cupboards,Carina Bengs,https://www.ikea.com/sa/en/p/ingatorp-drop-leaf-table-black-brown-40423106/
9320813,"SKARSTA - Desk sit/stand, 120x70 cm",Tables & desks,23500,1000.0,60,,"a steady surface for meals, work or study","dining, home-office, long-hours",Chairs; Cabinets & cupboards,Jon Karlsson,https://www.ikea.com/sa/en/p/skarsta-desk-sit-stand-beige-white-s09320813/
39213915,"KLIMPEN - Table, 150x75 cm",Tables & desks,36190,1540.0,60,,"a steady surface for meals, work or study","dining, home-office, long-hours",Chairs; Cabinets & cupboards,Tina Christensen,https://www.ikea.com/sa/en/p/klimpen-table-grey-light-grey-s39213915/
30260807,"ARKELSTORP - Coffee table, 65x140x52 cm",Tables & desks,18682,795.0,60,,"a steady surface for meals, work or study","dining, home-office, long-hours",Chairs; Cabinets & cupboards,Ebba Strandmark,https://www.ikea.com/sa/en/p/arkelstorp-coffee-table-black-30260807/
79140700,"ÖVRARYD - Table, 150x78 cm",Tables & desks,14922,635.0,60,,"a steady surface for meals, work or study","dining, home-office, long-hours",Chairs; Cabinets & cupboards,David Wahl,https://www.ikea.com/sa/en/p/oevraryd-table-white-bamboo-bamboo-backaryd-white-s79140700/
90365458,"TORSKLINT - Leg, 70 cm",Tables & desks,2350,100.0,60,,"a steady surface for meals, work or study","dining, home-office, long-hours",Chairs; Cabinets & cupboards,Jomi Evers,https://www.ikea.com/sa/en/p/torsklint-leg-light-grey-90365458/
366301,"BEKANT - Table top, 160x80 cm",Tables & desks,15862,675.0,60,,"a steady surface for meals, work or study","dining, home-office, long-hours",Chairs; Cabinets & cupboards,K Malmvall/E Lilja Löwenhielm,https://www.ikea.com/sa/en/p/bekant-table-top-white-stained-oak-veneer-00366301/
29287964,"BEKANT - Reception desk, 160x80 55 cm",Tables & desks,41572,1769.0,60,,"a steady surface for meals, work or study","dining, home-office, long-hours",Chairs; Cabinets & cupboards,K Malmvall/E Lilja Löwenhielm,https://www.ikea.com/sa/en/p/bekant-reception-desk-black-stained-ash-veneer-black-s29287964/
29296690,"BEKANT - Conference table, 420x140 cm",Tables & desks,145230,6180.0,60,,"a steady surface for meals, work or study","dining, home-office, long-hours",Chairs; Cabinets & cupboards,K Malmvall/E Lilja Löwenhielm,https://www.ikea.com/sa/en/p/bekant-conference-table-black-stained-ash-veneer-white-s29296690/
60261037,"ARKELSTORP - Desk, 140x70 cm",Tables & desks,22208,945.0,60,,"a steady surface for meals, work or study","dining, home-office, long-hours",Chairs; Cabinets & cupboards,Ebba Strandmark,https://www.ikea.com/sa/en/p/arkelstorp-desk-black-60261037/
361940,"INGATORP - Desk, 73x50 cm",Tables & desks,16332,695.0,60,,"a steady surface for meals, work or study","dining, home-office, long-hours",Chairs; Cabinets & cupboards,Carina Bengs,https://www.ikea.com/sa/en/p/ingatorp-desk-white-00361940/
90388978,"VIKHAMMER - Bedside table, 60x39 cm",Tables & desks,9282,395.0,60,,"a steady surface for meals, work or study","dining, home-office, long-hours",Chairs; Cabinets & cupboards,Marcus Arvonen,https://www.ikea.com/sa/en/p/vikhammer-bedside-table-black-90388978/
70340807,"EKEDALEN - Extendable table, 120/180x80 cm",Tables & desks,18682,795.0,60,,"a steady surface for meals, work or study","dining, home-office, long-hours",Chairs; Cabinets & cupboards,Ehlén Johansson,https://www.ikea.com/sa/en/p/ekedalen-extendable-table-white-70340807/
99047145,"HILVER / LERBERG - Table, 140x65 cm",Tables & desks,10222,435.0,60,,"a steady surface for meals, work or study","dining, home-office, long-hours",Chairs; Cabinets & cupboards,Chenyi Ke/IKEA of Sweden,https://www.ikea.com/sa/en/p/hilver-lerberg-table-bamboo-grey-s99047145/
29330811,"LINNMON / LERBERG - Table, 120x60 cm",Tables & desks,4112,175.0,60,,"a steady surface for meals, work or study","dining, home-office, long-hours",Chairs; Cabinets & cupboards,IKEA of Sweden,https://www.ikea.com/sa/en/p/linnmon-lerberg-table-white-blue-s29330811/
39335498,"LINNMON / ADILS - Table, 120x60 cm",Tables & desks,3408,145.0,60,,"a steady surface for meals, work or study","dining, home-office, long-hours",Chairs; Cabinets & cupboards,IKEA of Sweden,https://www.ikea.com/sa/en/p/linnmon-adils-table-green-black-s39335498/
9282547,"BEKANT - Storage unit on castors, 61x101 cm",Tables & desks,29492,1255.0,60,,"a steady surface for meals, work or study","dining, home-office, long-hours",Chairs; Cabinets & cupboards,Eva Lilja Löwenhielm,https://www.ikea.com/sa/en/p/bekant-storage-unit-on-castors-mesh-white-s09282547/
20116778,"BJURSTA - Extendable table, 115/166 cm",Tables & desks,28082,1195.0,60,,"a steady surface for meals, work or study","dining, home-office, long-hours",Chairs; Cabinets & cupboards,Tord Björklund,https://www.ikea.com/sa/en/p/bjursta-extendable-table-brown-black-20116778/
9213686,"GLASHOLM / ODDVALD - Table, 148x73 cm",Tables & desks,11632,495.0,60,,"a steady surface for meals, work or study","dining, home-office, long-hours",Chairs; Cabinets & cupboards,IKEA of Sweden/Jomi Evers,https://www.ikea.com/sa/en/p/glasholm-oddvald-table-glass-honeycomb-patterned-black-s09213686/
9214233,"LINNMON / OLOV - Table, 120x60 cm",Tables & desks,8248,351.0,60,,"a steady surface for meals, work or study","dining, home-office, long-hours",Chairs; Cabinets & cupboards,IKEA of Sweden,https://www.ikea.com/sa/en/p/linnmon-olov-table-beige-silver-colour-s09214233/
49289392,"BEKANT - Desk sit/stand with screen, 160x160 120 cm",Tables & desks,155429,6614.0,60,,"a steady surface for meals, work or study","dining, home-office, long-hours",Chairs; Cabinets & cupboards,K Malmvall/E Lilja Löwenhielm,https://www.ikea.com/sa/en/p/bekant-desk-sit-stand-with-screen-white-stained-oak-veneer-white-s49289392/
59213839,"KLIMPEN - Table, 120x60 cm",Tables & desks,30902,1315.0,60,,"a steady surface for meals, work or study","dining, home-office, long-hours",Chairs; Cabinets & cupboards,Tina Christensen,https://www.ikea.com/sa/en/p/klimpen-table-light-grey-grey-s59213839/
69214230,"LINNMON / KRILLE - Table, 120x60 cm",Tables & desks,9048,385.0,60,,"a steady surface for meals, work or study","dining, home-office, long-hours",Chairs; Cabinets & cupboards,IKEA of Sweden/Francis Cayouette,https://www.ikea.com/sa/en/p/linnmon-krille-table-blue-white-s69214230/
79061180,"BEKANT - Desk sit/stand with screen, 160x160 55 cm",Tables & desks,141564,6024.0,60,,"a steady surface for meals, work or study","dining, home-office, long-hours",Chairs; Cabinets & cupboards,K Malmvall/E Lilja Löwenhielm,https://www.ikea.com/sa/en/p/bekant-desk-sit-stand-with-screen-white-s79061180/
80278305,"BEKANT - Underframe sit/stand crnr table, el, 160x110 cm",Tables & desks,55812,2375.0,60,,"a steady surface for meals, work or study","dining, home-office, long-hours",Chairs; Cabinets & cupboards,K Malmvall/E Lilja Löwenhielm,https://www.ikea.com/sa/en/p/bekant-underframe-sit-stand-crnr-table-el-white-80278305/
89331332,"LINNMON / ADILS - Table, 150x75 cm",Tables & desks,5522,235.0,60,,"a steady surface for meals, work or study","dining, home-office, long-hours",Chairs; Cabinets & cupboards,IKEA of Sweden,https://www.ikea.com/sa/en/p/linnmon-adils-table-light-grey-white-s89331332/
70221423,"INGATORP - Extendable table, 155/215x87 cm",Tables & desks,22208,945.0,60,,"a steady surface for meals, work or study","dining, home-office, long-hours",Chairs; Cabinets & cupboards,Carina Bengs,https://www.ikea.com/sa/en/p/ingatorp-extendable-table-white-70221423/
60251335,"LINNMON - Corner table top, 120x120 cm",Tables & desks,4582,195.0,60,,"a steady surface for meals, work or study","dining, home-office, long-hours",Chairs; Cabinets & cupboards,Jon Karlsson,https://www.ikea.com/sa/en/p/linnmon-corner-table-top-black-brown-60251335/
19220196,"LINNMON / OLOV - Table, 120x60 cm",Tables & desks,6698,285.0,60,,"a steady surface for meals, work or study","dining, home-office, long-hours",Chairs; Cabinets & cupboards,IKEA of Sweden,https://www.ikea.com/sa/en/p/linnmon-olov-table-white-s19220196/
60261626,"GERTON - Leg, adjustable",Tables & desks,1880,80.0,60,,"a steady surface for meals, work or study","dining, home-office, long-hours",Chairs; Cabinets & cupboards,IKEA of Sweden,https://www.ikea.com/sa/en/p/gerton-leg-adjustable-chrome-plated-60261626/
40219285,"NORDLI - Bedside table, 30x50 cm",Tables & desks,9988,425.0,60,,"a steady surface for meals, work or study","dining, home-office, long-hours",Chairs; Cabinets & cupboards,Ola Wihlborg,https://www.ikea.com/sa/en/p/nordli-bedside-table-white-40219285/
99215681,"LINNMON / GODVIN - Table, 150x75 cm",Tables & desks,4818,205.0,60,,"a steady surface for meals, work or study","dining, home-office, long-hours",Chairs; Cabinets & cupboards,IKEA of Sweden,https://www.ikea.com/sa/en/p/linnmon-godvin-table-beige-white-s99215681/
9128947,"PÅHL - Desk, 128x58 cm",Tables & desks,7638,325.0,60,,"a steady surface for meals, work or study","dining, home-office, long-hours",Chairs; Cabinets & cupboards,S Fager/J Jelinek,https://www.ikea.com/sa/en/p/pahl-desk-white-blue-s09128947/
69282629,"BEKANT - Desk, 140x60 cm",Tables & desks,31138,1325.0,60,,"a steady surface for meals, work or study","dining, home-office, long-hours",Chairs; Cabinets & cupboards,K Malmvall/E Lilja Löwenhielm,https://www.ikea.com/sa/en/p/bekant-desk-black-stained-ash-veneer-black-s69282629/
49336077,"LINNMON / FINNVARD - Table, 150x75 cm",Tables & desks,11632,495.0,60,,"a steady surface for meals, work or study","dining, home-office, long-hours",Chairs; Cabinets & cupboards,IKEA of Sweden,https://www.ikea.com/sa/en/p/linnmon-finnvard-table-green-birch-s49336077/
69214145,"KLIMPEN - Table, 240x60 cm",Tables & desks,53698,2285.0,60,,"a steady surface for meals, work or study","dining, home-office, long-hours",Chairs; Cabinets & cupboards,Tina Christensen,https://www.ikea.com/sa/en/p/klimpen-table-light-grey-s69214145/
9046433,"GERTON - Table, 155x75 cm",Tables & desks,16802,715.0,60,,"a steady surface for meals, work or study","dining, home-office, long-hours",Chairs; Cabinets & cupboards,IKEA of Sweden,https://www.ikea.com/sa/en/p/gerton-table-beech-chrome-plated-s09046433/
9280930,"IDÅSEN - Desk sit/stand, 120x70 cm",Tables & desks,66858,2845.0,60,,"a steady surface for meals, work or study","dining, home-office, long-hours",Chairs; Cabinets & cupboards,Jon Karlsson,https://www.ikea.com/sa/en/p/idasen-desk-sit-stand-black-beige-s09280930/
10252974,"BEKANT - Underframe for corner table top, 160x110 cm",Tables & desks,19388,825.0,60,,"a steady surface for meals, work or study","dining, home-office, long-hours",Chairs; Cabinets & cupboards,K Malmvall/E Lilja Löwenhielm,https://www.ikea.com/sa/en/p/bekant-underframe-for-corner-table-top-white-10252974/
29046583,"BEKANT - Desk combination, 280x120 cm",Tables & desks,141658,6028.0,60,,"a steady surface for meals, work or study","dining, home-office, long-hours",Chairs; Cabinets & cupboards,K Malmvall/E Lilja Löwenhielm,https://www.ikea.com/sa/en/p/bekant-desk-combination-white-s29046583/
49229925,"ÅMLIDEN / KRILLE - Table, 120x60 cm",Tables & desks,13982,595.0,60,,"a steady surface for meals, work or study","dining, home-office, long-hours",Chairs; Cabinets & cupboards,Francis Cayouette/Jomi Evers,https://www.ikea.com/sa/en/p/amliden-krille-table-grey-green-white-s49229925/
50267308,"BEKANT - Table top, 140x140 cm",Tables & desks,20562,875.0,60,,"a steady surface for meals, work or study","dining, home-office, long-hours",Chairs; Cabinets & cupboards,K Malmvall/E Lilja Löwenhielm,https://www.ikea.com/sa/en/p/bekant-table-top-white-50267308/
59214240,"LINNMON / OLOV - Table, 120x60 cm",Tables & desks,9752,415.0,60,,"a steady surface for meals, work or study","dining, home-office, long-hours",Chairs; Cabinets & cupboards,Gustav Carlberg/IKEA of Sweden,https://www.ikea.com/sa/en/p/linnmon-olov-table-geometric-beige-silver-colour-s59214240/
59282291,"BEKANT - Corner desk left sit/stand, 160x110 cm",Tables & desks,68620,2920.0,60,,"a steady surface for meals, work or study","dining, home-office, long-hours",Chairs; Cabinets & cupboards,K Malmvall/E Lilja Löwenhielm,https://www.ikea.com/sa/en/p/bekant-corner-desk-left-sit-stand-black-stained-ash-veneer-white-s59282291/
60355446,"ALVARET - Leg, 70 cm",Tables & desks,2232,95.0,60,,"a steady surface for meals, work or study","dining, home-office, long-hours",Chairs; Cabinets & cupboards,Jomi Evers,https://www.ikea.com/sa/en/p/alvaret-leg-grey-dark-grey-60355446/
79140696,"SLÄHULT - Table, 185x90 cm",Tables & desks,14452,615.0,60,,"a steady surface for meals, work or study","dining, home-office, long-hours",Chairs; Cabinets & cupboards,IKEA of Sweden/David Wahl,https://www.ikea.com/sa/en/p/slaehult-table-white-backaryd-white-white-s79140696/
80281416,"RYDEBÄCK - Table top, 150x78x3.7 cm",Tables & desks,7050,300.0,60,,"a steady surface for meals, work or study","dining, home-office, long-hours",Chairs; Cabinets & cupboards,IKEA of Sweden,https://www.ikea.com/sa/en/p/rydebaeck-table-top-white-80281416/
89217510,"LINNMON / ALEX - Table, 150x75 cm",Tables & desks,10105,430.0,60,,"a steady surface for meals, work or study","dining, home-office, long-hours",Chairs; Cabinets & cupboards,Johanna Asshoff/IKEA of Sweden,https://www.ikea.com/sa/en/p/linnmon-alex-table-beige-white-s89217510/
99216652,"LINNMON / KRILLE - Table, 150x75 cm",Tables & desks,11162,475.0,60,,"a steady surface for meals, work or study","dining, home-office, long-hours",Chairs; Cabinets & cupboards,IKEA of Sweden/Francis Cayouette,https://www.ikea.com/sa/en/p/linnmon-krille-table-white-white-stained-oak-effect-white-s99216652/
50444306,"LERHAMN - Table, 74x74 cm",Tables & desks,7026,299.0,60,,"a steady surface for meals, work or study","dining, home-office, long-hours",Chairs; Cabinets & cupboards,Nike Karlsson,https://www.ikea.com/sa/en/p/lerhamn-table-black-brown-50444306/
70419264,"SKOGSTA - Dining table, 235x100 cm",Tables & desks,46882,1995.0,60,,"a steady surface for meals, work or study","dining, home-office, long-hours",Chairs; Cabinets & cupboards,Marcus Arvonen,https://www.ikea.com/sa/en/p/skogsta-dining-table-acacia-70419264/
90297657,"LISABO - Coffee table, 70x70 cm",Tables & desks,9282,395.0,60,,"a steady surface for meals, work or study","dining, home-office, long-hours",Chairs; Cabinets & cupboards,K Hagberg/M Hagberg,https://www.ikea.com/sa/en/p/lisabo-coffee-table-ash-veneer-90297657/
40426275,"SKOGSTORP - Dining table, 155x75 cm",Tables & desks,42182,1795.0,60,,"a steady surface for meals, work or study","dining, home-office, long-hours",Chairs; Cabinets & cupboards,"404.262.75 Solid wood is a hardwearing natural material.Handmade by skilled craftspeople, which makes every product unique in design and size.For increased stability, re-tighten the screws about two weeks after assembly and when necessary.Seats 4-6.",https://www.ikea.com/sa/en/p/skogstorp-dining-table-oak-white-40426275/
89215672,"LINNMON / ADILS - Table, 150x75 cm",Tables & desks,5522,235.0,60,,"a steady surface for meals, work or study","dining, home-office, long-hours",Chairs; Cabinets & cupboards,IKEA of Sweden,https://www.ikea.com/sa/en/p/linnmon-adils-table-white-white-stained-oak-effect-white-s89215672/
19281024,"IDÅSEN - Desk, 120x70 cm",Tables & desks,30432,1295.0,60,,"a steady surface for meals, work or study","dining, home-office, long-hours",Chairs; Cabinets & cupboards,Jon Karlsson,https://www.ikea.com/sa/en/p/idasen-desk-black-dark-grey-s19281024/
20433903,"MARKERAD - Table, 170x75 cm",Tables & desks,19670,837.0,60,,"a steady surface for meals, work or study","dining, home-office, long-hours",Chairs; Cabinets & cupboards,Virgil Abloh,https://www.ikea.com/sa/en/p/markerad-table-beech-birch-20433903/
30250257,"KRILLE - Leg with castor, 70 cm",Tables & desks,1762,75.0,60,,"a steady surface for meals, work or study","dining, home-office, long-hours",Chairs; Cabinets & cupboards,Francis Cayouette,https://www.ikea.com/sa/en/p/krille-leg-with-castor-white-30250257/
40348923,"TINGBY - Table, 180x90 cm",Tables & desks,23382,995.0,60,,"a steady surface for meals, work or study","dining, home-office, long-hours",Chairs; Cabinets & cupboards,Mikael Warnhammar,https://www.ikea.com/sa/en/p/tingby-table-white-40348923/
59282583,"BEKANT - Desk, 120x80 cm",Tables & desks,30432,1295.0,60,,"a steady surface for meals, work or study","dining, home-office, long-hours",Chairs; Cabinets & cupboards,K Malmvall/E Lilja Löwenhielm,https://www.ikea.com/sa/en/p/bekant-desk-black-stained-ash-veneer-black-s59282583/
89281030,"IDÅSEN - Desk, 160x80 cm",Tables & desks,37365,1590.0,60,,"a steady surface for meals, work or study","dining, home-office, long-hours",Chairs; Cabinets & cupboards,Jon Karlsson,https://www.ikea.com/sa/en/p/idasen-desk-brown-beige-s89281030/
9229946,"ÅMLIDEN / OLOV - Table, 120x60 cm",Tables & desks,11632,495.0,60,,"a steady surface for meals, work or study","dining, home-office, long-hours",Chairs; Cabinets & cupboards,Jomi Evers/IKEA of Sweden,https://www.ikea.com/sa/en/p/amliden-olov-table-grey-green-white-s09229946/
69331012,"LINNMON / LERBERG - Table, 150x75 cm",Tables & desks,6228,265.0,60,,"a steady surface for meals, work or study","dining, home-office, long-hours",Chairs; Cabinets & cupboards,IKEA of Sweden,https://www.ikea.com/sa/en/p/linnmon-lerberg-table-light-grey-white-blue-s69331012/
79006297,"BEKANT - Conference table, 280x140 cm",Tables & desks,99640,4240.0,60,,"a steady surface for meals, work or study","dining, home-office, long-hours",Chairs; Cabinets & cupboards,K Malmvall/E Lilja Löwenhielm,https://www.ikea.com/sa/en/p/bekant-conference-table-white-s79006297/
89284689,"BEKANT - Conference table, 140x140 cm",Tables & desks,43475,1850.0,60,,"a steady surface for meals, work or study","dining, home-office, long-hours",Chairs; Cabinets & cupboards,K Malmvall/E Lilja Löwenhielm,https://www.ikea.com/sa/en/p/bekant-conference-table-white-stained-oak-veneer-black-s89284689/
252875,"BEKANT - Frame for table top, 140x140 cm",Tables & desks,21738,925.0,60,,"a steady surface for meals, work or study","dining, home-office, long-hours",Chairs; Cabinets & cupboards,K Malmvall/E Lilja Löwenhielm,https://www.ikea.com/sa/en/p/bekant-frame-for-table-top-black-00252875/
29229931,"GERTON / TORSKLINT - Table, 155x75 cm",Tables & desks,18682,795.0,60,,"a steady surface for meals, work or study","dining, home-office, long-hours",Chairs; Cabinets & cupboards,IKEA of Sweden/Jomi Evers,https://www.ikea.com/sa/en/p/gerton-torsklint-table-beech-light-grey-s29229931/
366749,"BEKANT - Table top, 140x70 cm",Tables & desks,11632,495.0,60,,"a steady surface for meals, work or study","dining, home-office, long-hours",Chairs; Cabinets & cupboards,K Malmvall/E Lilja Löwenhielm,https://www.ikea.com/sa/en/p/bekant-table-top-half-round-white-stained-oak-veneer-00366749/
30255250,"BEKANT - Underframe sit/stand f table tp, el, 120x80 cm",Tables & desks,49350,2100.0,60,,"a steady surface for meals, work or study","dining, home-office, long-hours",Chairs; Cabinets & cupboards,K Malmvall/E Lilja Löwenhielm,https://www.ikea.com/sa/en/p/bekant-underframe-sit-stand-f-table-tp-el-black-30255250/
39214321,"LINNMON / GODVIN - Table, 120x60 cm",Tables & desks,9635,410.0,60,,"a steady surface for meals, work or study","dining, home-office, long-hours",Chairs; Cabinets & cupboards,Johanna Asshoff/IKEA of Sweden,https://www.ikea.com/sa/en/p/linnmon-godvin-table-white-white-stain-white-s39214321/
40368713,"NORDVIKEN - Extendable table, 210/289x105 cm",Tables & desks,46882,1995.0,60,,"a steady surface for meals, work or study","dining, home-office, long-hours",Chairs; Cabinets & cupboards,Francis Cayouette,https://www.ikea.com/sa/en/p/nordviken-extendable-table-white-40368713/
50268812,"BEKANT - Screen for desk, 55 cm",Tables & desks,5570,237.0,60,,"a steady surface for meals, work or study","dining, home-office, long-hours",Chairs; Cabinets & cupboards,K Malmvall/E Lilja Löwenhielm,https://www.ikea.com/sa/en/p/bekant-screen-for-desk-grey-50268812/
59222264,"LINNMON / ALVARET - Table, 150x75 cm",Tables & desks,13042,555.0,60,,"a steady surface for meals, work or study","dining, home-office, long-hours",Chairs; Cabinets & cupboards,Jomi Evers/IKEA of Sweden,https://www.ikea.com/sa/en/p/linnmon-alvaret-table-white-grey-s59222264/
59288212,"BEKANT - Desk with screen, 320x160 120 cm",Tables & desks,155288,6608.0,60,,"a steady surface for meals, work or study","dining, home-office, long-hours",Chairs; Cabinets & cupboards,K Malmvall/E Lilja Löwenhielm,https://www.ikea.com/sa/en/p/bekant-desk-with-screen-linoleum-blue-white-s59288212/
79214319,"LINNMON / GODVIN - Table, 120x60 cm",Tables & desks,10340,440.0,60,,"a steady surface for meals, work or study","dining, home-office, long-hours",Chairs; Cabinets & cupboards,Johanna Asshoff/IKEA of Sweden/Gustav Carlberg,https://www.ikea.com/sa/en/p/linnmon-godvin-table-geometric-beige-white-s79214319/
79288273,"BEKANT - Reception desk sit/stand, 160x80 120 cm",Tables & desks,86104,3664.0,60,,"a steady surface for meals, work or study","dining, home-office, long-hours",Chairs; Cabinets & cupboards,K Malmvall/E Lilja Löwenhielm,https://www.ikea.com/sa/en/p/bekant-reception-desk-sit-stand-linoleum-blue-white-s79288273/
89214309,"LINNMON / ALEX - Table, 120x60 cm",Tables & desks,9870,420.0,60,,"a steady surface for meals, work or study","dining, home-office, long-hours",Chairs; Cabinets & cupboards,Johanna Asshoff/Gustav Carlberg,https://www.ikea.com/sa/en/p/linnmon-alex-table-geometric-beige-white-s89214309/
60253184,"BEKANT - Table top, 120x80 cm",Tables & desks,12808,545.0,60,,"a steady surface for meals, work or study","dining, home-office, long-hours",Chairs; Cabinets & cupboards,K Malmvall/E Lilja Löwenhielm,https://www.ikea.com/sa/en/p/bekant-table-top-white-60253184/
60444301,"LERHAMN - Table, 118x74 cm",Tables & desks,9376,399.0,60,,"a steady surface for meals, work or study","dining, home-office, long-hours",Chairs; Cabinets & cupboards,Nike Karlsson,https://www.ikea.com/sa/en/p/lerhamn-table-black-brown-60444301/
70340765,"EKEDALEN - Extendable table, 180/240x90 cm",Tables & desks,23382,995.0,60,,"a steady surface for meals, work or study","dining, home-office, long-hours",Chairs; Cabinets & cupboards,Ehlén Johansson,https://www.ikea.com/sa/en/p/ekedalen-extendable-table-white-70340765/
60447776,"LANEBERG - Extendable table, 130/190x80 cm",Tables & desks,16332,695.0,60,,"a steady surface for meals, work or study","dining, home-office, long-hours",Chairs; Cabinets & cupboards,K Hagberg/M Hagberg,https://www.ikea.com/sa/en/p/laneberg-extendable-table-brown-60447776/
30340809,"EKEDALEN - Extendable table, 120/180x80 cm",Tables & desks,18682,795.0,60,,"a steady surface for meals, work or study","dining, home-office, long-hours",Chairs; Cabinets & cupboards,Ehlén Johansson,https://www.ikea.com/sa/en/p/ekedalen-extendable-table-brown-30340809/
60416138,"LANEBERG - Extendable table, 130/190x80 cm",Tables & desks,16332,695.0,60,,"a steady surface for meals, work or study","dining, home-office, long-hours",Chairs; Cabinets & cupboards,K Hagberg/M Hagberg,https://www.ikea.com/sa/en/p/laneberg-extendable-table-white-60416138/
10420152,"VANGSTA - Extendable table, 120/180x75 cm",Tables & desks,11632,495.0,60,,"a steady surface for meals, work or study","dining, home-office, long-hours",Chairs; Cabinets & cupboards,IKEA of Sweden,https://www.ikea.com/sa/en/p/vangsta-extendable-table-black-dark-brown-10420152/
39931845,"TORSBY - Table, 135x85 cm",Tables & desks,21032,895.0,60,,"a steady surface for meals, work or study","dining, home-office, long-hours",Chairs; Cabinets & cupboards,Carl Öjerstam/IKEA of Sweden,https://www.ikea.com/sa/en/p/torsby-table-chrome-plated-high-gloss-white-s39931845/
40340804,"EKEDALEN - Extendable table, 120/180x80 cm",Tables & desks,18682,795.0,60,,"a steady surface for meals, work or study","dining, home-office, long-hours",Chairs; Cabinets & cupboards,Ehlén Johansson,https://www.ikea.com/sa/en/p/ekedalen-extendable-table-dark-brown-40340804/
49022519,"BEKANT - Desk sit/stand, 120x80 cm",Tables & desks,62158,2645.0,60,,"a steady surface for meals, work or study","dining, home-office, long-hours",Chairs; Cabinets & cupboards,K Malmvall/E Lilja Löwenhielm,https://www.ikea.com/sa/en/p/bekant-desk-sit-stand-white-s49022519/
49214231,"LINNMON / KRILLE - Table, 120x60 cm",Tables & desks,9048,385.0,60,,"a steady surface for meals, work or study","dining, home-office, long-hours",Chairs; Cabinets & cupboards,Francis Cayouette/IKEA of Sweden,https://www.ikea.com/sa/en/p/linnmon-krille-table-white-white-stained-oak-effect-white-s49214231/
50386245,"MÖRBYLÅNGA - Table, 140x85 cm",Tables & desks,53932,2295.0,60,,"a steady surface for meals, work or study","dining, home-office, long-hours",Chairs; Cabinets & cupboards,S Lanneskog/J Marnell,https://www.ikea.com/sa/en/p/moerbylanga-table-oak-veneer-brown-stained-50386245/
59040344,"VÄSTANBY - Table, 170x78 cm",Tables & desks,30902,1315.0,60,,"a steady surface for meals, work or study","dining, home-office, long-hours",Chairs; Cabinets & cupboards,Chris Martin/IKEA of Sweden,https://www.ikea.com/sa/en/p/vaestanby-table-dark-brown-vaestana-dark-brown-s59040344/
20403878,"IDÅSEN - Table top, 120x70 cm",Tables & desks,10575,450.0,60,,"a steady surface for meals, work or study","dining, home-office, long-hours",Chairs; Cabinets & cupboards,Jon Karlsson,https://www.ikea.com/sa/en/p/idasen-table-top-black-20403878/
80397916,"IDÅSEN - Underframe for table top, 146x67x76 cm",Tables & desks,19858,845.0,60,,"a steady surface for meals, work or study","dining, home-office, long-hours",Chairs; Cabinets & cupboards,Jon Karlsson,https://www.ikea.com/sa/en/p/idasen-underframe-for-table-top-dark-grey-80397916/
90340769,"EKEDALEN - Extendable table, 180/240x90 cm",Tables & desks,23382,995.0,60,,"a steady surface for meals, work or study","dining, home-office, long-hours",Chairs; Cabinets & cupboards,Ehlén Johansson,https://www.ikea.com/sa/en/p/ekedalen-extendable-table-brown-90340769/
19324815,"SKARSTA - Desk sit/stand, 160x80 cm",Tables & desks,25732,1095.0,60,,"a steady surface for meals, work or study","dining, home-office, long-hours",Chairs; Cabinets & cupboards,Jon Karlsson,https://www.ikea.com/sa/en/p/skarsta-desk-sit-stand-beige-white-s19324815/
20206806,"IKEA PS 2012 - Drop-leaf table, 74/106/138x80 cm",Tables & desks,21032,895.0,60,,"a steady surface for meals, work or study","dining, home-office, long-hours",Chairs; Cabinets & cupboards,Jon Karlsson,https://www.ikea.com/sa/en/p/ikea-ps-2012-drop-leaf-table-bamboo-white-20206806/
30353745,"GLASHOLM - Table top, 148x73 cm",Tables & desks,8108,345.0,60,,"a steady surface for meals, work or study","dining, home-office, long-hours",Chairs; Cabinets & cupboards,Jomi Evers,https://www.ikea.com/sa/en/p/glasholm-table-top-glass-honeycomb-patterned-30353745/
60247027,"GAMLEBY - Gateleg table, 67/134/201x78 cm",Tables & desks,30432,1295.0,60,,"a steady surface for meals, work or study","dining, home-office, long-hours",Chairs; Cabinets & cupboards,IKEA of Sweden,https://www.ikea.com/sa/en/p/gamleby-gateleg-table-light-antique-stain-grey-60247027/
69222249,"GERTON - Table, 155x75 cm",Tables & desks,18212,775.0,60,,"a steady surface for meals, work or study","dining, home-office, long-hours",Chairs; Cabinets & cupboards,IKEA of Sweden/Jomi Evers,https://www.ikea.com/sa/en/p/gerton-table-beech-grey-s69222249/
69282525,"BEKANT - Storage unit on legs, 41x101 cm",Tables & desks,24534,1044.0,60,,"a steady surface for meals, work or study","dining, home-office, long-hours",Chairs; Cabinets & cupboards,Eva Lilja Löwenhielm,https://www.ikea.com/sa/en/p/bekant-storage-unit-on-legs-mesh-black-s69282525/
60403881,"IDÅSEN - Table top, 160x80 cm",Tables & desks,14100,600.0,60,,"a steady surface for meals, work or study","dining, home-office, long-hours",Chairs; Cabinets & cupboards,Jon Karlsson,https://www.ikea.com/sa/en/p/idasen-table-top-black-60403881/
70279447,VÄSTANÅ - Underframe,Tables & desks,13982,595.0,60,,"a steady surface for meals, work or study","dining, home-office, long-hours",Chairs; Cabinets & cupboards,Chris Martin,https://www.ikea.com/sa/en/p/vaestana-underframe-dark-brown-70279447/
79288230,"STENSELE - Table, 70 cm",Tables & desks,10575,450.0,60,,"a steady surface for meals, work or study","dining, home-office, long-hours",Chairs; Cabinets & cupboards,Maja Ganszyniec,https://www.ikea.com/sa/en/p/stensele-table-anthracite-anthracite-s79288230/
80382439,"LISABO - Table, 140x78 cm",Tables & desks,16332,695.0,60,,"a steady surface for meals, work or study","dining, home-office, long-hours",Chairs; Cabinets & cupboards,K Hagberg/M Hagberg,https://www.ikea.com/sa/en/p/lisabo-table-black-80382439/
99331384,"LINNMON / OLOV - Table, 150x75 cm",Tables & desks,8812,375.0,60,,"a steady surface for meals, work or study","dining, home-office, long-hours",Chairs; Cabinets & cupboards,IKEA of Sweden,https://www.ikea.com/sa/en/p/linnmon-olov-table-black-plywood-s99331384/
99932615,"LINNMON / KRILLE - Table, 120x60 cm",Tables & desks,6228,265.0,60,,"a steady surface for meals, work or study","dining, home-office, long-hours",Chairs; Cabinets & cupboards,Francis Cayouette/IKEA of Sweden,https://www.ikea.com/sa/en/p/linnmon-krille-table-white-black-s99932615/
9061169,"BEKANT - Corner desk right sit/stand, 160x110 cm",Tables & desks,67562,2875.0,60,,"a steady surface for meals, work or study","dining, home-office, long-hours",Chairs; Cabinets & cupboards,K Malmvall/E Lilja Löwenhielm,https://www.ikea.com/sa/en/p/bekant-corner-desk-right-sit-stand-white-s09061169/
9214148,"KLIMPEN - Table, 300x75 cm",Tables & desks,60748,2585.0,60,,"a steady surface for meals, work or study","dining, home-office, long-hours",Chairs; Cabinets & cupboards,Tina Christensen,https://www.ikea.com/sa/en/p/klimpen-table-grey-light-grey-s09214148/
9288035,"BEKANT - Desk with screen, 160x160 120 cm",Tables & desks,77644,3304.0,60,,"a steady surface for meals, work or study","dining, home-office, long-hours",Chairs; Cabinets & cupboards,K Malmvall/E Lilja Löwenhielm,https://www.ikea.com/sa/en/p/bekant-desk-with-screen-white-stained-oak-veneer-black-s09288035/
9335555,"LINNMON / LERBERG - Table, 200x60 cm",Tables & desks,7755,330.0,60,,"a steady surface for meals, work or study","dining, home-office, long-hours",Chairs; Cabinets & cupboards,IKEA of Sweden,https://www.ikea.com/sa/en/p/linnmon-lerberg-table-white-blue-s09335555/
10365457,"ÅMLIDEN - Table top, 120x60 cm",Tables & desks,6932,295.0,60,,"a steady surface for meals, work or study","dining, home-office, long-hours",Chairs; Cabinets & cupboards,Jomi Evers,https://www.ikea.com/sa/en/p/amliden-table-top-grey-green-10365457/
19335550,"LINNMON / ALEX - Table, 120x60 cm",Tables & desks,10810,460.0,60,,"a steady surface for meals, work or study","dining, home-office, long-hours",Chairs; Cabinets & cupboards,Johanna Asshoff/IKEA of Sweden,https://www.ikea.com/sa/en/p/linnmon-alex-table-green-white-s19335550/
20340824,"EKEDALEN - Extendable table, 80/120x70 cm",Tables & desks,18682,795.0,60,,"a steady surface for meals, work or study","dining, home-office, long-hours",Chairs; Cabinets & cupboards,Ehlén Johansson,https://www.ikea.com/sa/en/p/ekedalen-extendable-table-dark-brown-20340824/
20255321,"BEKANT - Table top, 140x60 cm",Tables & desks,12808,545.0,60,,"a steady surface for meals, work or study","dining, home-office, long-hours",Chairs; Cabinets & cupboards,K Malmvall/E Lilja Löwenhielm,https://www.ikea.com/sa/en/p/bekant-table-top-white-20255321/
20368714,"NORDVIKEN - Extendable table, 152/223x95 cm",Tables & desks,35132,1495.0,60,,"a steady surface for meals, work or study","dining, home-office, long-hours",Chairs; Cabinets & cupboards,Francis Cayouette,https://www.ikea.com/sa/en/p/nordviken-extendable-table-black-20368714/
29061210,"BEKANT - Reception desk sit/stand, 160x80 55 cm",Tables & desks,76352,3249.0,60,,"a steady surface for meals, work or study","dining, home-office, long-hours",Chairs; Cabinets & cupboards,K Malmvall/E Lilja Löwenhielm,https://www.ikea.com/sa/en/p/bekant-reception-desk-sit-stand-white-s29061210/
29331354,"LINNMON / KRILLE - Table, 150x75 cm",Tables & desks,11162,475.0,60,,"a steady surface for meals, work or study","dining, home-office, long-hours",Chairs; Cabinets & cupboards,Francis Cayouette/IKEA of Sweden,https://www.ikea.com/sa/en/p/linnmon-krille-table-light-grey-white-s29331354/
30247104,"SLÄHULT - Table top, 185x90x2 cm",Tables & desks,9870,420.0,60,,"a steady surface for meals, work or study","dining, home-office, long-hours",Chairs; Cabinets & cupboards,IKEA of Sweden,https://www.ikea.com/sa/en/p/slaehult-table-top-white-30247104/
30252911,"BEKANT - Underframe for table top, 120x80 cm",Tables & desks,16450,700.0,60,,"a steady surface for meals, work or study","dining, home-office, long-hours",Chairs; Cabinets & cupboards,K Malmvall/E Lilja Löwenhielm,https://www.ikea.com/sa/en/p/bekant-underframe-for-table-top-white-30252911/
30255325,"BEKANT - Underframe for table top, 140x60 cm",Tables & desks,17038,725.0,60,,"a steady surface for meals, work or study","dining, home-office, long-hours",Chairs; Cabinets & cupboards,K Malmvall/E Lilja Löwenhielm,https://www.ikea.com/sa/en/p/bekant-underframe-for-table-top-black-30255325/
30279449,"VÄSTANBY - Table top, 170x78x5 cm",Tables & desks,16920,720.0,60,,"a steady surface for meals, work or study","dining, home-office, long-hours",Chairs; Cabinets & cupboards,IKEA of Sweden,https://www.ikea.com/sa/en/p/vaestanby-table-top-dark-brown-30279449/
30366286,"BEKANT - Right-hand corner table top, 160x110 cm",Tables & desks,12808,545.0,60,,"a steady surface for meals, work or study","dining, home-office, long-hours",Chairs; Cabinets & cupboards,K Malmvall/E Lilja Löwenhielm,https://www.ikea.com/sa/en/p/bekant-right-hand-corner-table-top-linoleum-blue-30366286/
39284677,"BEKANT - Conference table, 140 cm",Tables & desks,58280,2480.0,60,,"a steady surface for meals, work or study","dining, home-office, long-hours",Chairs; Cabinets & cupboards,K Malmvall/E Lilja Löwenhielm,https://www.ikea.com/sa/en/p/bekant-conference-table-white-stained-oak-veneer-black-s39284677/
49284610,"BEKANT - Conference table, 140x70 cm",Tables & desks,29140,1240.0,60,,"a steady surface for meals, work or study","dining, home-office, long-hours",Chairs; Cabinets & cupboards,K Malmvall/E Lilja Löwenhielm,https://www.ikea.com/sa/en/p/bekant-conference-table-white-stained-oak-veneer-black-s49284610/
49331310,"LINNMON / KRILLE - Table, 120x60 cm",Tables & desks,9048,385.0,60,,"a steady surface for meals, work or study","dining, home-office, long-hours",Chairs; Cabinets & cupboards,Francis Cayouette/IKEA of Sweden,https://www.ikea.com/sa/en/p/linnmon-krille-table-light-grey-white-s49331310/
49335515,"LINNMON / OLOV - Table, 120x60 cm",Tables & desks,6698,285.0,60,,"a steady surface for meals, work or study","dining, home-office, long-hours",Chairs; Cabinets & cupboards,IKEA of Sweden,https://www.ikea.com/sa/en/p/linnmon-olov-table-green-black-s49335515/
59287929,"BEKANT - Desk with screen, 160x160 55 cm",Tables & desks,72004,3064.0,60,,"a steady surface for meals, work or study","dining, home-office, long-hours",Chairs; Cabinets & cupboards,K Malmvall/E Lilja Löwenhielm,https://www.ikea.com/sa/en/p/bekant-desk-with-screen-white-stained-oak-veneer-black-s59287929/
60252877,"BEKANT - Frame for half-round table top, 140x70 cm",Tables & desks,17508,745.0,60,,"a steady surface for meals, work or study","dining, home-office, long-hours",Chairs; Cabinets & cupboards,K Malmvall/E Lilja Löwenhielm,https://www.ikea.com/sa/en/p/bekant-frame-for-half-round-table-top-black-60252877/
60278306,"BEKANT - Underframe sit/stand f table tp, el, 160x80 cm",Tables & desks,53462,2275.0,60,,"a steady surface for meals, work or study","dining, home-office, long-hours",Chairs; Cabinets & cupboards,K Malmvall/E Lilja Löwenhielm,https://www.ikea.com/sa/en/p/bekant-underframe-sit-stand-f-table-tp-el-black-60278306/
69213928,"KLIMPEN - Table, 120x60 cm",Tables & desks,35602,1515.0,60,,"a steady surface for meals, work or study","dining, home-office, long-hours",Chairs; Cabinets & cupboards,Tina Christensen,https://www.ikea.com/sa/en/p/klimpen-table-grey-light-grey-s69213928/
69229934,"LINNMON / TORSKLINT - Table, 100x60 cm",Tables & desks,10786,459.0,60,,"a steady surface for meals, work or study","dining, home-office, long-hours",Chairs; Cabinets & cupboards,IKEA of Sweden/Jomi Evers,https://www.ikea.com/sa/en/p/linnmon-torsklint-table-white-light-grey-s69229934/
79046991,"BEKANT - Reception desk, 160x80 120 cm",Tables & desks,43099,1834.0,60,,"a steady surface for meals, work or study","dining, home-office, long-hours",Chairs; Cabinets & cupboards,K Malmvall/E Lilja Löwenhielm,https://www.ikea.com/sa/en/p/bekant-reception-desk-white-s79046991/
80356341,"KLIMPEN - Table top, 120x60 cm",Tables & desks,11162,475.0,60,,"a steady surface for meals, work or study","dining, home-office, long-hours",Chairs; Cabinets & cupboards,Tina Christensen,https://www.ikea.com/sa/en/p/klimpen-table-top-grey-light-grey-80356341/
89286805,"BEKANT - Storage unit with smart lock, 41x61 cm",Tables & desks,23500,1000.0,60,,"a steady surface for meals, work or study","dining, home-office, long-hours",Chairs; Cabinets & cupboards,Eva Lilja Löwenhielm/IKEA of Sweden,https://www.ikea.com/sa/en/p/bekant-storage-unit-with-smart-lock-mesh-black-s89286805/
99213941,"KLIMPEN / LALLE - Table, 150x75 cm",Tables & desks,19975,850.0,60,,"a steady surface for meals, work or study","dining, home-office, long-hours",Chairs; Cabinets & cupboards,Tina Christensen,https://www.ikea.com/sa/en/p/klimpen-lalle-table-light-grey-black-s99213941/
99214200,"LINNMON / GODVIN - Table, 120x60 cm",Tables & desks,5052,215.0,60,,"a steady surface for meals, work or study","dining, home-office, long-hours",Chairs; Cabinets & cupboards,Gustav Carlberg/IKEA of Sweden,https://www.ikea.com/sa/en/p/linnmon-godvin-table-geometric-beige-white-s99214200/
99288069,"BEKANT - Desk with screen, 320x160 55 cm",Tables & desks,144008,6128.0,60,,"a steady surface for meals, work or study","dining, home-office, long-hours",Chairs; Cabinets & cupboards,K Malmvall/E Lilja Löwenhielm,https://www.ikea.com/sa/en/p/bekant-desk-with-screen-black-stained-ash-veneer-black-s99288069/
90222407,"INGATORP - Extendable table, 155/215x87 cm",Tables & desks,22208,945.0,60,,"a steady surface for meals, work or study","dining, home-office, long-hours",Chairs; Cabinets & cupboards,Carina Bengs,https://www.ikea.com/sa/en/p/ingatorp-extendable-table-black-90222407/
79046038,"HILVER - Table, 140x65 cm",Tables & desks,17508,745.0,60,,"a steady surface for meals, work or study","dining, home-office, long-hours",Chairs; Cabinets & cupboards,Chenyi Ke,https://www.ikea.com/sa/en/p/hilver-table-bamboo-s79046038/
49217772,"LINNMON / ALEX - Table, 150x75 cm",Tables & desks,11750,500.0,60,,"a steady surface for meals, work or study","dining, home-office, long-hours",Chairs; Cabinets & cupboards,Johanna Asshoff/IKEA of Sweden,https://www.ikea.com/sa/en/p/linnmon-alex-table-white-white-stained-oak-effect-white-s49217772/
80346583,"YPPERLIG - Table, 200x90 cm",Tables & desks,23382,995.0,60,,"a steady surface for meals, work or study","dining, home-office, long-hours",Chairs; Cabinets & cupboards,HAY,https://www.ikea.com/sa/en/p/ypperlig-table-ash-80346583/
99304804,"TOMMARYD - Table, 130x70 cm",Tables & desks,13982,595.0,60,,"a steady surface for meals, work or study","dining, home-office, long-hours",Chairs; Cabinets & cupboards,Maja Ganszyniec,https://www.ikea.com/sa/en/p/tommaryd-table-anthracite-s99304804/
20340758,"EKEDALEN - Extendable table, 180/240x90 cm",Tables & desks,23382,995.0,60,,"a steady surface for meals, work or study","dining, home-office, long-hours",Chairs; Cabinets & cupboards,Ehlén Johansson,https://www.ikea.com/sa/en/p/ekedalen-extendable-table-dark-brown-20340758/
59001955,"LINNMON / KRILLE - Table, 120x60 cm",Tables & desks,9048,385.0,60,,"a steady surface for meals, work or study","dining, home-office, long-hours",Chairs; Cabinets & cupboards,IKEA of Sweden/Francis Cayouette,https://www.ikea.com/sa/en/p/linnmon-krille-table-white-s59001955/
90305723,"ÖVRARYD - Table top, 150x78x1.8 cm",Tables & desks,10340,440.0,60,,"a steady surface for meals, work or study","dining, home-office, long-hours",Chairs; Cabinets & cupboards,David Wahl,https://www.ikea.com/sa/en/p/oevraryd-table-top-bamboo-90305723/
90353747,"KLIMPEN - Table top, 150x75 cm",Tables & desks,12925,550.0,60,,"a steady surface for meals, work or study","dining, home-office, long-hours",Chairs; Cabinets & cupboards,Tina Christensen,https://www.ikea.com/sa/en/p/klimpen-table-top-grey-light-grey-90353747/
9301720,"TOMMARYD - Table, 130x70 cm",Tables & desks,13982,595.0,60,,"a steady surface for meals, work or study","dining, home-office, long-hours",Chairs; Cabinets & cupboards,Maja Ganszyniec,https://www.ikea.com/sa/en/p/tommaryd-table-light-grey-s09301720/
39047148,"HILVER / GODVIN - Table, 140x65 cm",Tables & desks,10458,445.0,60,,"a steady surface for meals, work or study","dining, home-office, long-hours",Chairs; Cabinets & cupboards,IKEA of Sweden/Chenyi Ke,https://www.ikea.com/sa/en/p/hilver-godvin-table-bamboo-white-s39047148/
90252908,"BEKANT - Underframe for table top, 160x80 cm",Tables & desks,14570,620.0,60,,"a steady surface for meals, work or study","dining, home-office, long-hours",Chairs; Cabinets & cupboards,K Malmvall/E Lilja Löwenhielm,https://www.ikea.com/sa/en/p/bekant-underframe-for-table-top-white-90252908/
9222252,"LINNMON / ALVARET - Table, 100x60 cm",Tables & desks,10316,439.0,60,,"a steady surface for meals, work or study","dining, home-office, long-hours",Chairs; Cabinets & cupboards,Jomi Evers/IKEA of Sweden,https://www.ikea.com/sa/en/p/linnmon-alvaret-table-white-grey-s09222252/
9229791,"ÅMLIDEN / TORSKLINT - Table, 120x60 cm",Tables & desks,16332,695.0,60,,"a steady surface for meals, work or study","dining, home-office, long-hours",Chairs; Cabinets & cupboards,Jomi Evers,https://www.ikea.com/sa/en/p/amliden-torsklint-table-grey-green-light-grey-s09229791/
9330874,"HILVER / LERBERG - Table, 140x65 cm",Tables & desks,10222,435.0,60,,"a steady surface for meals, work or study","dining, home-office, long-hours",Chairs; Cabinets & cupboards,IKEA of Sweden/Chenyi Ke,https://www.ikea.com/sa/en/p/hilver-lerberg-table-bamboo-blue-s09330874/
10412171,"IDÅSEN - Underframe sit/stand f table tp, el, 146x70 cm",Tables & desks,56282,2395.0,60,,"a steady surface for meals, work or study","dining, home-office, long-hours",Chairs; Cabinets & cupboards,Jon Karlsson,https://www.ikea.com/sa/en/p/idasen-underframe-sit-stand-f-table-tp-el-dark-grey-10412171/
19046574,"BEKANT - Desk combination, 320x220 cm",Tables & desks,124550,5300.0,60,,"a steady surface for meals, work or study","dining, home-office, long-hours",Chairs; Cabinets & cupboards,K Malmvall/E Lilja Löwenhielm,https://www.ikea.com/sa/en/p/bekant-desk-combination-white-s19046574/
39229940,"LINNMON / TORSKLINT - Table, 150x75 cm",Tables & desks,13512,575.0,60,,"a steady surface for meals, work or study","dining, home-office, long-hours",Chairs; Cabinets & cupboards,IKEA of Sweden/Jomi Evers,https://www.ikea.com/sa/en/p/linnmon-torsklint-table-white-light-grey-s39229940/
39286898,"BEKANT - Storage unit with smart lock, 41x101 cm",Tables & desks,25850,1100.0,60,,"a steady surface for meals, work or study","dining, home-office, long-hours",Chairs; Cabinets & cupboards,IKEA of Sweden/Eva Lilja Löwenhielm,https://www.ikea.com/sa/en/p/bekant-storage-unit-with-smart-lock-mesh-white-s39286898/
40247207,DALSHULT - Underframe,Tables & desks,13512,575.0,60,,"a steady surface for meals, work or study","dining, home-office, long-hours",Chairs; Cabinets & cupboards,Wiebke Braasch,https://www.ikea.com/sa/en/p/dalshult-underframe-birch-40247207/
49390314,"LINNMON / ALEX - Table, 150x75 cm",Tables & desks,13278,565.0,60,,"a steady surface for meals, work or study","dining, home-office, long-hours",Chairs; Cabinets & cupboards,IKEA of Sweden/Johanna Asshoff,https://www.ikea.com/sa/en/p/linnmon-alex-table-light-grey-white-blue-s49390314/
50420386,"VEDBO - Dining table, 240x105 cm",Tables & desks,53932,2295.0,60,,"a steady surface for meals, work or study","dining, home-office, long-hours",Chairs; Cabinets & cupboards,Francis Cayouette,https://www.ikea.com/sa/en/p/vedbo-dining-table-black-50420386/
59047147,"HILVER / GERTON - Table, 140x65 cm",Tables & desks,15628,665.0,60,,"a steady surface for meals, work or study","dining, home-office, long-hours",Chairs; Cabinets & cupboards,IKEA of Sweden/Chenyi Ke,https://www.ikea.com/sa/en/p/hilver-gerton-table-bamboo-chrome-plated-s59047147/
59214216,"LINNMON / KRILLE - Table, 120x60 cm",Tables & desks,9752,415.0,60,,"a steady surface for meals, work or study","dining, home-office, long-hours",Chairs; Cabinets & cupboards,Francis Cayouette/Gustav Carlberg,https://www.ikea.com/sa/en/p/linnmon-krille-table-geometric-beige-white-s59214216/
59229915,"ÅMLIDEN / ALVARET - Table, 120x60 cm",Tables & desks,15862,675.0,60,,"a steady surface for meals, work or study","dining, home-office, long-hours",Chairs; Cabinets & cupboards,Jomi Evers,https://www.ikea.com/sa/en/p/amliden-alvaret-table-grey-green-grey-s59229915/
69325855,"KLIMPEN / TORSKLINT - Table, 150x75 cm",Tables & desks,22325,950.0,60,,"a steady surface for meals, work or study","dining, home-office, long-hours",Chairs; Cabinets & cupboards,Tina Christensen/Jomi Evers,https://www.ikea.com/sa/en/p/klimpen-torsklint-table-light-grey-s69325855/
79213895,"KLIMPEN - Table, 150x75 cm",Tables & desks,32665,1390.0,60,,"a steady surface for meals, work or study","dining, home-office, long-hours",Chairs; Cabinets & cupboards,Tina Christensen,https://www.ikea.com/sa/en/p/klimpen-table-grey-light-grey-s79213895/
79335552,"LINNMON / ALEX - Table, 150x75 cm",Tables & desks,12925,550.0,60,,"a steady surface for meals, work or study","dining, home-office, long-hours",Chairs; Cabinets & cupboards,IKEA of Sweden/Johanna Asshoff,https://www.ikea.com/sa/en/p/linnmon-alex-table-green-white-s79335552/
99222257,"LINNMON / ALVARET - Table, 120x60 cm",Tables & desks,10928,465.0,60,,"a steady surface for meals, work or study","dining, home-office, long-hours",Chairs; Cabinets & cupboards,IKEA of Sweden/Jomi Evers,https://www.ikea.com/sa/en/p/linnmon-alvaret-table-white-grey-s99222257/
99229937,"LINNMON / TORSKLINT - Table, 120x60 cm",Tables & desks,11398,485.0,60,,"a steady surface for meals, work or study","dining, home-office, long-hours",Chairs; Cabinets & cupboards,Jomi Evers/IKEA of Sweden,https://www.ikea.com/sa/en/p/linnmon-torsklint-table-white-light-grey-s99229937/
90247139,BACKARYD - Underframe,Tables & desks,4582,195.0,60,,"a steady surface for meals, work or study","dining, home-office, long-hours",Chairs; Cabinets & cupboards,David Wahl,https://www.ikea.com/sa/en/p/backaryd-underframe-white-90247139/
471222,"VESKEN - Trolley, 54x18x71 cm",Trolleys,916,39.0,24,,movable storage that rolls to where you need it,"kitchen, small-room, storage",Tables & desks; Cabinets & cupboards,David Wahl,https://www.ikea.com/sa/en/p/vesken-trolley-white-00471222/
70243873,"HORNAVAN - Trolley, 26x48x77 cm",Trolleys,4582,195.0,24,,movable storage that rolls to where you need it,"kitchen, small-room, storage",Tables & desks; Cabinets & cupboards,IKEA of Sweden,https://www.ikea.com/sa/en/p/hornavan-trolley-white-70243873/
20399777,"NISSAFORS - Trolley, 50.5x30x83 cm",Trolleys,2326,99.0,24,,movable storage that rolls to where you need it,"kitchen, small-room, storage",Tables & desks; Cabinets & cupboards,Ebba Strandmark,https://www.ikea.com/sa/en/p/nissafors-trolley-black-20399777/
20463056,"RÅSHULT - Trolley, 38x28 cm",Trolleys,2938,125.0,24,,movable storage that rolls to where you need it,"kitchen, small-room, storage",Tables & desks; Cabinets & cupboards,IKEA of Sweden,https://www.ikea.com/sa/en/p/rashult-trolley-white-20463056/
40463055,"RÅSHULT - Trolley, 38x28 cm",Trolleys,2938,125.0,24,,movable storage that rolls to where you need it,"kitchen, small-room, storage",Tables & desks; Cabinets & cupboards,IKEA of Sweden,https://www.ikea.com/sa/en/p/rashult-trolley-black-40463055/
70303720,"SUNNERSTA - Trolley, 56x33 cm",Trolleys,2938,125.0,24,,movable storage that rolls to where you need it,"kitchen, small-room, storage",Tables & desks; Cabinets & cupboards,Henrik Preutz,https://www.ikea.com/sa/en/p/sunnersta-trolley-70303720/
60171433,"GRUNDTAL - Trolley, 48x24x77 cm",Trolleys,4582,195.0,24,,movable storage that rolls to where you need it,"kitchen, small-room, storage",Tables & desks; Cabinets & cupboards,K Hagberg/M Hagberg,https://www.ikea.com/sa/en/p/grundtal-trolley-stainless-steel-60171433/
20281631,"RISATORP - Trolley, 57x39x86 cm",Trolleys,5758,245.0,24,,movable storage that rolls to where you need it,"kitchen, small-room, storage",Tables & desks; Cabinets & cupboards,Wiebke Braasch,https://www.ikea.com/sa/en/p/risatorp-trolley-white-20281631/
59276228,"VADHOLMA - Kitchen island with rack, 126x79x193 cm",Trolleys,53932,2295.0,24,,movable storage that rolls to where you need it,"kitchen, small-room, storage",Tables & desks; Cabinets & cupboards,Ebba Strandmark,https://www.ikea.com/sa/en/p/vadholma-kitchen-island-with-rack-black-oak-s59276228/
80035920,"FÖRHÖJA - Kitchen trolley, 100x43 cm",Trolleys,15158,645.0,24,,movable storage that rolls to where you need it,"kitchen, small-room, storage",Tables & desks; Cabinets & cupboards,Nike Karlsson,https://www.ikea.com/sa/en/p/foerhoeja-kitchen-trolley-birch-80035920/
58487,"FLYTTA - Kitchen trolley, 98x57 cm",Trolleys,12620,537.0,24,,movable storage that rolls to where you need it,"kitchen, small-room, storage",Tables & desks; Cabinets & cupboards,Nicholai Wiig Hansen,https://www.ikea.com/sa/en/p/flytta-kitchen-trolley-stainless-steel-00058487/
40391657,"TORNVIKEN - Kitchen island, 126x77 cm",Trolleys,35132,1495.0,24,,movable storage that rolls to where you need it,"kitchen, small-room, storage",Tables & desks; Cabinets & cupboards,Ebba Strandmark,https://www.ikea.com/sa/en/p/tornviken-kitchen-island-off-white-oak-40391657/
393371,"TORNVIKEN - Kitchen island, 72x52 cm",Trolleys,23382,995.0,24,,movable storage that rolls to where you need it,"kitchen, small-room, storage",Tables & desks; Cabinets & cupboards,Ebba Strandmark,https://www.ikea.com/sa/en/p/tornviken-kitchen-island-off-white-oak-00393371/
80334924,"KUNGSFORS - Kitchen trolley, 60x40 cm",Trolleys,16332,695.0,24,,movable storage that rolls to where you need it,"kitchen, small-room, storage",Tables & desks; Cabinets & cupboards,Ehlén Johansson,https://www.ikea.com/sa/en/p/kungsfors-kitchen-trolley-stainless-steel-80334924/
90399284,"RIMFORSA - Work bench, 120x63.5x92 cm",Trolleys,46882,1995.0,24,,movable storage that rolls to where you need it,"kitchen, small-room, storage",Tables & desks; Cabinets & cupboards,Ehlén Johansson,https://www.ikea.com/sa/en/p/rimforsa-work-bench-stainless-steel-bamboo-90399284/
30240348,"BEKVÄM - Kitchen trolley, 58x50 cm",Trolleys,6932,295.0,24,,movable storage that rolls to where you need it,"kitchen, small-room, storage",Tables & desks; Cabinets & cupboards,IKEA of Sweden,https://www.ikea.com/sa/en/p/bekvaem-kitchen-trolley-birch-30240348/
80393372,"TORNVIKEN - Kitchen island, 126x77 cm",Trolleys,35132,1495.0,24,,movable storage that rolls to where you need it,"kitchen, small-room, storage",Tables & desks; Cabinets & cupboards,Ebba Strandmark,https://www.ikea.com/sa/en/p/tornviken-kitchen-island-grey-oak-80393372/
80402381,VADHOLMA - Rack for kitchen island,Trolleys,9400,400.0,24,,movable storage that rolls to where you need it,"kitchen, small-room, storage",Tables & desks; Cabinets & cupboards,Ebba Strandmark,https://www.ikea.com/sa/en/p/vadholma-rack-for-kitchen-island-black-80402381/
40366115,"VADHOLMA - Kitchen island, 79x63x90 cm",Trolleys,35132,1495.0,24,,movable storage that rolls to where you need it,"kitchen, small-room, storage",Tables & desks; Cabinets & cupboards,Ebba Strandmark,https://www.ikea.com/sa/en/p/vadholma-kitchen-island-black-oak-40366115/
40201916,"STENSTORP - Kitchen trolley, 45x43x90 cm",Trolleys,18682,795.0,24,,movable storage that rolls to where you need it,"kitchen, small-room, storage",Tables & desks; Cabinets & cupboards,Carina Bengs,https://www.ikea.com/sa/en/p/stenstorp-kitchen-trolley-white-oak-40201916/
90446619,"HÖGSMA - Chopping board, 42x31 cm",Trolleys,1152,49.0,24,,movable storage that rolls to where you need it,"kitchen, small-room, storage",Tables & desks; Cabinets & cupboards,IKEA of Sweden,https://www.ikea.com/sa/en/p/hoegsma-chopping-board-bamboo-90446619/
20359154,"VADHOLMA - Kitchen island, 126x79x90 cm",Trolleys,44532,1895.0,24,,movable storage that rolls to where you need it,"kitchen, small-room, storage",Tables & desks; Cabinets & cupboards,Ebba Strandmark,https://www.ikea.com/sa/en/p/vadholma-kitchen-island-black-oak-20359154/
20391658,"TORNVIKEN - Kitchen island, 72x52 cm",Trolleys,23382,995.0,24,,movable storage that rolls to where you need it,"kitchen, small-room, storage",Tables & desks; Cabinets & cupboards,Ebba Strandmark,https://www.ikea.com/sa/en/p/tornviken-kitchen-island-grey-oak-20391658/
39286855,"BESTÅ / EKET - Cabinet combination for TV, 300x42x210 cm",TV & media furniture,37083,1578.0,60,,"keeps the TV, devices and cables organised in one place","living-room, storage",Sofas & armchairs; Bookcases & shelving units,IKEA of Sweden/Jon Karlsson,https://www.ikea.com/sa/en/p/besta-eket-cabinet-combination-for-tv-white-white-stained-oak-effect-s39286855/
59299244,"BESTÅ - TV bench with doors, 180x42x38 cm",TV & media furniture,23500,1000.0,60,,"keeps the TV, devices and cables organised in one place","living-room, storage",Sofas & armchairs; Bookcases & shelving units,IKEA of Sweden,https://www.ikea.com/sa/en/p/besta-tv-bench-with-doors-black-brown-selsviken-high-gloss-dark-red-brown-s59299244/
450088,"LACK - TV bench, 90x26x45 cm",TV & media furniture,1175,50.0,60,,"keeps the TV, devices and cables organised in one place","living-room, storage",Sofas & armchairs; Bookcases & shelving units,IKEA of Sweden,https://www.ikea.com/sa/en/p/lack-tv-bench-white-00450088/
20450087,"LACK - TV bench, 149x55x35 cm",TV & media furniture,5852,249.0,60,,"keeps the TV, devices and cables organised in one place","living-room, storage",Sofas & armchairs; Bookcases & shelving units,IKEA of Sweden,https://www.ikea.com/sa/en/p/lack-tv-bench-white-20450087/
50409874,"BRIMNES - TV bench, 180x41x53 cm",TV & media furniture,13982,595.0,60,,"keeps the TV, devices and cables organised in one place","living-room, storage",Sofas & armchairs; Bookcases & shelving units,K Hagberg/M Hagberg,https://www.ikea.com/sa/en/p/brimnes-tv-bench-white-50409874/
80227797,"BYÅS - TV bench, 160x42x45 cm",TV & media furniture,11186,476.0,60,,"keeps the TV, devices and cables organised in one place","living-room, storage",Sofas & armchairs; Bookcases & shelving units,Marcus Arvonen,https://www.ikea.com/sa/en/p/byas-tv-bench-high-gloss-white-80227797/
90339290,"FJÄLLBO - TV bench, 150x36x54 cm",TV & media furniture,13982,595.0,60,,"keeps the TV, devices and cables organised in one place","living-room, storage",Sofas & armchairs; Bookcases & shelving units,Johan Kroon,https://www.ikea.com/sa/en/p/fjaellbo-tv-bench-black-90339290/
10302295,"BRUSALI - TV bench, 120x36x62 cm",TV & media furniture,6932,295.0,60,,"keeps the TV, devices and cables organised in one place","living-room, storage",Sofas & armchairs; Bookcases & shelving units,IKEA of Sweden,https://www.ikea.com/sa/en/p/brusali-tv-bench-brown-10302295/
80116600,"LIATORP - TV bench, 145x49x45 cm",TV & media furniture,17508,745.0,60,,"keeps the TV, devices and cables organised in one place","living-room, storage",Sofas & armchairs; Bookcases & shelving units,Carina Bengs,https://www.ikea.com/sa/en/p/liatorp-tv-bench-white-80116600/
59278232,"BRIMNES - TV storage combination/glass doors, 320x41x190 cm",TV & media furniture,38422,1635.0,60,,"keeps the TV, devices and cables organised in one place","living-room, storage",Sofas & armchairs; Bookcases & shelving units,K Hagberg/M Hagberg,https://www.ikea.com/sa/en/p/brimnes-tv-storage-combination-glass-doors-white-s59278232/
70303428,"VITTSJÖ - TV bench, 100x36x53 cm",TV & media furniture,5758,245.0,60,,"keeps the TV, devices and cables organised in one place","living-room, storage",Sofas & armchairs; Bookcases & shelving units,Johan Kroon,https://www.ikea.com/sa/en/p/vittsjoe-tv-bench-black-brown-glass-70303428/
60245844,"BESTÅ - Frame, 120x40x38 cm",TV & media furniture,3995,170.0,60,,"keeps the TV, devices and cables organised in one place","living-room, storage",Sofas & armchairs; Bookcases & shelving units,IKEA of Sweden,https://www.ikea.com/sa/en/p/besta-frame-white-60245844/
50413526,"HEMNES - TV bench, 148x47x57 cm",TV & media furniture,23382,995.0,60,,"keeps the TV, devices and cables organised in one place","living-room, storage",Sofas & armchairs; Bookcases & shelving units,Carina Bengs,https://www.ikea.com/sa/en/p/hemnes-tv-bench-white-stain-light-brown-50413526/
40337694,"BRIMNES - TV bench, 120x41x53 cm",TV & media furniture,9988,425.0,60,,"keeps the TV, devices and cables organised in one place","living-room, storage",Sofas & armchairs; Bookcases & shelving units,K Hagberg/M Hagberg,https://www.ikea.com/sa/en/p/brimnes-tv-bench-white-40337694/
30285153,"LAPPLAND - TV storage unit, 183x39x147 cm",TV & media furniture,16332,695.0,60,,"keeps the TV, devices and cables organised in one place","living-room, storage",Sofas & armchairs; Bookcases & shelving units,IKEA of Sweden,https://www.ikea.com/sa/en/p/lappland-tv-storage-unit-black-brown-30285153/
60239715,"STOCKHOLM - TV bench, 160x40x50 cm",TV & media furniture,39832,1695.0,60,,"keeps the TV, devices and cables organised in one place","living-room, storage",Sofas & armchairs; Bookcases & shelving units,Ola Wihlborg,https://www.ikea.com/sa/en/p/stockholm-tv-bench-walnut-veneer-60239715/
19278210,"BRIMNES - TV storage combination, 258x41x95 cm",TV & media furniture,23265,990.0,60,,"keeps the TV, devices and cables organised in one place","living-room, storage",Sofas & armchairs; Bookcases & shelving units,K Hagberg/M Hagberg,https://www.ikea.com/sa/en/p/brimnes-tv-storage-combination-black-s19278210/
10306613,"BRUSALI - TV bench, 120x36x85 cm",TV & media furniture,8108,345.0,60,,"keeps the TV, devices and cables organised in one place","living-room, storage",Sofas & armchairs; Bookcases & shelving units,IKEA of Sweden,https://www.ikea.com/sa/en/p/brusali-tv-bench-brown-10306613/
90144730,"MOSJÖ - TV bench, 90x40x38 cm",TV & media furniture,4112,175.0,60,,"keeps the TV, devices and cables organised in one place","living-room, storage",Sofas & armchairs; Bookcases & shelving units,IKEA of Sweden,https://www.ikea.com/sa/en/p/mosjoe-tv-bench-black-brown-90144730/
79191266,"FJÄLLBO - TV storage combination, 250x36x95 cm",TV & media furniture,25615,1090.0,60,,"keeps the TV, devices and cables organised in one place","living-room, storage",Sofas & armchairs; Bookcases & shelving units,Johan Kroon,https://www.ikea.com/sa/en/p/fjaellbo-tv-storage-combination-black-s79191266/
9188979,"BESTÅ - TV bench, 180x40x48 cm",TV & media furniture,25615,1090.0,60,,"keeps the TV, devices and cables organised in one place","living-room, storage",Sofas & armchairs; Bookcases & shelving units,Marcus Arvonen/IKEA of Sweden,https://www.ikea.com/sa/en/p/besta-tv-bench-black-brown-lappviken-sindvik-lappviken-black-brown-clear-glass-s09188979/
9028759,"LIATORP - TV storage combination, 145x49 cm",TV & media furniture,26790,1140.0,60,,"keeps the TV, devices and cables organised in one place","living-room, storage",Sofas & armchairs; Bookcases & shelving units,Carina Bengs,https://www.ikea.com/sa/en/p/liatorp-tv-storage-combination-white-s09028759/
69305249,"PLATSA - TV bench, 120x42x53 cm",TV & media furniture,8342,355.0,60,,"keeps the TV, devices and cables organised in one place","living-room, storage",Sofas & armchairs; Bookcases & shelving units,IKEA of Sweden/Ola Wihlborg,https://www.ikea.com/sa/en/p/platsa-tv-bench-white-wood-s69305249/
79297545,"BESTÅ - TV bench with doors and drawers, 240x42x74 cm",TV & media furniture,39950,1700.0,60,,"keeps the TV, devices and cables organised in one place","living-room, storage",Sofas & armchairs; Bookcases & shelving units,IKEA of Sweden,https://www.ikea.com/sa/en/p/besta-tv-bench-with-doors-and-drawers-black-brown-notviken-stubbarp-blue-s79297545/
90295253,"MOSTORP - TV bench, 160x47x60 cm",TV & media furniture,32782,1395.0,60,,"keeps the TV, devices and cables organised in one place","living-room, storage",Sofas & armchairs; Bookcases & shelving units,"902.952.53 Cable outlets make it easy to lead cables out the back, so they’re hidden from view but close at hand when you need them.The large drawer makes it easy to keep remote controls, game controllers and other TV accessories organised.Behind the doors, there’s plenty of extra storage space to help keep your living room organised.A floor-standing TV bench must be fixed to the wall with the included wall fastener.Different wall materials require different types of fixing devices. Use fixing devices suitable for the walls in your home, sold separately.Push openers included.1 fixed shelf and 3 adjustable shelves included.",https://www.ikea.com/sa/en/p/mostorp-tv-bench-beige-high-gloss-beige-90295253/
99302621,"BESTÅ - TV storage combination/glass doors, 240x42x190 cm",TV & media furniture,41478,1765.0,60,,"keeps the TV, devices and cables organised in one place","living-room, storage",Sofas & armchairs; Bookcases & shelving units,IKEA of Sweden/Marcus Arvonen,https://www.ikea.com/sa/en/p/besta-tv-storage-combination-glass-doors-white-lappviken-white-clear-glass-s99302621/
39046064,"LIATORP - TV storage combination, 332x214 cm",TV & media furniture,94705,4030.0,60,,"keeps the TV, devices and cables organised in one place","living-room, storage",Sofas & armchairs; Bookcases & shelving units,Carina Bengs,https://www.ikea.com/sa/en/p/liatorp-tv-storage-combination-white-s39046064/
19299571,"HEMNES - TV storage combination, 326x197 cm",TV & media furniture,79571,3386.0,60,,"keeps the TV, devices and cables organised in one place","living-room, storage",Sofas & armchairs; Bookcases & shelving units,Carina Bengs,https://www.ikea.com/sa/en/p/hemnes-tv-storage-combination-white-stain-light-brown-clear-glass-s19299571/
89188452,"BESTÅ - TV bench, 180x40x38 cm",TV & media furniture,23265,990.0,60,,"keeps the TV, devices and cables organised in one place","living-room, storage",Sofas & armchairs; Bookcases & shelving units,IKEA of Sweden,https://www.ikea.com/sa/en/p/besta-tv-bench-black-brown-selsviken-high-gloss-black-s89188452/
39184343,"BRIMNES - TV storage combination, 180x41x190 cm",TV & media furniture,20445,870.0,60,,"keeps the TV, devices and cables organised in one place","living-room, storage",Sofas & armchairs; Bookcases & shelving units,K Hagberg/M Hagberg,https://www.ikea.com/sa/en/p/brimnes-tv-storage-combination-white-s39184343/
20415206,"HAVSTA - TV bench with plinth, 160x62x47 cm",TV & media furniture,23382,995.0,60,,"keeps the TV, devices and cables organised in one place","living-room, storage",Sofas & armchairs; Bookcases & shelving units,IKEA of Sweden,https://www.ikea.com/sa/en/p/havsta-tv-bench-with-plinth-grey-20415206/
69194005,"BESTÅ - TV bench with drawers, 180x42x74 cm",TV & media furniture,32665,1390.0,60,,"keeps the TV, devices and cables organised in one place","living-room, storage",Sofas & armchairs; Bookcases & shelving units,IKEA of Sweden/Marcus Arvonen,https://www.ikea.com/sa/en/p/besta-tv-bench-with-drawers-hanviken-white-hanviken-stubbarp-sindvik-white-clear-glass-s69194005/
99305257,"PLATSA - TV bench, 160x42x44 cm",TV & media furniture,8390,357.0,60,,"keeps the TV, devices and cables organised in one place","living-room, storage",Sofas & armchairs; Bookcases & shelving units,IKEA of Sweden,https://www.ikea.com/sa/en/p/platsa-tv-bench-white-s99305257/
89061226,"BESTÅ - TV bench, 120x40x48 cm",TV & media furniture,11985,510.0,60,,"keeps the TV, devices and cables organised in one place","living-room, storage",Sofas & armchairs; Bookcases & shelving units,IKEA of Sweden,https://www.ikea.com/sa/en/p/besta-tv-bench-grey-stained-walnut-effect-s89061226/
19184339,"BRIMNES - TV storage combination, 258x41x190 cm",TV & media furniture,29728,1265.0,60,,"keeps the TV, devices and cables organised in one place","living-room, storage",Sofas & armchairs; Bookcases & shelving units,K Hagberg/M Hagberg,https://www.ikea.com/sa/en/p/brimnes-tv-storage-combination-black-s19184339/
60327774,"MALSJÖ - TV bench with sliding doors, 160x48x59 cm",TV & media furniture,44532,1895.0,60,,"keeps the TV, devices and cables organised in one place","living-room, storage",Sofas & armchairs; Bookcases & shelving units,Carina Bengs,https://www.ikea.com/sa/en/p/malsjoe-tv-bench-with-sliding-doors-black-stained-60327774/
29203115,"BESTÅ - TV storage combination/glass doors, 180x40x192 cm",TV & media furniture,42876,1824.5,60,,"keeps the TV, devices and cables organised in one place","living-room, storage",Sofas & armchairs; Bookcases & shelving units,IKEA of Sweden,https://www.ikea.com/sa/en/p/besta-tv-storage-combination-glass-doors-grey-stained-walnut-effect-lappviken-light-grey-clear-glass-s29203115/
79265827,"HAVSTA - TV storage combination/glass doors, 322x47x212 cm",TV & media furniture,98112,4175.0,60,,"keeps the TV, devices and cables organised in one place","living-room, storage",Sofas & armchairs; Bookcases & shelving units,IKEA of Sweden,https://www.ikea.com/sa/en/p/havsta-tv-storage-combination-glass-doors-grey-s79265827/
19189916,"BESTÅ - TV storage combination/glass doors, 240x40x128 cm",TV & media furniture,38658,1645.0,60,,"keeps the TV, devices and cables organised in one place","living-room, storage",Sofas & armchairs; Bookcases & shelving units,IKEA of Sweden,https://www.ikea.com/sa/en/p/besta-tv-storage-combination-glass-doors-black-brown-selsviken-high-gloss-black-smoked-glass-s19189916/
39305260,"PLATSA - TV bench, 160x42x54 cm",TV & media furniture,9518,405.0,60,,"keeps the TV, devices and cables organised in one place","living-room, storage",Sofas & armchairs; Bookcases & shelving units,Ola Wihlborg/IKEA of Sweden,https://www.ikea.com/sa/en/p/platsa-tv-bench-white-metal-s39305260/
29301743,"BESTÅ - Wall-mounted cabinet combination, 180x42x64 cm",TV & media furniture,18682,795.0,60,,"keeps the TV, devices and cables organised in one place","living-room, storage",Sofas & armchairs; Bookcases & shelving units,IKEA of Sweden,https://www.ikea.com/sa/en/p/besta-wall-mounted-cabinet-combination-grey-stained-walnut-effect-lappviken-grey-stained-walnut-effect-s29301743/
9265883,"HAVSTA - TV storage combination, 241x47x89 cm",TV & media furniture,39715,1690.0,60,,"keeps the TV, devices and cables organised in one place","living-room, storage",Sofas & armchairs; Bookcases & shelving units,IKEA of Sweden,https://www.ikea.com/sa/en/p/havsta-tv-storage-combination-grey-s09265883/
29278219,"BRIMNES - TV storage combination, 336x41x95 cm",TV & media furniture,32548,1385.0,60,,"keeps the TV, devices and cables organised in one place","living-room, storage",Sofas & armchairs; Bookcases & shelving units,K Hagberg/M Hagberg,https://www.ikea.com/sa/en/p/brimnes-tv-storage-combination-white-s29278219/
89299539,"HEMNES - TV storage combination, 245x197 cm",TV & media furniture,56048,2385.0,60,,"keeps the TV, devices and cables organised in one place","living-room, storage",Sofas & armchairs; Bookcases & shelving units,Carina Bengs,https://www.ikea.com/sa/en/p/hemnes-tv-storage-combination-white-stain-s89299539/
89291388,"PLATSA - Media storage combination, 180x42x191 cm",TV & media furniture,22172,943.5,60,,"keeps the TV, devices and cables organised in one place","living-room, storage",Sofas & armchairs; Bookcases & shelving units,IKEA of Sweden,https://www.ikea.com/sa/en/p/platsa-media-storage-combination-s89291388/
90295540,"BESTÅ - Shelf, 56x36 cm",TV & media furniture,588,25.0,60,,"keeps the TV, devices and cables organised in one place","living-room, storage",Sofas & armchairs; Bookcases & shelving units,IKEA of Sweden,https://www.ikea.com/sa/en/p/besta-shelf-grey-stained-walnut-effect-90295540/
79191803,"BESTÅ - TV storage combination/glass doors, 300x20/40x211 cm",TV & media furniture,68855,2930.0,60,,"keeps the TV, devices and cables organised in one place","living-room, storage",Sofas & armchairs; Bookcases & shelving units,IKEA of Sweden,https://www.ikea.com/sa/en/p/besta-tv-storage-combination-glass-doors-black-brown-selsviken-high-gloss-black-smoked-glass-s79191803/
79305263,"PLATSA - TV bench, 160x42x53 cm",TV & media furniture,9518,405.0,60,,"keeps the TV, devices and cables organised in one place","living-room, storage",Sofas & armchairs; Bookcases & shelving units,Ola Wihlborg/IKEA of Sweden,https://www.ikea.com/sa/en/p/platsa-tv-bench-white-wood-s79305263/
59184337,"BRIMNES - TV storage combination, 200x41x95 cm",TV & media furniture,19270,820.0,60,,"keeps the TV, devices and cables organised in one place","living-room, storage",Sofas & armchairs; Bookcases & shelving units,K Hagberg/M Hagberg,https://www.ikea.com/sa/en/p/brimnes-tv-storage-combination-white-s59184337/
9068316,"BESTÅ - TV bench with doors, 120x42x74 cm",TV & media furniture,20210,860.0,60,,"keeps the TV, devices and cables organised in one place","living-room, storage",Sofas & armchairs; Bookcases & shelving units,Marcus Arvonen/IKEA of Sweden,https://www.ikea.com/sa/en/p/besta-tv-bench-with-doors-hanviken-black-brown-hanviken-stubbarp-black-brown-s09068316/
69291394,"PLATSA - Media storage combination, 280x42x191 cm",TV & media furniture,40784,1735.5,60,,"keeps the TV, devices and cables organised in one place","living-room, storage",Sofas & armchairs; Bookcases & shelving units,Ola Wihlborg/IKEA of Sweden,https://www.ikea.com/sa/en/p/platsa-media-storage-combination-s69291394/
29046045,"LIATORP - TV storage combination, 331x214 cm",TV & media furniture,85422,3635.0,60,,"keeps the TV, devices and cables organised in one place","living-room, storage",Sofas & armchairs; Bookcases & shelving units,Carina Bengs,https://www.ikea.com/sa/en/p/liatorp-tv-storage-combination-white-s29046045/
10294511,"BESTÅ - TV bench, 120x40x38 cm",TV & media furniture,8812,375.0,60,,"keeps the TV, devices and cables organised in one place","living-room, storage",Sofas & armchairs; Bookcases & shelving units,"102.945.11 It’s easy to keep the cables from your TV and other devices out of sight but close at hand, as there are several cable outlets at the back of the TV bench.You can choose to stand the TV bench on the floor or mount it on the wall to free up floor space.If you want to organise inside you can complement with BESTÅ interior fittings.Steady also on uneven floors, thanks to the adjustable feet.This furniture must be fixed to the wall with the enclosed wall fastener.This TV bench can take a max load of 50 kg on the top.Different wall materials require different types of fixing devices. Use fixing devices suitable for the walls in your home, sold separately.May be completed with STALLARP, STUBBARP or NANNARP legs. This TV bench requires 4 legs and 1 BESTÅ supporting leg.May be completed with SULARP legs. This TV bench requires 2 legs and 1 BESTÅ supporting leg.",https://www.ikea.com/sa/en/p/besta-tv-bench-grey-stained-walnut-effect-10294511/
99278225,"BRIMNES - TV storage combination/glass doors, 276x41x95 cm",TV & media furniture,29728,1265.0,60,,"keeps the TV, devices and cables organised in one place","living-room, storage",Sofas & armchairs; Bookcases & shelving units,K Hagberg/M Hagberg,https://www.ikea.com/sa/en/p/brimnes-tv-storage-combination-glass-doors-white-s99278225/
9305247,"PLATSA - TV bench, 120x42x44 cm",TV & media furniture,7214,307.0,60,,"keeps the TV, devices and cables organised in one place","living-room, storage",Sofas & armchairs; Bookcases & shelving units,IKEA of Sweden,https://www.ikea.com/sa/en/p/platsa-tv-bench-white-s09305247/
79299554,"HEMNES - TV storage combination, 326x197 cm",TV & media furniture,78960,3360.0,60,,"keeps the TV, devices and cables organised in one place","living-room, storage",Sofas & armchairs; Bookcases & shelving units,Carina Bengs,https://www.ikea.com/sa/en/p/hemnes-tv-storage-combination-white-stain-s79299554/
40293567,STUBBARP - Leg,TV & media furniture,822,35.0,60,,"keeps the TV, devices and cables organised in one place","living-room, storage",Sofas & armchairs; Bookcases & shelving units,IKEA of Sweden,https://www.ikea.com/sa/en/p/stubbarp-leg-grey-stained-walnut-effect-40293567/
59299381,"BESTÅ - TV storage combination/glass doors, 300x42x193 cm",TV & media furniture,55695,2370.0,60,,"keeps the TV, devices and cables organised in one place","living-room, storage",Sofas & armchairs; Bookcases & shelving units,Marcus Arvonen/IKEA of Sweden,https://www.ikea.com/sa/en/p/besta-tv-storage-combination-glass-doors-black-brown-hanviken-black-brown-clear-glass-s59299381/
20293592,NANNARP - Leg,TV & media furniture,940,40.0,60,,"keeps the TV, devices and cables organised in one place","living-room, storage",Sofas & armchairs; Bookcases & shelving units,Carl Öjerstam,https://www.ikea.com/sa/en/p/nannarp-leg-white-20293592/
69265842,"HAVSTA - TV storage combination, 282x47x212 cm",TV & media furniture,56048,2385.0,60,,"keeps the TV, devices and cables organised in one place","living-room, storage",Sofas & armchairs; Bookcases & shelving units,IKEA of Sweden,https://www.ikea.com/sa/en/p/havsta-tv-storage-combination-grey-s69265842/
19301927,"BESTÅ - Storage combination w glass doors, 60x22x202 cm",TV & media furniture,23970,1020.0,60,,"keeps the TV, devices and cables organised in one place","living-room, storage",Sofas & armchairs; Bookcases & shelving units,IKEA of Sweden/Marcus Arvonen/Carl Öjerstam,https://www.ikea.com/sa/en/p/besta-storage-combination-w-glass-doors-black-brown-sindvik-stallarp-black-brown-clear-glass-s19301927/
70296319,"SINDVIK - Glass door, 60x38 cm",TV & media furniture,2938,125.0,60,,"keeps the TV, devices and cables organised in one place","living-room, storage",Sofas & armchairs; Bookcases & shelving units,Marcus Arvonen,https://www.ikea.com/sa/en/p/sindvik-glass-door-grey-stained-walnut-effect-clear-glass-70296319/
79205536,"BESTÅ - Storage combination with doors, 120x40x192 cm",TV & media furniture,25404,1081.0,60,,"keeps the TV, devices and cables organised in one place","living-room, storage",Sofas & armchairs; Bookcases & shelving units,IKEA of Sweden,https://www.ikea.com/sa/en/p/besta-storage-combination-with-doors-white-lappviken-light-grey-s79205536/
99285004,"BESTÅ - Cabinet unit, 60x40x202 cm",TV & media furniture,9870,420.0,60,,"keeps the TV, devices and cables organised in one place","living-room, storage",Sofas & armchairs; Bookcases & shelving units,IKEA of Sweden,https://www.ikea.com/sa/en/p/besta-cabinet-unit-grey-stained-walnut-effect-s99285004/
50291676,"LAPPVIKEN - Door, 60x64 cm",TV & media furniture,1292,55.0,60,,"keeps the TV, devices and cables organised in one place","living-room, storage",Sofas & armchairs; Bookcases & shelving units,IKEA of Sweden,https://www.ikea.com/sa/en/p/lappviken-door-white-50291676/
20334309,"BILLSBRO - Handle, 2220 mm",TV & media furniture,1762,75.0,60,,"keeps the TV, devices and cables organised in one place","living-room, storage",Sofas & armchairs; Bookcases & shelving units,H Preutz/A Fredriksson,https://www.ikea.com/sa/en/p/billsbro-handle-white-20334309/
39301785,"BESTÅ - Storage combination w doors/drawers, 120x42x240 cm",TV & media furniture,39245,1670.0,60,,"keeps the TV, devices and cables organised in one place","living-room, storage",Sofas & armchairs; Bookcases & shelving units,IKEA of Sweden/Marcus Arvonen,https://www.ikea.com/sa/en/p/besta-storage-combination-w-doors-drawers-grey-stained-walnut-effect-lappviken-stubbarp-grey-stained-walnut-eff-clear-glass-s39301785/
50347517,"ENERYDA - Cup handle, 89 mm",TV & media furniture,822,35.0,60,,"keeps the TV, devices and cables organised in one place","living-room, storage",Sofas & armchairs; Bookcases & shelving units,Francis Cayouette,https://www.ikea.com/sa/en/p/eneryda-cup-handle-black-50347517/
60338409,"BAGGANÄS - Knob, 13 mm",TV & media furniture,517,22.0,60,,"keeps the TV, devices and cables organised in one place","living-room, storage",Sofas & armchairs; Bookcases & shelving units,H Preutz/A Fredriksson,https://www.ikea.com/sa/en/p/bagganaes-knob-brass-colour-60338409/
39192611,"BESTÅ - TV storage combination/glass doors, 240x40x230 cm",TV & media furniture,77785,3310.0,60,,"keeps the TV, devices and cables organised in one place","living-room, storage",Sofas & armchairs; Bookcases & shelving units,IKEA of Sweden,https://www.ikea.com/sa/en/p/besta-tv-storage-combination-glass-doors-white-selsviken-high-gloss-white-frosted-glass-s39192611/
89301127,"BESTÅ - Storage combination w glass doors, 60x42x193 cm",TV & media furniture,27025,1150.0,60,,"keeps the TV, devices and cables organised in one place","living-room, storage",Sofas & armchairs; Bookcases & shelving units,IKEA of Sweden,https://www.ikea.com/sa/en/p/besta-storage-combination-w-glass-doors-grey-stained-walnut-effect-selsviken-high-gloss-white-frosted-glass-s89301127/
40291629,"SELSVIKEN - Drawer front, 60x26 cm",TV & media furniture,1410,60.0,60,,"keeps the TV, devices and cables organised in one place","living-room, storage",Sofas & armchairs; Bookcases & shelving units,IKEA of Sweden,https://www.ikea.com/sa/en/p/selsviken-drawer-front-high-gloss-black-40291629/
80338413,"BAGGANÄS - Handle, 143 mm",TV & media furniture,822,35.0,60,,"keeps the TV, devices and cables organised in one place","living-room, storage",Sofas & armchairs; Bookcases & shelving units,H Preutz/A Fredriksson,https://www.ikea.com/sa/en/p/bagganaes-handle-black-80338413/
30247415,"BESTÅ - Frame, 60x20x64 cm",TV & media furniture,2585,110.0,60,,"keeps the TV, devices and cables organised in one place","living-room, storage",Sofas & armchairs; Bookcases & shelving units,IKEA of Sweden,https://www.ikea.com/sa/en/p/besta-frame-grey-stained-walnut-effect-30247415/
20347509,"ENERYDA - Knob, 20 mm",TV & media furniture,400,17.0,60,,"keeps the TV, devices and cables organised in one place","living-room, storage",Sofas & armchairs; Bookcases & shelving units,Francis Cayouette,https://www.ikea.com/sa/en/p/eneryda-knob-brass-colour-20347509/
40299890,"BESTÅ - TV bench, 120x40x64 cm",TV & media furniture,11162,475.0,60,,"keeps the TV, devices and cables organised in one place","living-room, storage",Sofas & armchairs; Bookcases & shelving units,"402.998.90 It’s easy to keep the cables from your TV and other devices out of sight but close at hand, as there are several cable outlets at the back of the TV bench.If you want to organise inside you can complement with BESTÅ interior fittings.Steady also on uneven floors, thanks to the adjustable feet.For safety reasons this TV bench shall not be hung on the wall.The TV bench must be fixed to the wall with the included wall fastener.This TV bench can take a max load of 50 kg on the top.Different wall materials require different types of fixing devices. Use fixing devices suitable for the walls in your home, sold separately.May be completed with STALLARP, STUBBARP or NANNARP legs. This TV bench requires 4 legs and 1 BESTÅ supporting leg.May be completed with SULARP legs. This TV bench requires 2 legs and 1 BESTÅ supporting leg.",https://www.ikea.com/sa/en/p/besta-tv-bench-white-40299890/
19282919,"BESTÅ - Storage combination w glass doors, 120x40x128 cm",TV & media furniture,36895,1570.0,60,,"keeps the TV, devices and cables organised in one place","living-room, storage",Sofas & armchairs; Bookcases & shelving units,IKEA of Sweden/Marcus Arvonen,https://www.ikea.com/sa/en/p/besta-storage-combination-w-glass-doors-black-brown-vassviken-white-clear-glass-s19282919/
80338408,"BAGGANÄS - Knob, 20 mm",TV & media furniture,634,27.0,60,,"keeps the TV, devices and cables organised in one place","living-room, storage",Sofas & armchairs; Bookcases & shelving units,H Preutz/A Fredriksson,https://www.ikea.com/sa/en/p/bagganaes-knob-brass-colour-80338408/
70351513,"BESTÅ - Drawer frame, 60x15x40 cm",TV & media furniture,1410,60.0,60,,"keeps the TV, devices and cables organised in one place","living-room, storage",Sofas & armchairs; Bookcases & shelving units,IKEA of Sweden,https://www.ikea.com/sa/en/p/besta-drawer-frame-white-70351513/
60338414,"BAGGANÄS - Handle, 335 mm",TV & media furniture,1175,50.0,60,,"keeps the TV, devices and cables organised in one place","living-room, storage",Sofas & armchairs; Bookcases & shelving units,H Preutz/A Fredriksson,https://www.ikea.com/sa/en/p/bagganaes-handle-black-60338414/
50291624,"SELSVIKEN - Door/drawer front, 60x38 cm",TV & media furniture,2938,125.0,60,,"keeps the TV, devices and cables organised in one place","living-room, storage",Sofas & armchairs; Bookcases & shelving units,IKEA of Sweden,https://www.ikea.com/sa/en/p/selsviken-door-drawer-front-high-gloss-black-50291624/
60322856,"BERGHALLA - Handle, 56 mm",TV & media furniture,517,22.0,60,,"keeps the TV, devices and cables organised in one place","living-room, storage",Sofas & armchairs; Bookcases & shelving units,H Preutz/A Fredriksson,https://www.ikea.com/sa/en/p/berghalla-handle-grey-60322856/
29291391,"PLATSA - Media storage combination, 300x42x131 cm",TV & media furniture,43193,1838.0,60,,"keeps the TV, devices and cables organised in one place","living-room, storage",Sofas & armchairs; Bookcases & shelving units,Ola Wihlborg/IKEA of Sweden,https://www.ikea.com/sa/en/p/platsa-media-storage-combination-s29291391/
70291656,"GLASSVIK - Glass door, 60x38 cm",TV & media furniture,4112,175.0,60,,"keeps the TV, devices and cables organised in one place","living-room, storage",Sofas & armchairs; Bookcases & shelving units,IKEA of Sweden,https://www.ikea.com/sa/en/p/glassvik-glass-door-white-frosted-glass-70291656/
79291398,"PLATSA - Media storage combination, 300x42x221 cm",TV & media furniture,44638,1899.5,60,,"keeps the TV, devices and cables organised in one place","living-room, storage",Sofas & armchairs; Bookcases & shelving units,IKEA of Sweden,https://www.ikea.com/sa/en/p/platsa-media-storage-combination-s79291398/
40323593,"BILLSBRO - Handle, 520 mm",TV & media furniture,1058,45.0,60,,"keeps the TV, devices and cables organised in one place","living-room, storage",Sofas & armchairs; Bookcases & shelving units,H Preutz/A Fredriksson,https://www.ikea.com/sa/en/p/billsbro-handle-stainless-steel-colour-40323593/
59291403,"PLATSA - Media storage combination, 220x42x251 cm",TV & media furniture,55413,2358.0,60,,"keeps the TV, devices and cables organised in one place","living-room, storage",Sofas & armchairs; Bookcases & shelving units,IKEA of Sweden/Ola Wihlborg,https://www.ikea.com/sa/en/p/platsa-media-storage-combination-s59291403/
291848,"HANVIKEN - Door/drawer front, 60x38 cm",TV & media furniture,1762,75.0,60,,"keeps the TV, devices and cables organised in one place","living-room, storage",Sofas & armchairs; Bookcases & shelving units,Marcus Arvonen,https://www.ikea.com/sa/en/p/hanviken-door-drawer-front-white-00291848/
69291407,"PLATSA - Media storage combination, 320x42x241 cm",TV & media furniture,51394,2187.0,60,,"keeps the TV, devices and cables organised in one place","living-room, storage",Sofas & armchairs; Bookcases & shelving units,IKEA of Sweden,https://www.ikea.com/sa/en/p/platsa-media-storage-combination-s69291407/
50453758,"RAKKESTAD - Wardrobe with 2 doors, 79x176 cm",Wardrobes,8108,345.0,120,,"keeps clothes hung, folded and easy to find","bedroom, storage",Beds; Chests of drawers & drawer units,IKEA of Sweden,https://www.ikea.com/sa/en/p/rakkestad-wardrobe-with-2-doors-black-brown-50453758/
29385672,"PAX - Wardrobe combination, 150x58x201 cm",Wardrobes,19740,840.0,120,,"keeps clothes hung, folded and easy to find","bedroom, storage",Beds; Chests of drawers & drawer units,IKEA of Sweden/Ehlén Johansson,https://www.ikea.com/sa/en/p/pax-wardrobe-combination-white-s29385672/
19329304,"PAX / FORSAND/VIKEDAL - Wardrobe combination, 150x60x201 cm",Wardrobes,28082,1195.0,120,,"keeps clothes hung, folded and easy to find","bedroom, storage",Beds; Chests of drawers & drawer units,IKEA of Sweden/Ehlén Johansson,https://www.ikea.com/sa/en/p/pax-forsand-vikedal-wardrobe-combination-black-brown-mirror-glass-s19329304/
59336270,"PLATSA - Wardrobe with 2 doors+3 drawers, 160x42x181 cm",Wardrobes,29586,1259.0,120,,"keeps clothes hung, folded and easy to find","bedroom, storage",Beds; Chests of drawers & drawer units,Ola Wihlborg/IKEA of Sweden,https://www.ikea.com/sa/en/p/platsa-wardrobe-with-2-doors-3-drawers-white-fonnes-white-s59336270/
19323929,"PLATSA - Wardrobe with 3 doors, 140x42x161 cm",Wardrobes,20962,892.0,120,,"keeps clothes hung, folded and easy to find","bedroom, storage",Beds; Chests of drawers & drawer units,IKEA of Sweden/Ola Wihlborg,https://www.ikea.com/sa/en/p/platsa-wardrobe-with-3-doors-white-fonnes-white-s19323929/
441758,"KLEPPSTAD - Wardrobe with 3 doors, 117x176 cm",Wardrobes,10552,449.0,120,,"keeps clothes hung, folded and easy to find","bedroom, storage",Beds; Chests of drawers & drawer units,IKEA of Sweden,https://www.ikea.com/sa/en/p/kleppstad-wardrobe-with-3-doors-white-00441758/
40407922,"BRIMNES - Wardrobe with 3 doors, 117x190 cm",Wardrobes,15158,645.0,120,,"keeps clothes hung, folded and easy to find","bedroom, storage",Beds; Chests of drawers & drawer units,K Hagberg/M Hagberg,https://www.ikea.com/sa/en/p/brimnes-wardrobe-with-3-doors-white-40407922/
80437234,"KLEPPSTAD - Wardrobe with 2 doors, 79x176 cm",Wardrobes,8202,349.0,120,,"keeps clothes hung, folded and easy to find","bedroom, storage",Beds; Chests of drawers & drawer units,IKEA of Sweden,https://www.ikea.com/sa/en/p/kleppstad-wardrobe-with-2-doors-white-80437234/
69304909,"PLATSA - Wardrobe with 7 doors+3 drawers, 240x57x221 cm",Wardrobes,64390,2740.0,120,,"keeps clothes hung, folded and easy to find","bedroom, storage",Beds; Chests of drawers & drawer units,IKEA of Sweden,https://www.ikea.com/sa/en/p/platsa-wardrobe-with-7-doors-3-drawers-white-sannidal-ridabu-s69304909/
80331973,"VUKU - Wardrobe, 74x51x149 cm",Wardrobes,1152,49.0,120,,"keeps clothes hung, folded and easy to find","bedroom, storage",Beds; Chests of drawers & drawer units,J Karlsson/W Chong,https://www.ikea.com/sa/en/p/vuku-wardrobe-white-80331973/
49246468,"PAX - Wardrobe, 150x60x201 cm",Wardrobes,35485,1510.0,120,,"keeps clothes hung, folded and easy to find","bedroom, storage",Beds; Chests of drawers & drawer units,Ehlén Johansson/IKEA of Sweden,https://www.ikea.com/sa/en/p/pax-wardrobe-white-forsand-white-s49246468/
40400478,"BRIMNES - Wardrobe with 2 doors, 78x190 cm",Wardrobes,11162,475.0,120,,"keeps clothes hung, folded and easy to find","bedroom, storage",Beds; Chests of drawers & drawer units,K Hagberg/M Hagberg,https://www.ikea.com/sa/en/p/brimnes-wardrobe-with-2-doors-white-40400478/
69128567,"PAX - Wardrobe, 175x58x201 cm",Wardrobes,30080,1280.0,120,,"keeps clothes hung, folded and easy to find","bedroom, storage",Beds; Chests of drawers & drawer units,IKEA of Sweden/Ehlén Johansson,https://www.ikea.com/sa/en/p/pax-wardrobe-white-s69128567/
79128821,"PAX - Wardrobe, 200x60x201 cm",Wardrobes,65918,2805.0,120,,"keeps clothes hung, folded and easy to find","bedroom, storage",Beds; Chests of drawers & drawer units,IKEA of Sweden/K Hagberg/M Hagberg/Ehlén Johansson,https://www.ikea.com/sa/en/p/pax-wardrobe-white-bergsbo-frosted-glass-s79128821/
79180593,"PAX - Wardrobe, 200x66x236 cm",Wardrobes,37365,1590.0,120,,"keeps clothes hung, folded and easy to find","bedroom, storage",Beds; Chests of drawers & drawer units,Ehlén Johansson/IKEA of Sweden,https://www.ikea.com/sa/en/p/pax-wardrobe-white-hasvik-white-s79180593/
29128357,"PAX - Wardrobe, 300x58x201 cm",Wardrobes,65095,2770.0,120,,"keeps clothes hung, folded and easy to find","bedroom, storage",Beds; Chests of drawers & drawer units,IKEA of Sweden/Ehlén Johansson,https://www.ikea.com/sa/en/p/pax-wardrobe-white-s29128357/
60375133,"SONGESAND - Wardrobe, 120x60x191 cm",Wardrobes,18682,795.0,120,,"keeps clothes hung, folded and easy to find","bedroom, storage",Beds; Chests of drawers & drawer units,IKEA of Sweden,https://www.ikea.com/sa/en/p/songesand-wardrobe-brown-60375133/
79305734,"PAX - Wardrobe, 150x44x236 cm",Wardrobes,43945,1870.0,120,,"keeps clothes hung, folded and easy to find","bedroom, storage",Beds; Chests of drawers & drawer units,IKEA of Sweden/Ehlén Johansson,https://www.ikea.com/sa/en/p/pax-wardrobe-white-auli-mirror-glass-s79305734/
49025589,"PAX - Wardrobe, 150x60x201 cm",Wardrobes,24910,1060.0,120,,"keeps clothes hung, folded and easy to find","bedroom, storage",Beds; Chests of drawers & drawer units,Ehlén Johansson/IKEA of Sweden,https://www.ikea.com/sa/en/p/pax-wardrobe-white-forsand-white-s49025589/
79252108,"PLATSA - Wardrobe, 220x57x231 cm",Wardrobes,61570,2620.0,120,,"keeps clothes hung, folded and easy to find","bedroom, storage",Beds; Chests of drawers & drawer units,IKEA of Sweden/Ola Wihlborg,https://www.ikea.com/sa/en/p/platsa-wardrobe-white-sannidal-ridabu-s79252108/
79203815,"PLATSA - Wardrobe, 95-120x42x181 cm",Wardrobes,10058,428.0,120,,"keeps clothes hung, folded and easy to find","bedroom, storage",Beds; Chests of drawers & drawer units,Ola Wihlborg/IKEA of Sweden,https://www.ikea.com/sa/en/p/platsa-wardrobe-white-fonnes-white-s79203815/
29286078,"PAX - Wardrobe, 250x60x201 cm",Wardrobes,43945,1870.0,120,,"keeps clothes hung, folded and easy to find","bedroom, storage",Beds; Chests of drawers & drawer units,Ehlén Johansson/IKEA of Sweden,https://www.ikea.com/sa/en/p/pax-wardrobe-black-brown-forsand-black-brown-stained-ash-effect-s29286078/
29128442,"PAX - Wardrobe, 200x58x201 cm",Wardrobes,20328,865.0,120,,"keeps clothes hung, folded and easy to find","bedroom, storage",Beds; Chests of drawers & drawer units,IKEA of Sweden/Ehlén Johansson,https://www.ikea.com/sa/en/p/pax-wardrobe-white-s29128442/
19300107,"PAX - Wardrobe, 276x211x236 cm",Wardrobes,126430,5380.0,120,,"keeps clothes hung, folded and easy to find","bedroom, storage",Beds; Chests of drawers & drawer units,IKEA of Sweden/Ehlén Johansson,https://www.ikea.com/sa/en/p/pax-wardrobe-white-s19300107/
29180581,"PAX - Wardrobe, 150x66x236 cm",Wardrobes,39362,1675.0,120,,"keeps clothes hung, folded and easy to find","bedroom, storage",Beds; Chests of drawers & drawer units,Ehlén Johansson/IKEA of Sweden,https://www.ikea.com/sa/en/p/pax-wardrobe-white-hasvik-white-s29180581/
79285991,"PAX - Wardrobe, 75x60x201 cm",Wardrobes,18800,800.0,120,,"keeps clothes hung, folded and easy to find","bedroom, storage",Beds; Chests of drawers & drawer units,IKEA of Sweden/Ehlén Johansson,https://www.ikea.com/sa/en/p/pax-wardrobe-black-brown-forsand-vikedal-s79285991/
99305851,"PLATSA - Wardrobe with shoe shelf, 80x42x191 cm",Wardrobes,17813,758.0,120,,"keeps clothes hung, folded and easy to find","bedroom, storage",Beds; Chests of drawers & drawer units,IKEA of Sweden/Ola Wihlborg,https://www.ikea.com/sa/en/p/platsa-wardrobe-with-shoe-shelf-white-vaerd-white-s99305851/
39305745,"PAX - Wardrobe, 200x44x236 cm",Wardrobes,53228,2265.0,120,,"keeps clothes hung, folded and easy to find","bedroom, storage",Beds; Chests of drawers & drawer units,Ehlén Johansson/IKEA of Sweden,https://www.ikea.com/sa/en/p/pax-wardrobe-white-mehamn-auli-s39305745/
79248588,"PLATSA - Wardrobe, 240x57x251 cm",Wardrobes,53956,2296.0,120,,"keeps clothes hung, folded and easy to find","bedroom, storage",Beds; Chests of drawers & drawer units,Ola Wihlborg/IKEA of Sweden,https://www.ikea.com/sa/en/p/platsa-wardrobe-white-fonnes-white-s79248588/
439468,"NORDKISA - Open wardrobe with sliding door, 120x186 cm",Wardrobes,23382,995.0,120,,"keeps clothes hung, folded and easy to find","bedroom, storage",Beds; Chests of drawers & drawer units,L Hilland/J Karlsson,https://www.ikea.com/sa/en/p/nordkisa-open-wardrobe-with-sliding-door-bamboo-00439468/
39127710,"PAX - Wardrobe, 100x60x236 cm",Wardrobes,20562,875.0,120,,"keeps clothes hung, folded and easy to find","bedroom, storage",Beds; Chests of drawers & drawer units,K Hagberg/M Hagberg/Ehlén Johansson/IKEA of Sweden,https://www.ikea.com/sa/en/p/pax-wardrobe-white-bergsbo-white-s39127710/
10308787,"TRYSIL - Wardrobe, 79x61x202 cm",Wardrobes,21032,895.0,120,,"keeps clothes hung, folded and easy to find","bedroom, storage",Beds; Chests of drawers & drawer units,K Hagberg/M Hagberg,https://www.ikea.com/sa/en/p/trysil-wardrobe-white-mirror-glass-10308787/
39304128,"PAX - Wardrobe, 200x60x236 cm",Wardrobes,58632,2495.0,120,,"keeps clothes hung, folded and easy to find","bedroom, storage",Beds; Chests of drawers & drawer units,IKEA of Sweden/Ehlén Johansson/K Hagberg/M Hagberg,https://www.ikea.com/sa/en/p/pax-wardrobe-white-flisberget-light-beige-s39304128/
50347616,"VISTHUS - Wardrobe, 122x59x216 cm",Wardrobes,38658,1645.0,120,,"keeps clothes hung, folded and easy to find","bedroom, storage",Beds; Chests of drawers & drawer units,T Winkel/T Jacobsen,https://www.ikea.com/sa/en/p/visthus-wardrobe-grey-white-50347616/
19303380,"PAX - Wardrobe, 150x44x236 cm",Wardrobes,43945,1870.0,120,,"keeps clothes hung, folded and easy to find","bedroom, storage",Beds; Chests of drawers & drawer units,Ehlén Johansson/IKEA of Sweden,https://www.ikea.com/sa/en/p/pax-wardrobe-white-auli-mirror-glass-s19303380/
19127297,"PAX - Wardrobe, 150x60x236 cm",Wardrobes,42300,1800.0,120,,"keeps clothes hung, folded and easy to find","bedroom, storage",Beds; Chests of drawers & drawer units,Ehlén Johansson/K Hagberg/M Hagberg/IKEA of Sweden,https://www.ikea.com/sa/en/p/pax-wardrobe-white-bergsbo-white-s19127297/
59218342,"PAX - Corner wardrobe, 111/88x236 cm",Wardrobes,37600,1600.0,120,,"keeps clothes hung, folded and easy to find","bedroom, storage",Beds; Chests of drawers & drawer units,Ehlén Johansson/IKEA of Sweden,https://www.ikea.com/sa/en/p/pax-corner-wardrobe-white-fardal-vikedal-s59218342/
80379620,"HEMNES - Open wardrobe, 99x37x130 cm",Wardrobes,6991,297.5,120,,"keeps clothes hung, folded and easy to find","bedroom, storage",Beds; Chests of drawers & drawer units,IKEA of Sweden,https://www.ikea.com/sa/en/p/hemnes-open-wardrobe-white-stained-80379620/
9303719,"PAX - Wardrobe, 150x38x236 cm",Wardrobes,36425,1550.0,120,,"keeps clothes hung, folded and easy to find","bedroom, storage",Beds; Chests of drawers & drawer units,IKEA of Sweden/Ehlén Johansson,https://www.ikea.com/sa/en/p/pax-wardrobe-white-forsand-vikedal-s09303719/
29248369,"PLATSA - Wardrobe, 340x42x241 cm",Wardrobes,51829,2205.5,120,,"keeps clothes hung, folded and easy to find","bedroom, storage",Beds; Chests of drawers & drawer units,IKEA of Sweden,https://www.ikea.com/sa/en/p/platsa-wardrobe-white-fonnes-sannidal-s29248369/
9305761,"PAX - Wardrobe, 200x66x236 cm",Wardrobes,50290,2140.0,120,,"keeps clothes hung, folded and easy to find","bedroom, storage",Beds; Chests of drawers & drawer units,Ehlén Johansson/IKEA of Sweden,https://www.ikea.com/sa/en/p/pax-wardrobe-black-brown-stained-ash-effect-black-brown-mehamn-black-brown-stained-ash-effect-s09305761/
69127493,"PAX - Wardrobe, 50x60x201 cm",Wardrobes,12455,530.0,120,,"keeps clothes hung, folded and easy to find","bedroom, storage",Beds; Chests of drawers & drawer units,Ehlén Johansson/IKEA of Sweden,https://www.ikea.com/sa/en/p/pax-wardrobe-white-vikedal-mirror-glass-s69127493/
39298472,"PLATSA - Wardrobe with 9 doors, 260x42x221 cm",Wardrobes,41654,1772.5,120,,"keeps clothes hung, folded and easy to find","bedroom, storage",Beds; Chests of drawers & drawer units,IKEA of Sweden,https://www.ikea.com/sa/en/p/platsa-wardrobe-with-9-doors-white-fonnes-ridabu-s39298472/
29221652,"PAX - Wardrobe, 300x60x236 cm",Wardrobes,123610,5260.0,120,,"keeps clothes hung, folded and easy to find","bedroom, storage",Beds; Chests of drawers & drawer units,IKEA of Sweden/Ebba Strandmark/Ehlén Johansson,https://www.ikea.com/sa/en/p/pax-wardrobe-white-tyssedal-tyssedal-glass-s29221652/
89329348,"PAX / FORSAND/VIKEDAL - Wardrobe combination, 150x60x236 cm",Wardrobes,35485,1510.0,120,,"keeps clothes hung, folded and easy to find","bedroom, storage",Beds; Chests of drawers & drawer units,Ehlén Johansson/IKEA of Sweden,https://www.ikea.com/sa/en/p/pax-forsand-vikedal-wardrobe-combination-brown-stained-ash-effect-mirror-glass-s89329348/
50251270,"HEMNES - Wardrobe with 2 sliding doors, 120x197 cm",Wardrobes,36308,1545.0,120,,"keeps clothes hung, folded and easy to find","bedroom, storage",Beds; Chests of drawers & drawer units,Carina Bengs,https://www.ikea.com/sa/en/p/hemnes-wardrobe-with-2-sliding-doors-white-stain-50251270/
30439476,"NORDKISA - Open wardrobe with sliding door, 120x123 cm",Wardrobes,21032,895.0,120,,"keeps clothes hung, folded and easy to find","bedroom, storage",Beds; Chests of drawers & drawer units,L Hilland/J Karlsson,https://www.ikea.com/sa/en/p/nordkisa-open-wardrobe-with-sliding-door-bamboo-30439476/
19203781,"PLATSA - Wardrobe, 195-220x57x241 cm",Wardrobes,37318,1588.0,120,,"keeps clothes hung, folded and easy to find","bedroom, storage",Beds; Chests of drawers & drawer units,IKEA of Sweden/Ola Wihlborg,https://www.ikea.com/sa/en/p/platsa-wardrobe-white-fonnes-white-s19203781/
20449517,"KLEPPSTAD - Shelf, 76x50 cm",Wardrobes,1058,45.0,120,,"keeps clothes hung, folded and easy to find","bedroom, storage",Beds; Chests of drawers & drawer units,IKEA of Sweden,https://www.ikea.com/sa/en/p/kleppstad-shelf-white-20449517/
39305788,"PAX - Wardrobe, 250x66x236 cm",Wardrobes,81310,3460.0,120,,"keeps clothes hung, folded and easy to find","bedroom, storage",Beds; Chests of drawers & drawer units,IKEA of Sweden/Ehlén Johansson,https://www.ikea.com/sa/en/p/pax-wardrobe-white-mehamn-s39305788/
59328897,"PAX / BERGSBO - Wardrobe combination, 200x38x236 cm",Wardrobes,43122,1835.0,120,,"keeps clothes hung, folded and easy to find","bedroom, storage",Beds; Chests of drawers & drawer units,Ehlén Johansson/IKEA of Sweden/K Hagberg/M Hagberg,https://www.ikea.com/sa/en/p/pax-bergsbo-wardrobe-combination-white-frosted-glass-s59328897/
39218512,"PAX - Corner wardrobe, 111/111x236 cm",Wardrobes,33135,1410.0,120,,"keeps clothes hung, folded and easy to find","bedroom, storage",Beds; Chests of drawers & drawer units,IKEA of Sweden/Ehlén Johansson/Ola Wihlborg,https://www.ikea.com/sa/en/p/pax-corner-wardrobe-white-grimo-white-s39218512/
89305719,"PAX - Wardrobe, 200x66x236 cm",Wardrobes,64155,2730.0,120,,"keeps clothes hung, folded and easy to find","bedroom, storage",Beds; Chests of drawers & drawer units,IKEA of Sweden/Ehlén Johansson,https://www.ikea.com/sa/en/p/pax-wardrobe-white-nykirke-frosted-glass-check-pattern-s89305719/
29167037,"PAX - Wardrobe, 200x44x236 cm",Wardrobes,57575,2450.0,120,,"keeps clothes hung, folded and easy to find","bedroom, storage",Beds; Chests of drawers & drawer units,Ehlén Johansson/IKEA of Sweden,https://www.ikea.com/sa/en/p/pax-wardrobe-white-faervik-white-glass-s29167037/
59265705,"PAX - Corner wardrobe, 310/310x236 cm",Wardrobes,196930,8380.0,120,,"keeps clothes hung, folded and easy to find","bedroom, storage",Beds; Chests of drawers & drawer units,Ehlén Johansson/IKEA of Sweden,https://www.ikea.com/sa/en/p/pax-corner-wardrobe-white-forsand-vikedal-s59265705/
39248590,"PLATSA - Wardrobe, 175-200x57x251 cm",Wardrobes,36660,1560.0,120,,"keeps clothes hung, folded and easy to find","bedroom, storage",Beds; Chests of drawers & drawer units,IKEA of Sweden/Ola Wihlborg,https://www.ikea.com/sa/en/p/platsa-wardrobe-white-fonnes-white-s39248590/
59221373,"PAX - Corner wardrobe, 160/88x236 cm",Wardrobes,47588,2025.0,120,,"keeps clothes hung, folded and easy to find","bedroom, storage",Beds; Chests of drawers & drawer units,K Hagberg/M Hagberg/Ehlén Johansson/IKEA of Sweden,https://www.ikea.com/sa/en/p/pax-corner-wardrobe-white-flisberget-light-beige-s59221373/
79303886,"PAX - Corner wardrobe, 160/88x236 cm",Wardrobes,67328,2865.0,120,,"keeps clothes hung, folded and easy to find","bedroom, storage",Beds; Chests of drawers & drawer units,Ehlén Johansson/IKEA of Sweden,https://www.ikea.com/sa/en/p/pax-corner-wardrobe-white-fardal-vikedal-s79303886/
99246588,"PAX - Wardrobe, 100x38x236 cm",Wardrobes,24792,1055.0,120,,"keeps clothes hung, folded and easy to find","bedroom, storage",Beds; Chests of drawers & drawer units,IKEA of Sweden/Ehlén Johansson,https://www.ikea.com/sa/en/p/pax-wardrobe-white-forsand-vikedal-s99246588/
29203889,"PLATSA - Wardrobe, 140x57x261 cm",Wardrobes,35626,1516.0,120,,"keeps clothes hung, folded and easy to find","bedroom, storage",Beds; Chests of drawers & drawer units,IKEA of Sweden,https://www.ikea.com/sa/en/p/platsa-wardrobe-white-fonnes-white-s29203889/
29127777,"PAX - Wardrobe, 100x60x201 cm",Wardrobes,24205,1030.0,120,,"keeps clothes hung, folded and easy to find","bedroom, storage",Beds; Chests of drawers & drawer units,Ehlén Johansson/IKEA of Sweden,https://www.ikea.com/sa/en/p/pax-wardrobe-black-brown-vikedal-mirror-glass-s29127777/
9171035,"PAX - Wardrobe, 50x38x236 cm",Wardrobes,15628,665.0,120,,"keeps clothes hung, folded and easy to find","bedroom, storage",Beds; Chests of drawers & drawer units,Ebba Strandmark/Ehlén Johansson/IKEA of Sweden,https://www.ikea.com/sa/en/p/pax-wardrobe-white-tyssedal-glass-s09171035/
99127608,"PAX - Wardrobe, 150x60x201 cm",Wardrobes,46060,1960.0,120,,"keeps clothes hung, folded and easy to find","bedroom, storage",Beds; Chests of drawers & drawer units,IKEA of Sweden/Ehlén Johansson,https://www.ikea.com/sa/en/p/pax-wardrobe-white-fardal-vikedal-s99127608/
89325374,"PLATSA - Wall storage, 240x42x40 cm",Wardrobes,14664,624.0,120,,"keeps clothes hung, folded and easy to find","bedroom, storage",Beds; Chests of drawers & drawer units,IKEA of Sweden,https://www.ikea.com/sa/en/p/platsa-wall-storage-white-fonnes-white-s89325374/
39127395,"PAX - Wardrobe, 300x60x201 cm",Wardrobes,114445,4870.0,120,,"keeps clothes hung, folded and easy to find","bedroom, storage",Beds; Chests of drawers & drawer units,IKEA of Sweden/Ehlén Johansson,https://www.ikea.com/sa/en/p/pax-wardrobe-white-fardal-high-gloss-white-s39127395/
298128,"TYSSEDAL - Wardrobe, 88x58x208 cm",Wardrobes,38658,1645.0,120,,"keeps clothes hung, folded and easy to find","bedroom, storage",Beds; Chests of drawers & drawer units,Ebba Strandmark,https://www.ikea.com/sa/en/p/tyssedal-wardrobe-white-mirror-glass-00298128/
79287612,"PAX - Wardrobe, 200x60x236 cm",Wardrobes,42652,1815.0,120,,"keeps clothes hung, folded and easy to find","bedroom, storage",Beds; Chests of drawers & drawer units,Ehlén Johansson/IKEA of Sweden,https://www.ikea.com/sa/en/p/pax-wardrobe-black-brown-forsand-brown-stained-ash-effect-s79287612/
99096013,"PAX - Wardrobe, 200x60x236 cm",Wardrobes,56752,2415.0,120,,"keeps clothes hung, folded and easy to find","bedroom, storage",Beds; Chests of drawers & drawer units,IKEA of Sweden/Ebba Strandmark/Ehlén Johansson,https://www.ikea.com/sa/en/p/pax-wardrobe-black-brown-undredal-black-s99096013/
29158212,"ELVARLI - 1 section, 84x55x216 cm",Wardrobes,10199,434.0,120,,"keeps clothes hung, folded and easy to find","bedroom, storage",Beds; Chests of drawers & drawer units,IKEA of Sweden/Ehlén Johansson,https://www.ikea.com/sa/en/p/elvarli-1-section-white-s29158212/
49275149,"PAX - Corner wardrobe, 310/310x236 cm",Wardrobes,150282,6395.0,120,,"keeps clothes hung, folded and easy to find","bedroom, storage",Beds; Chests of drawers & drawer units,Ehlén Johansson/IKEA of Sweden,https://www.ikea.com/sa/en/p/pax-corner-wardrobe-white-s49275149/
49324946,"PAX / TYSSEDAL - Wardrobe combination, 250x60x236 cm",Wardrobes,142528,6065.0,120,,"keeps clothes hung, folded and easy to find","bedroom, storage",Beds; Chests of drawers & drawer units,Ebba Strandmark/IKEA of Sweden/Ola Wihlborg/Ehlén Johansson,https://www.ikea.com/sa/en/p/pax-tyssedal-wardrobe-combination-white-white-glass-s49324946/
89305795,"PAX - Wardrobe, 150x66x236 cm",Wardrobes,44415,1890.0,120,,"keeps clothes hung, folded and easy to find","bedroom, storage",Beds; Chests of drawers & drawer units,IKEA of Sweden/Ehlén Johansson,https://www.ikea.com/sa/en/p/pax-wardrobe-black-brown-black-brown-stained-ash-effect-mehamn-black-brown-stained-ash-effect-s89305795/
70439573,"SYVDE - Open wardrobe, 80x123 cm",Wardrobes,10458,445.0,120,,"keeps clothes hung, folded and easy to find","bedroom, storage",Beds; Chests of drawers & drawer units,IKEA of Sweden,https://www.ikea.com/sa/en/p/syvde-open-wardrobe-white-70439573/
19305807,"PAX - Wardrobe, 200x44x236 cm",Wardrobes,57575,2450.0,120,,"keeps clothes hung, folded and easy to find","bedroom, storage",Beds; Chests of drawers & drawer units,IKEA of Sweden/Ehlén Johansson,https://www.ikea.com/sa/en/p/pax-wardrobe-white-faervik-white-glass-s19305807/
10453755,"RAKKESTAD - Shelf, 76x50 cm",Wardrobes,1058,45.0,120,,"keeps clothes hung, folded and easy to find","bedroom, storage",Beds; Chests of drawers & drawer units,IKEA of Sweden,https://www.ikea.com/sa/en/p/rakkestad-shelf-black-brown-10453755/
49305740,"PAX - Wardrobe, 250x66x236 cm",Wardrobes,83190,3540.0,120,,"keeps clothes hung, folded and easy to find","bedroom, storage",Beds; Chests of drawers & drawer units,Ehlén Johansson/IKEA of Sweden,https://www.ikea.com/sa/en/p/pax-wardrobe-white-mehamn-auli-s49305740/
29300121,"PAX - Wardrobe, 100x38x236 cm",Wardrobes,29610,1260.0,120,,"keeps clothes hung, folded and easy to find","bedroom, storage",Beds; Chests of drawers & drawer units,IKEA of Sweden/Ola Wihlborg/Ehlén Johansson,https://www.ikea.com/sa/en/p/pax-wardrobe-white-grimo-vikedal-s29300121/
19227640,"PAX - Wardrobe, 150x58x201 cm",Wardrobes,35838,1525.0,120,,"keeps clothes hung, folded and easy to find","bedroom, storage",Beds; Chests of drawers & drawer units,IKEA of Sweden/Ehlén Johansson,https://www.ikea.com/sa/en/p/pax-wardrobe-white-s19227640/
89252117,"PLATSA - Wardrobe, 240x57x123 cm",Wardrobes,32618,1388.0,120,,"keeps clothes hung, folded and easy to find","bedroom, storage",Beds; Chests of drawers & drawer units,IKEA of Sweden,https://www.ikea.com/sa/en/p/platsa-wardrobe-white-fonnes-sannidal-s89252117/
19305812,"PAX - Wardrobe, 150x66x236 cm",Wardrobes,54520,2320.0,120,,"keeps clothes hung, folded and easy to find","bedroom, storage",Beds; Chests of drawers & drawer units,Ehlén Johansson/IKEA of Sweden,https://www.ikea.com/sa/en/p/pax-wardrobe-white-faervik-white-glass-s19305812/
79306328,"PAX - Wardrobe, 150x66x201 cm",Wardrobes,51465,2190.0,120,,"keeps clothes hung, folded and easy to find","bedroom, storage",Beds; Chests of drawers & drawer units,IKEA of Sweden/Ehlén Johansson,https://www.ikea.com/sa/en/p/pax-wardrobe-white-auli-mirror-glass-s79306328/
39246911,"PAX - Wardrobe, 50x38x236 cm",Wardrobes,13865,590.0,120,,"keeps clothes hung, folded and easy to find","bedroom, storage",Beds; Chests of drawers & drawer units,IKEA of Sweden/Ehlén Johansson,https://www.ikea.com/sa/en/p/pax-wardrobe-white-forsand-white-s39246911/
79305852,"PAX - Wardrobe, 150x44x236 cm",Wardrobes,45590,1940.0,120,,"keeps clothes hung, folded and easy to find","bedroom, storage",Beds; Chests of drawers & drawer units,IKEA of Sweden/Ehlén Johansson,https://www.ikea.com/sa/en/p/pax-wardrobe-white-sekken-frosted-glass-s79305852/
29157608,"ELVARLI - 1 section, 52x36x222-350 cm",Wardrobes,10270,437.0,120,,"keeps clothes hung, folded and easy to find","bedroom, storage",Beds; Chests of drawers & drawer units,Ehlén Johansson,https://www.ikea.com/sa/en/p/elvarli-1-section-white-s29157608/
89288135,"PAX - Wardrobe, 250x60x236 cm",Wardrobes,154748,6585.0,120,,"keeps clothes hung, folded and easy to find","bedroom, storage",Beds; Chests of drawers & drawer units,IKEA of Sweden/Ehlén Johansson,https://www.ikea.com/sa/en/p/pax-wardrobe-black-brown-hamnas-black-blue-s89288135/
99302895,"ELVARLI - 5 sections, 385x51x222-350 cm",Wardrobes,97008,4128.0,120,,"keeps clothes hung, folded and easy to find","bedroom, storage",Beds; Chests of drawers & drawer units,Ehlén Johansson,https://www.ikea.com/sa/en/p/elvarli-5-sections-white-bamboo-s99302895/
347614,"VISTHUS - Wardrobe, 63x59x216 cm",Wardrobes,21032,895.0,120,,"keeps clothes hung, folded and easy to find","bedroom, storage",Beds; Chests of drawers & drawer units,T Winkel/T Jacobsen,https://www.ikea.com/sa/en/p/visthus-wardrobe-grey-white-00347614/
19219008,"PAX - Corner wardrobe, 160/271/160x236 cm",Wardrobes,100345,4270.0,120,,"keeps clothes hung, folded and easy to find","bedroom, storage",Beds; Chests of drawers & drawer units,Ehlén Johansson/IKEA of Sweden,https://www.ikea.com/sa/en/p/pax-corner-wardrobe-white-s19219008/
59248626,"PLATSA - Wardrobe, 240x61x281 cm",Wardrobes,82086,3493.0,120,,"keeps clothes hung, folded and easy to find","bedroom, storage",Beds; Chests of drawers & drawer units,IKEA of Sweden,https://www.ikea.com/sa/en/p/platsa-wardrobe-white-fonnes-white-s59248626/
59303533,"PAX - Wardrobe, 150x60x236 cm",Wardrobes,80135,3410.0,120,,"keeps clothes hung, folded and easy to find","bedroom, storage",Beds; Chests of drawers & drawer units,Ehlén Johansson/IKEA of Sweden,https://www.ikea.com/sa/en/p/pax-wardrobe-white-repvag-white-stained-oak-veneer-s59303533/
89300156,"PAX - Wardrobe, 200x60x236 cm",Wardrobes,86832,3695.0,120,,"keeps clothes hung, folded and easy to find","bedroom, storage",Beds; Chests of drawers & drawer units,IKEA of Sweden/Ehlén Johansson,https://www.ikea.com/sa/en/p/pax-wardrobe-white-flornes-dark-grey-s89300156/
49306315,"PAX - Wardrobe, 150x66x236 cm",Wardrobes,75717,3222.0,120,,"keeps clothes hung, folded and easy to find","bedroom, storage",Beds; Chests of drawers & drawer units,IKEA of Sweden/Ehlén Johansson,https://www.ikea.com/sa/en/p/pax-wardrobe-black-brown-uggdal-grey-glass-s49306315/
49325371,"PLATSA - Wall storage, 240x40x40 cm",Wardrobes,10222,435.0,120,,"keeps clothes hung, folded and easy to find","bedroom, storage",Beds; Chests of drawers & drawer units,Ola Wihlborg,https://www.ikea.com/sa/en/p/platsa-wall-storage-white-s49325371/
49287618,"PAX - Wardrobe, 150x60x236 cm",Wardrobes,41360,1760.0,120,,"keeps clothes hung, folded and easy to find","bedroom, storage",Beds; Chests of drawers & drawer units,Ehlén Johansson/IKEA of Sweden,https://www.ikea.com/sa/en/p/pax-wardrobe-brown-stained-ash-effect-forsand-brown-stained-ash-effect-s49287618/
39285988,"PAX - Wardrobe, 75x60x236 cm",Wardrobes,22678,965.0,120,,"keeps clothes hung, folded and easy to find","bedroom, storage",Beds; Chests of drawers & drawer units,Ehlén Johansson/IKEA of Sweden,https://www.ikea.com/sa/en/p/pax-wardrobe-black-brown-forsand-vikedal-s39285988/
19304582,"PLATSA - Wardrobe w 6 doors, 140x42x241 cm",Wardrobes,29622,1260.5,120,,"keeps clothes hung, folded and easy to find","bedroom, storage",Beds; Chests of drawers & drawer units,IKEA of Sweden,https://www.ikea.com/sa/en/p/platsa-wardrobe-w-6-doors-fonnes-white-s19304582/
9218368,"PAX - Corner wardrobe, 210/160x236 cm",Wardrobes,110098,4685.0,120,,"keeps clothes hung, folded and easy to find","bedroom, storage",Beds; Chests of drawers & drawer units,Ehlén Johansson/Ebba Strandmark/IKEA of Sweden,https://www.ikea.com/sa/en/p/pax-corner-wardrobe-black-brown-undredal-undredal-glass-s09218368/
421915,"SUNDLANDET - Open wardrobe, 79x44x187 cm",Wardrobes,16826,716.0,120,,"keeps clothes hung, folded and easy to find","bedroom, storage",Beds; Chests of drawers & drawer units,Ola Wihlborg,https://www.ikea.com/sa/en/p/sundlandet-open-wardrobe-white-00421915/
59094412,"PAX - Wardrobe, 150x60x236 cm",Wardrobes,60630,2580.0,120,,"keeps clothes hung, folded and easy to find","bedroom, storage",Beds; Chests of drawers & drawer units,Ehlén Johansson/Ebba Strandmark/IKEA of Sweden,https://www.ikea.com/sa/en/p/pax-wardrobe-black-brown-undredal-black-s59094412/
59221660,"PAX - Wardrobe, 300x60x236 cm",Wardrobes,123140,5240.0,120,,"keeps clothes hung, folded and easy to find","bedroom, storage",Beds; Chests of drawers & drawer units,IKEA of Sweden/Ehlén Johansson/Ebba Strandmark,https://www.ikea.com/sa/en/p/pax-wardrobe-black-brown-undredal-undredal-glass-s59221660/
79306173,"PAX - Wardrobe, 200x66x236 cm",Wardrobes,88712,3775.0,120,,"keeps clothes hung, folded and easy to find","bedroom, storage",Beds; Chests of drawers & drawer units,Ehlén Johansson/IKEA of Sweden,https://www.ikea.com/sa/en/p/pax-wardrobe-white-hokksund-high-gloss-light-beige-s79306173/
99246475,"PAX - Wardrobe, 200x60x236 cm",Wardrobes,75552,3215.0,120,,"keeps clothes hung, folded and easy to find","bedroom, storage",Beds; Chests of drawers & drawer units,Ehlén Johansson/IKEA of Sweden,https://www.ikea.com/sa/en/p/pax-wardrobe-white-forsand-vikedal-s99246475/
9303309,"PAX - Wardrobe, 150x66x236 cm",Wardrobes,71322,3035.0,120,,"keeps clothes hung, folded and easy to find","bedroom, storage",Beds; Chests of drawers & drawer units,Ehlén Johansson/IKEA of Sweden,https://www.ikea.com/sa/en/p/pax-wardrobe-white-hasvik-white-s09303309/
89227873,"PAX - Wardrobe, 150x58x201 cm",Wardrobes,35226,1499.0,120,,"keeps clothes hung, folded and easy to find","bedroom, storage",Beds; Chests of drawers & drawer units,Ehlén Johansson/IKEA of Sweden,https://www.ikea.com/sa/en/p/pax-wardrobe-white-s89227873/
69157475,"ELVARLI - 1 section, 84x40x216 cm",Wardrobes,10434,444.0,120,,"keeps clothes hung, folded and easy to find","bedroom, storage",Beds; Chests of drawers & drawer units,Ehlén Johansson/IKEA of Sweden,https://www.ikea.com/sa/en/p/elvarli-1-section-white-s69157475/
89325289,"PLATSA - Open shelving unit, 140x40x63 cm",Wardrobes,10575,450.0,120,,"keeps clothes hung, folded and easy to find","bedroom, storage",Beds; Chests of drawers & drawer units,Ola Wihlborg/IKEA of Sweden,https://www.ikea.com/sa/en/p/platsa-open-shelving-unit-white-s89325289/
29330571,"PAX / MEHAMN - Wardrobe combination, 150x44x236 cm",Wardrobes,40538,1725.0,120,,"keeps clothes hung, folded and easy to find","bedroom, storage",Beds; Chests of drawers & drawer units,IKEA of Sweden/Ehlén Johansson,https://www.ikea.com/sa/en/p/pax-mehamn-wardrobe-combination-white-white-stained-oak-effect-s29330571/
99248587,"PLATSA - Wardrobe, 240x57x231 cm",Wardrobes,42206,1796.0,120,,"keeps clothes hung, folded and easy to find","bedroom, storage",Beds; Chests of drawers & drawer units,Ola Wihlborg/IKEA of Sweden,https://www.ikea.com/sa/en/p/platsa-wardrobe-white-fonnes-white-s99248587/
49300144,"PAX - Wardrobe, 100x35x236 cm",Wardrobes,23382,995.0,120,,"keeps clothes hung, folded and easy to find","bedroom, storage",Beds; Chests of drawers & drawer units,IKEA of Sweden/Ehlén Johansson,https://www.ikea.com/sa/en/p/pax-wardrobe-white-s49300144/
19331439,"PAX - Wardrobe combination, 375x58x236 cm",Wardrobes,140178,5965.0,120,,"keeps clothes hung, folded and easy to find","bedroom, storage",Beds; Chests of drawers & drawer units,Ehlén Johansson/IKEA of Sweden,https://www.ikea.com/sa/en/p/pax-wardrobe-combination-brown-stained-ash-effect-s19331439/
99329140,"PAX / BERGSBO - Wardrobe combination, 100x60x236 cm",Wardrobes,52875,2250.0,120,,"keeps clothes hung, folded and easy to find","bedroom, storage",Beds; Chests of drawers & drawer units,Ehlén Johansson/IKEA of Sweden/K Hagberg/M Hagberg,https://www.ikea.com/sa/en/p/pax-bergsbo-wardrobe-combination-white-frosted-glass-s99329140/
39276917,"PAX - Wardrobe, 250x60x236 cm",Wardrobes,125608,5345.0,120,,"keeps clothes hung, folded and easy to find","bedroom, storage",Beds; Chests of drawers & drawer units,Ehlén Johansson/IKEA of Sweden,https://www.ikea.com/sa/en/p/pax-wardrobe-white-soerumsand-white-s39276917/
29286894,"PAX - Wardrobe, 100x60x201 cm",Wardrobes,37600,1600.0,120,,"keeps clothes hung, folded and easy to find","bedroom, storage",Beds; Chests of drawers & drawer units,IKEA of Sweden/Ehlén Johansson,https://www.ikea.com/sa/en/p/pax-wardrobe-black-brown-forsand-black-brown-stained-ash-effect-s29286894/
39227804,"PAX - Wardrobe, 150x58x201 cm",Wardrobes,35015,1490.0,120,,"keeps clothes hung, folded and easy to find","bedroom, storage",Beds; Chests of drawers & drawer units,IKEA of Sweden/Ehlén Johansson,https://www.ikea.com/sa/en/p/pax-wardrobe-black-brown-s39227804/
39157387,"ELVARLI - 3 sections, 258x51x222-350 cm",Wardrobes,62416,2656.0,120,,"keeps clothes hung, folded and easy to find","bedroom, storage",Beds; Chests of drawers & drawer units,Ehlén Johansson,https://www.ikea.com/sa/en/p/elvarli-3-sections-white-s39157387/
59324385,"PLATSA - Storage comb w 6 doors+3 drawers, 420x42x241 cm",Wardrobes,73156,3113.0,120,,"keeps clothes hung, folded and easy to find","bedroom, storage",Beds; Chests of drawers & drawer units,Ola Wihlborg/IKEA of Sweden,https://www.ikea.com/sa/en/p/platsa-storage-comb-w-6-doors-3-drawers-white-fonnes-white-s59324385/
59286072,"PAX - Wardrobe, 150x60x236 cm",Wardrobes,39715,1690.0,120,,"keeps clothes hung, folded and easy to find","bedroom, storage",Beds; Chests of drawers & drawer units,IKEA of Sweden/Ehlén Johansson,https://www.ikea.com/sa/en/p/pax-wardrobe-black-brown-forsand-black-brown-stained-ash-effect-s59286072/
79217964,"PAX - Corner wardrobe, 160/111x236 cm",Wardrobes,71910,3060.0,120,,"keeps clothes hung, folded and easy to find","bedroom, storage",Beds; Chests of drawers & drawer units,Ehlén Johansson/IKEA of Sweden,https://www.ikea.com/sa/en/p/pax-corner-wardrobe-white-fardal-high-gloss-white-s79217964/
49305641,"PAX - Wardrobe, 200x66x236 cm",Wardrobes,93060,3960.0,120,,"keeps clothes hung, folded and easy to find","bedroom, storage",Beds; Chests of drawers & drawer units,IKEA of Sweden/Ehlén Johansson,https://www.ikea.com/sa/en/p/pax-wardrobe-white-mehamn-sekken-s49305641/
59300092,"PAX - Wardrobe, 200x60x236 cm",Wardrobes,69560,2960.0,120,,"keeps clothes hung, folded and easy to find","bedroom, storage",Beds; Chests of drawers & drawer units,IKEA of Sweden/Ehlén Johansson,https://www.ikea.com/sa/en/p/pax-wardrobe-black-brown-stained-ash-effect-repvag-black-brown-stained-oak-veneer-s59300092/
90421906,"BRYGGJA - Open wardrobe, 120x173 cm",Wardrobes,18682,795.0,120,,"keeps clothes hung, folded and easy to find","bedroom, storage",Beds; Chests of drawers & drawer units,Ola Wihlborg,https://www.ikea.com/sa/en/p/bryggja-open-wardrobe-dark-grey-90421906/
29320652,"PLATSA - Wall storage, 240x42x40 cm",Wardrobes,17108,728.0,120,,"keeps clothes hung, folded and easy to find","bedroom, storage",Beds; Chests of drawers & drawer units,IKEA of Sweden,https://www.ikea.com/sa/en/p/platsa-wall-storage-white-fonnes-white-s29320652/
29320732,"PAX / TYSSEDAL - Wardrobe combination, 150x60x236 cm",Wardrobes,74965,3190.0,120,,"keeps clothes hung, folded and easy to find","bedroom, storage",Beds; Chests of drawers & drawer units,IKEA of Sweden/Ola Wihlborg/Ehlén Johansson/Ebba Strandmark,https://www.ikea.com/sa/en/p/pax-tyssedal-wardrobe-combination-white-mirror-glass-s29320732/
19302998,"PLATSA - Wardrobe with 9 doors, 300x57x271 cm",Wardrobes,65800,2800.0,120,,"keeps clothes hung, folded and easy to find","bedroom, storage",Beds; Chests of drawers & drawer units,IKEA of Sweden/Ola Wihlborg,https://www.ikea.com/sa/en/p/platsa-wardrobe-with-9-doors-white-sannidal-white-s19302998/
39305868,"PAX - Wardrobe, 150x66x236 cm",Wardrobes,75834,3227.0,120,,"keeps clothes hung, folded and easy to find","bedroom, storage",Beds; Chests of drawers & drawer units,Ehlén Johansson/IKEA of Sweden,https://www.ikea.com/sa/en/p/pax-wardrobe-white-uggdal-grey-glass-s39305868/
79161617,"ELVARLI - 3 sections, 218x51x222-350 cm",Wardrobes,51136,2176.0,120,,"keeps clothes hung, folded and easy to find","bedroom, storage",Beds; Chests of drawers & drawer units,Ehlén Johansson,https://www.ikea.com/sa/en/p/elvarli-3-sections-white-bamboo-s79161617/
99180573,"PAX - Wardrobe, 150x66x236 cm",Wardrobes,50995,2170.0,120,,"keeps clothes hung, folded and easy to find","bedroom, storage",Beds; Chests of drawers & drawer units,Ehlén Johansson/IKEA of Sweden,https://www.ikea.com/sa/en/p/pax-wardrobe-black-brown-hasvik-high-gloss-white-s99180573/
9303941,"PAX - Wardrobe, 100x38x236 cm",Wardrobes,36308,1545.0,120,,"keeps clothes hung, folded and easy to find","bedroom, storage",Beds; Chests of drawers & drawer units,Ehlén Johansson/IKEA of Sweden,https://www.ikea.com/sa/en/p/pax-wardrobe-white-hamnas-black-blue-s09303941/
9325047,"PAX / TYSSEDAL - Wardrobe combination, 300x60x236 cm",Wardrobes,159918,6805.0,120,,"keeps clothes hung, folded and easy to find","bedroom, storage",Beds; Chests of drawers & drawer units,Ehlén Johansson/Ebba Strandmark/Ola Wihlborg/IKEA of Sweden,https://www.ikea.com/sa/en/p/pax-tyssedal-wardrobe-combination-white-white-s09325047/
9331109,"PAX - Corner wardrobe, 113/271/113x236 cm",Wardrobes,92472,3935.0,120,,"keeps clothes hung, folded and easy to find","bedroom, storage",Beds; Chests of drawers & drawer units,Ehlén Johansson/IKEA of Sweden,https://www.ikea.com/sa/en/p/pax-corner-wardrobe-white-s09331109/
99157370,"ELVARLI - 3 sections, 258x51x222-350 cm",Wardrobes,29258,1245.0,120,,"keeps clothes hung, folded and easy to find","bedroom, storage",Beds; Chests of drawers & drawer units,Ehlén Johansson,https://www.ikea.com/sa/en/p/elvarli-3-sections-white-s99157370/
59326469,"PLATSA - Wardrobe with 2 doors+3 drawers, 80x42x221 cm",Wardrobes,18448,785.0,120,,"keeps clothes hung, folded and easy to find","bedroom, storage",Beds; Chests of drawers & drawer units,Ola Wihlborg/IKEA of Sweden,https://www.ikea.com/sa/en/p/platsa-wardrobe-with-2-doors-3-drawers-white-fonnes-white-s59326469/
9296950,"PAX - Wardrobe, 150x44x236 cm",Wardrobes,45590,1940.0,120,,"keeps clothes hung, folded and easy to find","bedroom, storage",Beds; Chests of drawers & drawer units,Ehlén Johansson/IKEA of Sweden,https://www.ikea.com/sa/en/p/pax-wardrobe-white-sekken-frosted-glass-s09296950/
9324335,"PLATSA - Wardrobe with shoe shelves+2 doors, 115-140x42x241 cm",Wardrobes,16850,717.0,120,,"keeps clothes hung, folded and easy to find","bedroom, storage",Beds; Chests of drawers & drawer units,Ola Wihlborg/IKEA of Sweden,https://www.ikea.com/sa/en/p/platsa-wardrobe-with-shoe-shelves-2-doors-s09324335/
69330159,"PAX / AULI - Wardrobe combination, 150x66x236 cm",Wardrobes,52992,2255.0,120,,"keeps clothes hung, folded and easy to find","bedroom, storage",Beds; Chests of drawers & drawer units,Ehlén Johansson/IKEA of Sweden,https://www.ikea.com/sa/en/p/pax-auli-wardrobe-combination-brown-stained-ash-effect-mirror-glass-s69330159/
59157353,"ELVARLI - 1 section, 84x55x216 cm",Wardrobes,15933,678.0,120,,"keeps clothes hung, folded and easy to find","bedroom, storage",Beds; Chests of drawers & drawer units,IKEA of Sweden/Ehlén Johansson,https://www.ikea.com/sa/en/p/elvarli-1-section-white-s59157353/
79331870,"PAX / GRIMO/VIKEDAL - Corner wardrobe, 210/160x236 cm",Wardrobes,99405,4230.0,120,,"keeps clothes hung, folded and easy to find","bedroom, storage",Beds; Chests of drawers & drawer units,IKEA of Sweden/Ola Wihlborg/Ehlén Johansson,https://www.ikea.com/sa/en/p/pax-grimo-vikedal-corner-wardrobe-white-mirror-glass-s79331870/
89329536,"PAX / VIKEDAL - Wardrobe combination, 150x60x236 cm",Wardrobes,69090,2940.0,120,,"keeps clothes hung, folded and easy to find","bedroom, storage",Beds; Chests of drawers & drawer units,Ehlén Johansson/IKEA of Sweden,https://www.ikea.com/sa/en/p/pax-vikedal-wardrobe-combination-brown-stained-ash-effect-mirror-glass-s89329536/
99264964,"PAX - Wardrobe, 150x60x236 cm",Wardrobes,73085,3110.0,120,,"keeps clothes hung, folded and easy to find","bedroom, storage",Beds; Chests of drawers & drawer units,IKEA of Sweden/Ebba Strandmark/Ehlén Johansson,https://www.ikea.com/sa/en/p/pax-wardrobe-white-tyssedal-white-s99264964/
9025765,"PAX - Wardrobe, 150x44x236 cm",Wardrobes,49938,2125.0,120,,"keeps clothes hung, folded and easy to find","bedroom, storage",Beds; Chests of drawers & drawer units,Ehlén Johansson/IKEA of Sweden,https://www.ikea.com/sa/en/p/pax-wardrobe-white-auli-mirror-glass-s09025765/
9157529,"ELVARLI - 2 sections, 165x55x216 cm",Wardrobes,35673,1518.0,120,,"keeps clothes hung, folded and easy to find","bedroom, storage",Beds; Chests of drawers & drawer units,Ehlén Johansson/IKEA of Sweden,https://www.ikea.com/sa/en/p/elvarli-2-sections-white-bamboo-s09157529/
69030368,"PAX - Wardrobe, 150x60x236 cm",Wardrobes,69325,2950.0,120,,"keeps clothes hung, folded and easy to find","bedroom, storage",Beds; Chests of drawers & drawer units,IKEA of Sweden/Ehlén Johansson,https://www.ikea.com/sa/en/p/pax-wardrobe-white-vinterbro-white-s69030368/
69286910,"PAX - Wardrobe, 150x60x201 cm",Wardrobes,55930,2380.0,120,,"keeps clothes hung, folded and easy to find","bedroom, storage",Beds; Chests of drawers & drawer units,IKEA of Sweden/Ehlén Johansson,https://www.ikea.com/sa/en/p/pax-wardrobe-black-brown-forsand-black-brown-stained-ash-effect-s69286910/
69331074,"PAX - Corner wardrobe, 160/163x236 cm",Wardrobes,69208,2945.0,120,,"keeps clothes hung, folded and easy to find","bedroom, storage",Beds; Chests of drawers & drawer units,Ehlén Johansson/IKEA of Sweden,https://www.ikea.com/sa/en/p/pax-corner-wardrobe-white-s69331074/
89243929,"PAX - Wardrobe, 200x66x236 cm",Wardrobes,91298,3885.0,120,,"keeps clothes hung, folded and easy to find","bedroom, storage",Beds; Chests of drawers & drawer units,IKEA of Sweden/Andreas Fredriksson/Ehlén Johansson,https://www.ikea.com/sa/en/p/pax-wardrobe-white-fjellhamar-dark-bamboo-s89243929/
9247257,"PAX - Wardrobe, 200x66x236 cm",Wardrobes,91768,3905.0,120,,"keeps clothes hung, folded and easy to find","bedroom, storage",Beds; Chests of drawers & drawer units,IKEA of Sweden/Ehlén Johansson,https://www.ikea.com/sa/en/p/pax-wardrobe-brown-stained-ash-effect-uggdal-grey-glass-s09247257/
9300103,"PAX - Wardrobe, 200x60x236 cm",Wardrobes,82250,3500.0,120,,"keeps clothes hung, folded and easy to find","bedroom, storage",Beds; Chests of drawers & drawer units,Ebba Strandmark/Ehlén Johansson/IKEA of Sweden,https://www.ikea.com/sa/en/p/pax-wardrobe-white-tyssedal-glass-s09300103/
79305913,"PAX - Wardrobe, 200x66x236 cm",Wardrobes,98700,4200.0,120,,"keeps clothes hung, folded and easy to find","bedroom, storage",Beds; Chests of drawers & drawer units,IKEA of Sweden/Ehlén Johansson,https://www.ikea.com/sa/en/p/pax-wardrobe-white-hokksund-high-gloss-light-beige-s79305913/
79158144,"ELVARLI - 2 sections, 125x55x216 cm",Wardrobes,18189,774.0,120,,"keeps clothes hung, folded and easy to find","bedroom, storage",Beds; Chests of drawers & drawer units,Ehlén Johansson/IKEA of Sweden,https://www.ikea.com/sa/en/p/elvarli-2-sections-white-s79158144/
19158156,"ELVARLI - 2 sections, 135x51x222-350 cm",Wardrobes,33112,1409.0,120,,"keeps clothes hung, folded and easy to find","bedroom, storage",Beds; Chests of drawers & drawer units,Ehlén Johansson,https://www.ikea.com/sa/en/p/elvarli-2-sections-white-bamboo-s19158156/
39305707,"PAX - Wardrobe, 150x66x236 cm",Wardrobes,74307,3162.0,120,,"keeps clothes hung, folded and easy to find","bedroom, storage",Beds; Chests of drawers & drawer units,Ehlén Johansson/IKEA of Sweden,https://www.ikea.com/sa/en/p/pax-wardrobe-white-uggdal-grey-glass-s39305707/
79306333,"PAX - Wardrobe, 150x44x236 cm",Wardrobes,49938,2125.0,120,,"keeps clothes hung, folded and easy to find","bedroom, storage",Beds; Chests of drawers & drawer units,IKEA of Sweden/Ehlén Johansson,https://www.ikea.com/sa/en/p/pax-wardrobe-white-auli-mirror-glass-s79306333/
29304586,"PLATSA - Wardrobe w 10 doors, 380x42x221 cm",Wardrobes,31114,1324.0,120,,"keeps clothes hung, folded and easy to find","bedroom, storage",Beds; Chests of drawers & drawer units,IKEA of Sweden,https://www.ikea.com/sa/en/p/platsa-wardrobe-w-10-doors-fonnes-white-s29304586/
39221128,"PAX - Wardrobe, 200x66x236 cm",Wardrobes,88712,3775.0,120,,"keeps clothes hung, folded and easy to find","bedroom, storage",Beds; Chests of drawers & drawer units,IKEA of Sweden/Ehlén Johansson,https://www.ikea.com/sa/en/p/pax-wardrobe-white-hokksund-hokksund-high-gloss-light-beige-s39221128/
39264858,"PAX - Wardrobe, 150x66x236 cm",Wardrobes,75834,3227.0,120,,"keeps clothes hung, folded and easy to find","bedroom, storage",Beds; Chests of drawers & drawer units,Ehlén Johansson/IKEA of Sweden,https://www.ikea.com/sa/en/p/pax-wardrobe-white-uggdal-grey-glass-s39264858/
49325286,"PLATSA - Open shelving unit, 160x40x63 cm",Wardrobes,11797,502.0,120,,"keeps clothes hung, folded and easy to find","bedroom, storage",Beds; Chests of drawers & drawer units,Ola Wihlborg/IKEA of Sweden,https://www.ikea.com/sa/en/p/platsa-open-shelving-unit-white-s49325286/
59305725,"PAX - Wardrobe, 150x66x236 cm",Wardrobes,79759,3394.0,120,,"keeps clothes hung, folded and easy to find","bedroom, storage",Beds; Chests of drawers & drawer units,IKEA of Sweden/Ehlén Johansson,https://www.ikea.com/sa/en/p/pax-wardrobe-white-nykirke-frosted-glass-check-pattern-s59305725/
59330112,"PAX / AULI - Wardrobe combination, 150x44x236 cm",Wardrobes,45590,1940.0,120,,"keeps clothes hung, folded and easy to find","bedroom, storage",Beds; Chests of drawers & drawer units,IKEA of Sweden/Ehlén Johansson,https://www.ikea.com/sa/en/p/pax-auli-wardrobe-combination-white-mirror-glass-s59330112/
69219044,"PAX - Wardrobe, 150x66x236 cm",Wardrobes,56635,2410.0,120,,"keeps clothes hung, folded and easy to find","bedroom, storage",Beds; Chests of drawers & drawer units,Ehlén Johansson/IKEA of Sweden,https://www.ikea.com/sa/en/p/pax-wardrobe-white-hasvik-white-s69219044/
79266110,"STUVA / FRITIDS - Wardrobe with storage bench, 150x50x192 cm",Wardrobes,28788,1225.0,120,,"keeps clothes hung, folded and easy to find","bedroom, storage",Beds; Chests of drawers & drawer units,Ebba Strandmark/IKEA of Sweden,https://www.ikea.com/sa/en/p/stuva-fritids-wardrobe-with-storage-bench-white-light-pink-s79266110/
29324711,"PAX / GRIMO - Wardrobe combination, 100x60x201 cm",Wardrobes,41478,1765.0,120,,"keeps clothes hung, folded and easy to find","bedroom, storage",Beds; Chests of drawers & drawer units,Ehlén Johansson/Ola Wihlborg/IKEA of Sweden,https://www.ikea.com/sa/en/p/pax-grimo-wardrobe-combination-white-white-s29324711/
49188005,"ELVARLI - 3 sections, 205x55x216 cm",Wardrobes,38282,1629.0,120,,"keeps clothes hung, folded and easy to find","bedroom, storage",Beds; Chests of drawers & drawer units,Ehlén Johansson/IKEA of Sweden,https://www.ikea.com/sa/en/p/elvarli-3-sections-white-s49188005/
69157499,"ELVARLI - 2 sections, 125x55x126 cm",Wardrobes,30574,1301.0,120,,"keeps clothes hung, folded and easy to find","bedroom, storage",Beds; Chests of drawers & drawer units,IKEA of Sweden/Ehlén Johansson,https://www.ikea.com/sa/en/p/elvarli-2-sections-white-bamboo-s69157499/
89385612,"PAX / MEHAMN - Wardrobe combination, 200x44x236 cm",Wardrobes,69912,2975.0,120,,"keeps clothes hung, folded and easy to find","bedroom, storage",Beds; Chests of drawers & drawer units,Ehlén Johansson/IKEA of Sweden,https://www.ikea.com/sa/en/p/pax-mehamn-wardrobe-combination-white-white-stained-oak-effect-s89385612/
99304578,"PLATSA - Wardrobe with 2 doors+3 drawers, 300x57x241 cm",Wardrobes,42206,1796.0,120,,"keeps clothes hung, folded and easy to find","bedroom, storage",Beds; Chests of drawers & drawer units,IKEA of Sweden,https://www.ikea.com/sa/en/p/platsa-wardrobe-with-2-doors-3-drawers-fonnes-white-s99304578/
79157615,"ELVARLI - 1 section, 92x36x222-350 cm",Wardrobes,15275,650.0,120,,"keeps clothes hung, folded and easy to find","bedroom, storage",Beds; Chests of drawers & drawer units,Ehlén Johansson,https://www.ikea.com/sa/en/p/elvarli-1-section-white-s79157615/
49212067,"ELVARLI - 2 sections, 165x55x216 cm",Wardrobes,27754,1181.0,120,,"keeps clothes hung, folded and easy to find","bedroom, storage",Beds; Chests of drawers & drawer units,IKEA of Sweden/Ehlén Johansson,https://www.ikea.com/sa/en/p/elvarli-2-sections-white-s49212067/
9265053,"PAX - Wardrobe, 200x66x236 cm",Wardrobes,98700,4200.0,120,,"keeps clothes hung, folded and easy to find","bedroom, storage",Beds; Chests of drawers & drawer units,IKEA of Sweden/Ehlén Johansson,https://www.ikea.com/sa/en/p/pax-wardrobe-white-hokksund-high-gloss-light-beige-s09265053/
9324689,"PAX - Wardrobe combination, 150x58x201 cm",Wardrobes,59808,2545.0,120,,"keeps clothes hung, folded and easy to find","bedroom, storage",Beds; Chests of drawers & drawer units,IKEA of Sweden/Ola Wihlborg/Ehlén Johansson,https://www.ikea.com/sa/en/p/pax-wardrobe-combination-white-s09324689/
39325022,"PAX / GRIMO/VIKEDAL - Wardrobe combination, 200x60x236 cm",Wardrobes,92472,3935.0,120,,"keeps clothes hung, folded and easy to find","bedroom, storage",Beds; Chests of drawers & drawer units,Ola Wihlborg/Ehlén Johansson/IKEA of Sweden,https://www.ikea.com/sa/en/p/pax-grimo-vikedal-wardrobe-combination-white-mirror-glass-s39325022/
69303429,"PAX - Wardrobe, 150x66x236 cm",Wardrobes,74307,3162.0,120,,"keeps clothes hung, folded and easy to find","bedroom, storage",Beds; Chests of drawers & drawer units,Ehlén Johansson/IKEA of Sweden,https://www.ikea.com/sa/en/p/pax-wardrobe-white-uggdal-grey-glass-s69303429/
79276425,"PAX - Wardrobe, 200x60x236 cm",Wardrobes,99052,4215.0,120,,"keeps clothes hung, folded and easy to find","bedroom, storage",Beds; Chests of drawers & drawer units,IKEA of Sweden/Ehlén Johansson,https://www.ikea.com/sa/en/p/pax-wardrobe-white-hamnas-black-blue-s79276425/
89315153,"ELVARLI - 3 sections, 245x55x216 cm",Wardrobes,46295,1970.0,120,,"keeps clothes hung, folded and easy to find","bedroom, storage",Beds; Chests of drawers & drawer units,Ehlén Johansson/IKEA of Sweden,https://www.ikea.com/sa/en/p/elvarli-3-sections-white-bamboo-s89315153/
19127382,"PAX - Wardrobe, 150x66x236 cm",Wardrobes,61335,2610.0,120,,"keeps clothes hung, folded and easy to find","bedroom, storage",Beds; Chests of drawers & drawer units,Ehlén Johansson/IKEA of Sweden,https://www.ikea.com/sa/en/p/pax-wardrobe-white-auli-mirror-glass-s19127382/
19303498,"PAX - Wardrobe, 150x60x236 cm",Wardrobes,63215,2690.0,120,,"keeps clothes hung, folded and easy to find","bedroom, storage",Beds; Chests of drawers & drawer units,IKEA of Sweden/Ehlén Johansson,https://www.ikea.com/sa/en/p/pax-wardrobe-white-fardal-high-gloss-white-s19303498/
19305671,"PAX - Wardrobe, 150x66x236 cm",Wardrobes,73320,3120.0,120,,"keeps clothes hung, folded and easy to find","bedroom, storage",Beds; Chests of drawers & drawer units,IKEA of Sweden/Ehlén Johansson,https://www.ikea.com/sa/en/p/pax-wardrobe-white-hokksund-light-grey-s19305671/
19305906,"PAX - Wardrobe, 150x66x236 cm",Wardrobes,88360,3760.0,120,,"keeps clothes hung, folded and easy to find","bedroom, storage",Beds; Chests of drawers & drawer units,IKEA of Sweden/Ehlén Johansson,https://www.ikea.com/sa/en/p/pax-wardrobe-white-hokksund-high-gloss-light-beige-s19305906/
19306307,"PAX - Wardrobe, 200x66x236 cm",Wardrobes,91298,3885.0,120,,"keeps clothes hung, folded and easy to find","bedroom, storage",Beds; Chests of drawers & drawer units,IKEA of Sweden/Andreas Fredriksson/Ehlén Johansson,https://www.ikea.com/sa/en/p/pax-wardrobe-white-fjellhamar-dark-bamboo-s19306307/
39305873,"PAX - Wardrobe, 200x66x236 cm",Wardrobes,91768,3905.0,120,,"keeps clothes hung, folded and easy to find","bedroom, storage",Beds; Chests of drawers & drawer units,IKEA of Sweden/Ehlén Johansson,https://www.ikea.com/sa/en/p/pax-wardrobe-brown-stained-ash-effect-uggdal-grey-glass-s39305873/
49330749,"PAX / HASVIK - Wardrobe combination, 200x44x236 cm",Wardrobes,70265,2990.0,120,,"keeps clothes hung, folded and easy to find","bedroom, storage",Beds; Chests of drawers & drawer units,Ehlén Johansson/IKEA of Sweden,https://www.ikea.com/sa/en/p/pax-hasvik-wardrobe-combination-white-high-gloss-white-s49330749/
79330192,"PAX / SEKKEN - Wardrobe combination, 150x66x236 cm",Wardrobes,52992,2255.0,120,,"keeps clothes hung, folded and easy to find","bedroom, storage",Beds; Chests of drawers & drawer units,IKEA of Sweden/Ehlén Johansson,https://www.ikea.com/sa/en/p/pax-sekken-wardrobe-combination-white-frosted-glass-s79330192/
59158121,"ELVARLI - 1 section, 44x55x216 cm",Wardrobes,12196,519.0,120,,"keeps clothes hung, folded and easy to find","bedroom, storage",Beds; Chests of drawers & drawer units,Ehlén Johansson/IKEA of Sweden,https://www.ikea.com/sa/en/p/elvarli-1-section-white-s59158121/
29320911,"PAX / VINGROM - Wardrobe combination, 100x60x236 cm",Wardrobes,59338,2525.0,120,,"keeps clothes hung, folded and easy to find","bedroom, storage",Beds; Chests of drawers & drawer units,IKEA of Sweden/Ehlén Johansson,https://www.ikea.com/sa/en/p/pax-vingrom-wardrobe-combination-white-resjoen-white-s29320911/
39187822,"ELVARLI - 2 sections, 125x55x126 cm",Wardrobes,35132,1495.0,120,,"keeps clothes hung, folded and easy to find","bedroom, storage",Beds; Chests of drawers & drawer units,IKEA of Sweden/Ehlén Johansson,https://www.ikea.com/sa/en/p/elvarli-2-sections-white-bamboo-s39187822/
89157525,"ELVARLI - 2 sections, 165x55x126 cm",Wardrobes,26508,1128.0,120,,"keeps clothes hung, folded and easy to find","bedroom, storage",Beds; Chests of drawers & drawer units,IKEA of Sweden/Ehlén Johansson,https://www.ikea.com/sa/en/p/elvarli-2-sections-white-s89157525/
89158214,"ELVARLI - 2 sections, 165x55x216 cm",Wardrobes,37154,1581.0,120,,"keeps clothes hung, folded and easy to find","bedroom, storage",Beds; Chests of drawers & drawer units,Ehlén Johansson/IKEA of Sweden,https://www.ikea.com/sa/en/p/elvarli-2-sections-white-s89158214/
19306326,"PAX - Wardrobe, 150x66x236 cm",Wardrobes,61335,2610.0,120,,"keeps clothes hung, folded and easy to find","bedroom, storage",Beds; Chests of drawers & drawer units,IKEA of Sweden/Ehlén Johansson,https://www.ikea.com/sa/en/p/pax-wardrobe-white-auli-mirror-glass-s19306326/
49127917,"PAX - Wardrobe, 200x66x236 cm",Wardrobes,91062,3875.0,120,,"keeps clothes hung, folded and easy to find","bedroom, storage",Beds; Chests of drawers & drawer units,IKEA of Sweden/Ehlén Johansson,https://www.ikea.com/sa/en/p/pax-wardrobe-white-uggdal-faervik-s49127917/
99157577,"ELVARLI - 3 sections, 165x55x216 cm",Wardrobes,48739,2074.0,120,,"keeps clothes hung, folded and easy to find","bedroom, storage",Beds; Chests of drawers & drawer units,IKEA of Sweden/Ehlén Johansson,https://www.ikea.com/sa/en/p/elvarli-3-sections-white-s99157577/
99276491,"PAX - Wardrobe, 150x60x236 cm",Wardrobes,86362,3675.0,120,,"keeps clothes hung, folded and easy to find","bedroom, storage",Beds; Chests of drawers & drawer units,Ehlén Johansson/IKEA of Sweden,https://www.ikea.com/sa/en/p/pax-wardrobe-white-flornes-dark-grey-s99276491/
99330515,"PAX / FÄRVIK/AULI - Wardrobe combination, 200x44x236 cm",Wardrobes,74142,3155.0,120,,"keeps clothes hung, folded and easy to find","bedroom, storage",Beds; Chests of drawers & drawer units,IKEA of Sweden/Ehlén Johansson,https://www.ikea.com/sa/en/p/pax-faervik-auli-wardrobe-combination-white-white-glass-mirror-glass-s99330515/
69325214,"PLATSA - Wardrobe with 7 doors+6 drawers, 300x42x201 cm",Wardrobes,52781,2246.0,120,,"keeps clothes hung, folded and easy to find","bedroom, storage",Beds; Chests of drawers & drawer units,Ola Wihlborg/IKEA of Sweden,https://www.ikea.com/sa/en/p/platsa-wardrobe-with-7-doors-6-drawers-white-fonnes-white-s69325214/
89243335,"PAX - Wardrobe, 150x66x236 cm",Wardrobes,73202,3115.0,120,,"keeps clothes hung, folded and easy to find","bedroom, storage",Beds; Chests of drawers & drawer units,Ehlén Johansson/Andreas Fredriksson/IKEA of Sweden,https://www.ikea.com/sa/en/p/pax-wardrobe-white-fjellhamar-light-bamboo-s89243335/
39330735,"PAX / MEHAMN/SEKKEN - Wardrobe combination, 150x66x236 cm",Wardrobes,46530,1980.0,120,,"keeps clothes hung, folded and easy to find","bedroom, storage",Beds; Chests of drawers & drawer units,IKEA of Sweden/Ehlén Johansson,https://www.ikea.com/sa/en/p/pax-mehamn-sekken-wardrobe-combination-black-brown-frosted-glass-s39330735/
9305836,"PAX - Wardrobe, 200x66x236 cm",Wardrobes,91062,3875.0,120,,"keeps clothes hung, folded and easy to find","bedroom, storage",Beds; Chests of drawers & drawer units,IKEA of Sweden/Ehlén Johansson,https://www.ikea.com/sa/en/p/pax-wardrobe-white-uggdal-faervik-s09305836/
19305534,"PLATSA - Wardrobe with 5 doors+3 drawers, 175-205x42x321 cm",Wardrobes,41959,1785.5,120,,"keeps clothes hung, folded and easy to find","bedroom, storage",Beds; Chests of drawers & drawer units,Ola Wihlborg/IKEA of Sweden,https://www.ikea.com/sa/en/p/platsa-wardrobe-with-5-doors-3-drawers-white-fonnes-white-s19305534/
29306302,"PAX - Wardrobe, 150x66x236 cm",Wardrobes,73202,3115.0,120,,"keeps clothes hung, folded and easy to find","bedroom, storage",Beds; Chests of drawers & drawer units,IKEA of Sweden/Ehlén Johansson/Andreas Fredriksson,https://www.ikea.com/sa/en/p/pax-wardrobe-white-fjellhamar-light-bamboo-s29306302/
59324248,"PAX - Wardrobe combination, 150x58x236 cm",Wardrobes,63685,2710.0,120,,"keeps clothes hung, folded and easy to find","bedroom, storage",Beds; Chests of drawers & drawer units,IKEA of Sweden/Ehlén Johansson/Ola Wihlborg,https://www.ikea.com/sa/en/p/pax-wardrobe-combination-white-s59324248/
89329560,"PAX / VINTERBRO - Wardrobe combination, 200x38x236 cm",Wardrobes,103165,4390.0,120,,"keeps clothes hung, folded and easy to find","bedroom, storage",Beds; Chests of drawers & drawer units,Ehlén Johansson/IKEA of Sweden,https://www.ikea.com/sa/en/p/pax-vinterbro-wardrobe-combination-white-s89329560/
9187809,"ELVARLI - 3 sections, 258x51x222-350 cm",Wardrobes,91956,3913.0,120,,"keeps clothes hung, folded and easy to find","bedroom, storage",Beds; Chests of drawers & drawer units,Ehlén Johansson,https://www.ikea.com/sa/en/p/elvarli-3-sections-white-s09187809/
29306217,"PAX - Wardrobe, 150x66x236 cm",Wardrobes,71792,3055.0,120,,"keeps clothes hung, folded and easy to find","bedroom, storage",Beds; Chests of drawers & drawer units,Ehlén Johansson/IKEA of Sweden,https://www.ikea.com/sa/en/p/pax-wardrobe-black-brown-faervik-white-glass-s29306217/
49157546,"ELVARLI - 3 sections, 178x51x222-350 cm",Wardrobes,45261,1926.0,120,,"keeps clothes hung, folded and easy to find","bedroom, storage",Beds; Chests of drawers & drawer units,Ehlén Johansson,https://www.ikea.com/sa/en/p/elvarli-3-sections-white-s49157546/
59157555,"ELVARLI - 3 sections, 165x55x216 cm",Wardrobes,36143,1538.0,120,,"keeps clothes hung, folded and easy to find","bedroom, storage",Beds; Chests of drawers & drawer units,Ehlén Johansson/IKEA of Sweden,https://www.ikea.com/sa/en/p/elvarli-3-sections-white-s59157555/
59264843,"PAX - Wardrobe, 150x66x236 cm",Wardrobes,88360,3760.0,120,,"keeps clothes hung, folded and easy to find","bedroom, storage",Beds; Chests of drawers & drawer units,IKEA of Sweden/Ehlén Johansson,https://www.ikea.com/sa/en/p/pax-wardrobe-white-hokksund-high-gloss-light-beige-s59264843/
79157601,"ELVARLI - 4 sections, 262x51x222-350 cm",Wardrobes,67962,2892.0,120,,"keeps clothes hung, folded and easy to find","bedroom, storage",Beds; Chests of drawers & drawer units,Ehlén Johansson,https://www.ikea.com/sa/en/p/elvarli-4-sections-white-s79157601/
89025790,"PAX - Wardrobe, 150x66x236 cm",Wardrobes,71792,3055.0,120,,"keeps clothes hung, folded and easy to find","bedroom, storage",Beds; Chests of drawers & drawer units,Ehlén Johansson/IKEA of Sweden,https://www.ikea.com/sa/en/p/pax-wardrobe-black-brown-faervik-white-glass-s89025790/
29324320,"PLATSA - Wardrobe with 6 drawers, 140x42x241 cm",Wardrobes,37741,1606.0,120,,"keeps clothes hung, folded and easy to find","bedroom, storage",Beds; Chests of drawers & drawer units,IKEA of Sweden/Ola Wihlborg,https://www.ikea.com/sa/en/p/platsa-wardrobe-with-6-drawers-white-fonnes-white-s29324320/
19157897,"ELVARLI - 2 sections, 92/92x222-350 cm",Wardrobes,28811,1226.0,120,,"keeps clothes hung, folded and easy to find","bedroom, storage",Beds; Chests of drawers & drawer units,Ehlén Johansson,https://www.ikea.com/sa/en/p/elvarli-2-sections-white-s19157897/
19315156,"ELVARLI - 3 sections, 205x55x216 cm",Wardrobes,41290,1757.0,120,,"keeps clothes hung, folded and easy to find","bedroom, storage",Beds; Chests of drawers & drawer units,Ehlén Johansson/IKEA of Sweden,https://www.ikea.com/sa/en/p/elvarli-3-sections-white-s19315156/
19385677,"PAX - Wardrobe combination, 150x58x236 cm",Wardrobes,58868,2505.0,120,,"keeps clothes hung, folded and easy to find","bedroom, storage",Beds; Chests of drawers & drawer units,Ehlén Johansson/Ola Wihlborg/IKEA of Sweden,https://www.ikea.com/sa/en/p/pax-wardrobe-combination-white-s19385677/
39329299,"PAX / FORSAND/VIKEDAL - Wardrobe combination, 75x60x201 cm",Wardrobes,29610,1260.0,120,,"keeps clothes hung, folded and easy to find","bedroom, storage",Beds; Chests of drawers & drawer units,Ehlén Johansson/IKEA of Sweden,https://www.ikea.com/sa/en/p/pax-forsand-vikedal-wardrobe-combination-white-mirror-glass-s39329299/
49157565,"ELVARLI - 2 sections, 165x55x216 cm",Wardrobes,29258,1245.0,120,,"keeps clothes hung, folded and easy to find","bedroom, storage",Beds; Chests of drawers & drawer units,Ehlén Johansson/IKEA of Sweden,https://www.ikea.com/sa/en/p/elvarli-2-sections-white-s49157565/
59324936,"PAX / FORSAND - Wardrobe combination, 100x60x236 cm",Wardrobes,49350,2100.0,120,,"keeps clothes hung, folded and easy to find","bedroom, storage",Beds; Chests of drawers & drawer units,IKEA of Sweden/Ehlén Johansson,https://www.ikea.com/sa/en/p/pax-forsand-wardrobe-combination-black-brown-black-brown-stained-ash-effect-s59324936/
69330475,"PAX / HOKKSUND - Wardrobe combination, 150x66x236 cm",Wardrobes,93648,3985.0,120,,"keeps clothes hung, folded and easy to find","bedroom, storage",Beds; Chests of drawers & drawer units,IKEA of Sweden/Ehlén Johansson,https://www.ikea.com/sa/en/p/pax-hokksund-wardrobe-combination-black-brown-high-gloss-light-beige-s69330475/
79302995,"ELVARLI - 2 sections, 175x51x222-350 cm",Wardrobes,37858,1611.0,120,,"keeps clothes hung, folded and easy to find","bedroom, storage",Beds; Chests of drawers & drawer units,Ehlén Johansson,https://www.ikea.com/sa/en/p/elvarli-2-sections-white-s79302995/
89330653,"PAX / MEHAMN/AULI - Wardrobe combination, 200x66x236 cm",Wardrobes,48058,2045.0,120,,"keeps clothes hung, folded and easy to find","bedroom, storage",Beds; Chests of drawers & drawer units,IKEA of Sweden/Ehlén Johansson,https://www.ikea.com/sa/en/p/pax-mehamn-auli-wardrobe-combination-black-brown-mirror-glass-s89330653/
99157902,"ELVARLI - 1 section, 92x51x222-350 cm",Wardrobes,17625,750.0,120,,"keeps clothes hung, folded and easy to find","bedroom, storage",Beds; Chests of drawers & drawer units,Ehlén Johansson,https://www.ikea.com/sa/en/p/elvarli-1-section-white-s99157902/
9158152,"ELVARLI - 2 sections, 135x51x222-350 cm",Wardrobes,36942,1572.0,120,,"keeps clothes hung, folded and easy to find","bedroom, storage",Beds; Chests of drawers & drawer units,Ehlén Johansson,https://www.ikea.com/sa/en/p/elvarli-2-sections-white-s09158152/
59157541,"ELVARLI - 2 sections, 175x51x222-350 cm",Wardrobes,21714,924.0,120,,"keeps clothes hung, folded and easy to find","bedroom, storage",Beds; Chests of drawers & drawer units,Ehlén Johansson,https://www.ikea.com/sa/en/p/elvarli-2-sections-white-s59157541/
89157573,"ELVARLI - 3 sections, 178x51x222-350 cm",Wardrobes,64508,2745.0,120,,"keeps clothes hung, folded and easy to find","bedroom, storage",Beds; Chests of drawers & drawer units,Ehlén Johansson,https://www.ikea.com/sa/en/p/elvarli-3-sections-white-s89157573/
